gbifID,dynamicProperties,sex,lifeStage,occurrenceRemarks,eventDate,year,continent,countryCode,stateProvince,verbatimLocality,decimalLatitude,decimalLongitude,dateIdentified,taxonID
891133763,,,Adult,,2010-03-19,2010,ASIA,IN,Madhya Pradesh,"Madhya Pradesh, IN",22.279322,80.794905,2013-03-23 14:45:26,130793
891090763,,Female,Adult,"2/3 Just look into my eyes - hypnotic! One of Machli's daughters - Sundari (T-17), looking directly at me through my lens. News - she was spotted with 3 new cubs on Friday morning, 29th June, 2012. Ranthambore National Park, Rajasthan, India.",2012-03-30 7:06,2012,ASIA,IN,Rajasthan,"Sawai Madhopur, IN-RJ, IN",26.141612,76.579006,2012-07-26 14:40:48,130793
891090761,"{""evidenceOfPresence"":""organism""}",Male,Adult,"T24, mature male, leaves his early morning bath. Peahens in the background, plus an Indian Pond Heron taking flight above the tiger's tail. Open jeep/gypsy - ca. 30m, 300mm lens. Ranthambore National Park, Rajasthan, India.",2012-03-30 2:54,2012,ASIA,IN,Rajasthan,"Sawai Madhopur, IN-RJ, IN",26.070456,76.435718,2012-07-26 14:40:52,130793
891090756,"{""evidenceOfPresence"":""organism""}",Female,Adult,"Here's one of the famous documentary star Machli, aka 'The Lady of the Lake' and the 'Crocodile Killer is the most photographed wild tiger in the world. At 16 years old, she's Ranthambore's oldest tiger, but with just half a canine left, she may not survive much longer in the wild. Ranthambore National Park, Rajasthan, India.",2012-03-30 11:38,2012,ASIA,IN,Rajasthan,"Sawai Madhopur, IN-RJ, IN",26.086677,76.453471,2012-07-26 14:40:54,130793
891090750,"{""evidenceOfPresence"":""organism""}",Female,Adult,"Tigress Omarpani walks a whisker too close for the fixed focal length lens to frame her. Open jeep/gypsy - 7.9m, 300mm lens. Kanha National Park, Madhya Pradesh.",2012-03-22 11:34,2012,ASIA,IN,Madhya Pradesh,"Madhya Pradesh, IN",22.272353,80.557574,2012-07-26 14:40:43,130793
891090744,"{""evidenceOfPresence"":""organism""}",Female,Adult,"1/3 Sundari takes a brief rest, deciding what she'll do next. Her belly shows a hint of the 3 cubs she's carrying. Ranthambore National Park, Rajasthan, India.",2012-03-31 7:14,2012,ASIA,IN,Rajasthan,"Sawai Madhopur, IN-RJ, IN",26.156464,76.437501,2012-07-26 14:40:36,130793
891090735,,Male,Adult,"Munna, a 10 year old male, takes a rest in the shade. Elephant back, 7.9m, 135mm lens. Kanha National Park, Madhya Pradesh, india.",2012-03-25 8:59,2012,ASIA,IN,Madhya Pradesh,"Madhya Pradesh, IN",22.247561,80.529767,2012-07-26 14:40:48,130793
891090732,,Female,Adult,"Unnamed young female. Open jeep/gypsy - ca. 200m, 300mm lens + X1.7 teleconverter= 500mm . — at Kanha National Park, Madhya Pradesh.",2012-03-23 11:49,2012,ASIA,IN,Madhya Pradesh,"Madhya Pradesh, IN",22.372436,80.428882,2012-07-26 14:40:44,130793
891090722,,Female,Adult,"The lovely young female, Omarpani, resting in tall grass. Elephant back, 7.9m, 250mm lens",2012-03-22 4:17,2012,ASIA,IN,Madhya Pradesh,"Madhya Pradesh, IN",22.286437,80.548531,2012-07-26 14:40:40,130793
891090702,,,,"These territorial scratch marks were made some 3m up the trunk of this tree. Tigers have claws that are up to 12cm (5 inches) long, plus scent glands between their toes.",2012-03-18 16:37,2012,ASIA,IN,Madhya Pradesh,"Madhya Pradesh, IN",22.377871,80.506919,2012-07-26 14:40:45,130793
891090664,"{""evidenceOfPresence"":""organism""}",Male,Adult,"Munna feasts on Spotted Deer for breakfast. Elephant back. Kanha National Park, Madhya Pradesh, India.",2012-03-20 7:47,2012,ASIA,IN,Madhya Pradesh,"Madhya Pradesh, IN",22.369661,80.551424,2012-07-26 14:40:44,130793
891039412,,,Adult,"Descansando, indiferente a los turistas del jeep y de los buses. Poco emocionante.",2013-04-05,2013,ASIA,IN,Rajasthan,"Sawai Madhopur, IN-RJ, IN",26.106381,76.476529,2014-10-09 15:33:44,130793
6147681429,,,,,2025-11-01 12:06,2025,ASIA,IN,Rajasthan,"Sawai Madhopur, IN-RJ, IN",26.025496,76.509145,2026-02-03 17:47:25,130793
6147592661,,,,,2025-10-27 16:23,2025,ASIA,IN,Madhya Pradesh,"Madhya Pradesh, IN",22.33717,80.644426,2026-02-06 19:51:25,130793
6147563185,,,,,2026-02-03 6:59,2026,ASIA,IN,Madhya Pradesh,"Madhya Pradesh, IN",21.648333,79.226634,2026-02-03 6:58:50,130793
6147287138,"{""evidenceOfPresence"":""organism""}",,Adult,,2026-02-05 12:42,2026,ASIA,IN,Rajasthan,"Rajasthan, IN",25.937367,76.588517,2026-02-05 13:20:23,130793
6147241659,"{""evidenceOfPresence"":""organism""}",,Juvenile,,2025-06-12 11:45:35,2025,ASIA,IN,Maharashtra,"Yavatmal, IN-MH, IN",19.811433,78.52071,2026-02-03 6:39:45,130793
6133478261,,,Juvenile,,2025-10-25 17:23,2025,ASIA,IN,Madhya Pradesh,"Umaria, IN-MP, IN",23.760709,80.867516,2026-01-30 11:07:46,130793
6133427227,"{""evidenceOfPresence"":[""organism"",""track""]}",Female,Adult,,2026-01-23 8:05,2026,ASIA,IN,Uttarakhand,"Uttarakhand, IN",29.40322,78.970087,2026-02-01 11:53:59,130793
6133158758,,,,"Arrowhead tigress, seen twice at very close range. Chital and langurs found her for us. With some anticipation and our drivers mad skills, we got the jeep into prime position in front of everyone else both times. She has three cubs but we did not see them. She had not been seen in Zone 3 in over a week meaning there was a high chance she would be in the accessible part of the zone on her territory patrol rounds today, which is why we chose this zone instead of the nine other options.",2019-03-20 7:33:24,2019,ASIA,IN,Rajasthan,"Sawai Madhopur, IN-RJ, IN",26.153828,76.50389,2026-01-30 23:48:08,130793
6133135016,"{""evidenceOfPresence"":""organism""}",Female,,,2025-10-25 9:11,2025,ASIA,IN,Madhya Pradesh,"Umaria, IN-MP, IN",23.790899,80.82517,2026-01-30 11:09:28,130793
6133109451,"{""evidenceOfPresence"":""organism""}",,,,2025-10-25 16:55,2025,ASIA,IN,Madhya Pradesh,"Umaria, IN-MP, IN",23.652639,80.959207,2026-01-30 11:08:40,130793
6133073032,,Female,Adult,,2026-01-23 10:37,2026,ASIA,IN,Uttar Pradesh,"Uttar Pradesh, IN",29.527521,78.981379,2026-01-27 14:43:43,130793
6131683306,,,,,2025-10-24 6:34,2025,ASIA,IN,Madhya Pradesh,"Madhya Pradesh, IN",23.643504,81.176252,2026-01-23 20:42:25,130793
6131583034,,,,,2026-01-13 7:25,2026,ASIA,IN,Madhya Pradesh,"Madhya Pradesh, IN",23.491274,81.122702,2026-01-13 12:21:44,130793
6131424750,"{""evidenceOfPresence"":""organism""}",,Adult,,2026-01-08 10:59,2026,ASIA,IN,Uttar Pradesh,"Uttar Pradesh, IN",28.588554,80.733238,2026-01-08 18:32:15,130793
6131279089,"{""evidenceOfPresence"":""organism""}",Male,Adult,,2026-01-08 8:03:31,2026,ASIA,IN,Rajasthan,"Sawai Madhopur, IN-RJ, IN",26.14698,76.411308,2026-01-09 14:53:59,130793
6131193752,"{""evidenceOfPresence"":""organism""}",Female,,,2025-11-24 15:23:57,2025,ASIA,IN,Uttar Pradesh,"Uttar Pradesh, IN",29.557393,78.920905,2026-01-25 22:29:27,130793
6131150823,"{""evidenceOfPresence"":""organism""}",Female,Adult,,2026-01-08 10:37,2026,ASIA,IN,Uttar Pradesh,"Uttar Pradesh, IN",28.583373,80.716785,2026-01-08 18:32:15,130793
6131035511,,,,,2025-10-24 6:46,2025,ASIA,IN,Madhya Pradesh,"Madhya Pradesh, IN",23.682139,81.03144,2026-01-23 20:42:39,130793
6130982000,"{""evidenceOfPresence"":""organism""}",,Juvenile,At mayudia pass,2026-01-18 18:25,2026,ASIA,IN,Arunachal Pradesh,"Lower Dibang Valley, IN-AR, IN",28.262061,95.951691,2026-01-19 10:28:47,130793
6130951394,"{""evidenceOfPresence"":""organism""}",,Juvenile,,2024-11-15 7:23:38,2024,ASIA,IN,Madhya Pradesh,"Madhya Pradesh, IN",22.521078,78.224997,2026-01-07 10:00:41,130793
6130916304,"{""evidenceOfPresence"":""track""}",,,,2026-01-21 1:12,2026,ASIA,IN,Uttarakhand,"Nainital, IN-UT, IN",29.231303,79.101998,2026-01-20 20:25:34,41967
6130780674,"{""evidenceOfPresence"":""organism""}",,Adult,,2025-12-23 16:44,2025,ASIA,IN,Madhya Pradesh,"Panna, IN-MP, IN",24.693767,80.151345,2026-01-07 16:29:03,130793
6130770962,"{""evidenceOfPresence"":""organism""}",,Adult,,2026-01-25 10:15:06,2026,ASIA,IN,Madhya Pradesh,"Madhya Pradesh, IN",23.203479,77.209529,2026-01-25 16:17:34,130793
6130656658,"{""evidenceOfPresence"":""organism""}",Male,Adult,"Large male, was with a female but they got separated when a guar bull charged them!",2025-12-16 7:52,2025,ASIA,IN,Madhya Pradesh,"Umaria, IN-MP, IN",23.616956,80.994734,2026-01-18 19:57:51,130793
6130607942,"{""evidenceOfPresence"":""organism""}",Female,,,2025-03-10 7:46,2025,ASIA,IN,Rajasthan,"Rajasthan, IN",25.846988,76.499899,2026-01-21 16:00:30,130793
6130593628,,,,,2026-01-08 17:13:19,2026,ASIA,IN,Rajasthan,"Sawai Madhopur, IN-RJ, IN",26.158722,76.437852,2026-01-08 14:40:16,130793
6130518869,,Male,Adult,,2026-01-02 18:20:39,2026,ASIA,IN,Uttar Pradesh,"Pilibhit, IN-UP, IN",28.512564,79.849762,2026-01-12 23:24:17,130793
6130383240,"{""evidenceOfPresence"":""organism""}",,Adult,,2025-10-23 15:10,2025,ASIA,IN,Madhya Pradesh,"Madhya Pradesh, IN",23.765914,81.178181,2026-01-15 23:11:15,130793
6130146930,,,,,2026-01-17 14:52:13,2026,ASIA,IN,Uttarakhand,"Nainital, IN-UT, IN",29.220251,79.057611,2026-01-20 7:09:29,41967
6130097645,,,,,2026-01-11 22:17:01,2026,ASIA,IN,Madhya Pradesh,"Madhya Pradesh, IN",23.489009,81.01441,2026-01-17 17:35:37,130793
6130062293,,Female,Adult,,2026-01-11 7:33,2026,ASIA,IN,Madhya Pradesh,"Hoshangabad, IN-MP, IN",22.41689,78.161214,2026-01-15 16:06:29,130793
6129906979,,Female,,,2025-10-24 16:18,2025,ASIA,IN,Madhya Pradesh,"Madhya Pradesh, IN",23.615277,81.075792,2026-01-24 0:00:50,130793
6129888200,"{""evidenceOfPresence"":""organism""}",,Juvenile,,2025-10-24 16:14,2025,ASIA,IN,Madhya Pradesh,"Madhya Pradesh, IN",23.682508,81.037076,2026-01-24 0:01:00,130793
5938676306,"{""evidenceOfPresence"":""organism""}",,,,2025-12-30 14:50:26,2025,ASIA,IN,Maharashtra,"Wardha, IN-MH, IN",20.972688,78.700943,2025-12-30 15:05:26,130793
5938498689,,,,,2025-12-08 9:46,2025,ASIA,IN,Maharashtra,"Maharashtra, IN",21.693073,79.269654,2026-01-01 20:09:54,130793
5938481771,,,,,2025-05-27 15:04,2025,ASIA,IN,Madhya Pradesh,"Madhya Pradesh, IN",21.612171,79.341498,2026-01-03 11:59:27,130793
5938452334,,,,,2025-12-18 16:43:07,2025,ASIA,IN,Rajasthan,"Sawai Madhopur, IN-RJ, IN",26.118698,76.464437,2025-12-30 5:12:43,130793
5938402756,"{""evidenceOfPresence"":""organism""}",,Adult,"The first time I took out the camera in 2026, it was for this! A glimpse of the guardian! :) The pictures aren't the best due to the tiger being far away and the fog, but I love how nice they still have turned out to be!",2026-01-03 12:40,2026,ASIA,IN,Uttar Pradesh,"Uttar Pradesh, IN",28.437124,80.73231,2026-01-03 17:37:20,130793
5938379497,,,,,2021-12-17 16:47:48,2021,ASIA,IN,Rajasthan,"Sawai Madhopur, IN-RJ, IN",25.91608,76.588293,2025-12-31 10:33:30,130793
5938146094,"{""evidenceOfPresence"":""organism""}",Female,Adult,"Ranthambore NP, India, Zone 1. Noori (T-39), age 9, Mother of 3 cubs in 2021. Known for presence in Zone 2.",2025-11-28 3:29,2025,ASIA,IN,Rajasthan,"Rajasthan, IN",25.928419,76.483223,2026-01-05 0:34:47,130793
5938099395,,,,,2025-12-18 16:25:58,2025,ASIA,IN,Rajasthan,"Sawai Madhopur, IN-RJ, IN",26.193564,76.445519,2025-12-20 18:25:22,130793
5938098365,,,,,2023-10-28 12:17:03,2023,ASIA,IN,Rajasthan,"Rajasthan, IN",25.841179,76.472038,2025-12-31 10:34:11,130793
5938076398,,Female,Adult,,2026-01-02 10:27,2026,ASIA,IN,Rajasthan,India,27.075696,74.266941,2026-01-03 11:44:14,130793
5936405893,,,,,2025-12-19 9:06:17,2025,ASIA,IN,Rajasthan,"Sawai Madhopur, IN-RJ, IN",26.131966,76.455299,2025-12-20 18:33:28,130793
5936400150,,,,,2025-12-19 9:09,2025,ASIA,IN,Rajasthan,"Sawai Madhopur, IN-RJ, IN",26.008583,76.42861,2025-12-21 3:27:49,130793
5936393658,"{""evidenceOfPresence"":""organism""}",,,,2025-12-19 9:05:59,2025,ASIA,IN,Rajasthan,"Sawai Madhopur, IN-RJ, IN",26.078146,76.469344,2025-12-20 18:33:19,130793
5936383844,,,,,2025-12-18 16:28:22,2025,ASIA,IN,Rajasthan,"Sawai Madhopur, IN-RJ, IN",26.065796,76.449156,2025-12-20 18:26:13,130793
5936374165,,,,,2025-12-19 8:48:35,2025,ASIA,IN,Rajasthan,"Sawai Madhopur, IN-RJ, IN",26.008645,76.536343,2025-12-20 18:30:54,130793
5936363448,,,,,2025-12-18 16:09:21,2025,ASIA,IN,Rajasthan,"Sawai Madhopur, IN-RJ, IN",26.121838,76.593688,2025-12-20 18:25:13,130793
5936352424,,,,,2025-12-18 16:42,2025,ASIA,IN,Rajasthan,"Sawai Madhopur, IN-RJ, IN",26.117096,76.458663,2025-12-20 10:31:14,130793
5936332353,"{""evidenceOfPresence"":""organism""}",Female,Adult,,2025-09-12 20:09:10,2025,ASIA,IN,Karnataka,"Karnataka, IN",12.017269,76.188285,2025-12-28 20:12:56,130793
5936330743,,,,,2025-12-19 8:47:12,2025,ASIA,IN,Rajasthan,"Sawai Madhopur, IN-RJ, IN",26.105522,76.521087,2025-12-20 18:30:27,130793
5936303130,,,,,2025-12-19 9:02:19,2025,ASIA,IN,Rajasthan,"Sawai Madhopur, IN-RJ, IN",26.089919,76.4982,2025-12-20 18:31:53,130793
5936287577,"{""evidenceOfPresence"":""organism""}",,,,2025-12-19 9:03:41,2025,ASIA,IN,Rajasthan,"Sawai Madhopur, IN-RJ, IN",26.09816,76.537017,2025-12-20 18:32:30,130793
5936281394,,,,Sultana tigress,2025-12-19 8:49:12,2025,ASIA,IN,Rajasthan,"Sawai Madhopur, IN-RJ, IN",26.159858,76.46117,2025-12-20 18:31:24,130793
5936245568,"{""evidenceOfPresence"":""organism""}",Male,Adult,Male,2025-11-09 8:49,2025,ASIA,IN,Madhya Pradesh,"Madhya Pradesh, IN",22.355013,80.526278,2025-12-28 18:54:44,130793
5936241846,,,,,2025-12-19 8:47:41,2025,ASIA,IN,Rajasthan,"Sawai Madhopur, IN-RJ, IN",26.060744,76.48681,2025-12-20 18:30:36,130793
5936233476,"{""evidenceOfPresence"":""hair""}",Female,Adult,,2025-11-08 16:57,2025,ASIA,IN,Madhya Pradesh,"Madhya Pradesh, IN",22.39034,80.529037,2025-12-20 0:48:52,130793
5936207677,,,,,2025-12-18 16:41:46,2025,ASIA,IN,Rajasthan,"Sawai Madhopur, IN-RJ, IN",26.040764,76.595066,2025-12-20 10:31:03,130793
5936197609,,,,,2025-12-19 9:42:28,2025,ASIA,IN,Rajasthan,"Sawai Madhopur, IN-RJ, IN",26.086699,76.551633,2025-12-20 10:44:59,130793
5936178207,,,,,2025-12-19 9:08:05,2025,ASIA,IN,Rajasthan,"Sawai Madhopur, IN-RJ, IN",26.006774,76.486799,2025-12-21 1:44:37,130793
5936126354,,,,,2025-12-19 9:41:03,2025,ASIA,IN,Rajasthan,"Sawai Madhopur, IN-RJ, IN",26.148049,76.505679,2025-12-20 10:44:09,130793
5936122804,,,,,2025-12-19 9:05:28,2025,ASIA,IN,Rajasthan,"Sawai Madhopur, IN-RJ, IN",26.011948,76.468027,2025-12-20 18:33:10,130793
5936115451,"{""evidenceOfPresence"":""organism""}",Male,Juvenile,,2025-12-19 9:10:15,2025,ASIA,IN,Rajasthan,"Sawai Madhopur, IN-RJ, IN",26.010673,76.512773,2025-12-21 3:34:02,130793
5936115384,,,,,2025-12-18 16:06:55,2025,ASIA,IN,Rajasthan,"Sawai Madhopur, IN-RJ, IN",26.036169,76.476857,2025-12-20 18:24:16,130793
5936109985,,,,T-2011 male,2025-12-19 9:04:47,2025,ASIA,IN,Rajasthan,"Sawai Madhopur, IN-RJ, IN",26.10316,76.425343,2025-12-20 18:32:50,130793
5936085213,,,,,2025-12-19 9:05:16,2025,ASIA,IN,Rajasthan,"Sawai Madhopur, IN-RJ, IN",26.038243,76.436169,2025-12-20 18:33:00,130793
5936083369,,Male,Adult,,2025-11-01 15:15,2025,ASIA,IN,Maharashtra,"Chandrapur, IN-MH, IN",20.281469,79.347097,2025-12-21 22:08:09,130793
5936083208,,,,,2025-12-19 9:01:20,2025,ASIA,IN,Rajasthan,"Sawai Madhopur, IN-RJ, IN",26.034154,76.556786,2025-12-20 18:31:44,130793
5936079950,,,,,2025-12-18 16:42:19,2025,ASIA,IN,Rajasthan,"Sawai Madhopur, IN-RJ, IN",26.167661,76.436822,2025-12-20 10:31:24,130793
5936055417,,,,,2025-12-18 16:08:22,2025,ASIA,IN,Rajasthan,"Sawai Madhopur, IN-RJ, IN",26.160646,76.519308,2025-12-20 18:24:57,130793
5936051590,,,,,2025-12-19 9:09:59,2025,ASIA,IN,Rajasthan,"Sawai Madhopur, IN-RJ, IN",26.173408,76.471695,2025-12-21 3:27:03,130793
5936050728,"{""evidenceOfPresence"":""organism""}",Female,Adult,,2025-12-18 16:46:49,2025,ASIA,IN,Rajasthan,"Sawai Madhopur, IN-RJ, IN",26.025858,76.575864,2025-12-20 10:33:33,130793
5936022026,,,,,2025-12-19 9:10:55,2025,ASIA,IN,Rajasthan,"Sawai Madhopur, IN-RJ, IN",26.135396,76.57699,2025-12-21 3:33:08,130793
5936021853,,,,,2025-12-18 16:42:30,2025,ASIA,IN,Rajasthan,"Sawai Madhopur, IN-RJ, IN",26.007257,76.513622,2025-12-20 10:31:37,130793
5935978126,,,,,2025-12-18 16:27:39,2025,ASIA,IN,Rajasthan,"Sawai Madhopur, IN-RJ, IN",26.184894,76.421697,2025-12-20 18:25:56,130793
5935952485,,,,,2025-12-18 16:49,2025,ASIA,IN,Rajasthan,"Sawai Madhopur, IN-RJ, IN",26.142744,76.52444,2025-12-21 4:22:38,130793
5935904159,,,,"from a jeep in the Park, with Rita, Dan Singer, Steve Bailey. This adult was lying in the creek during a hot day",2001-03-23,2001,ASIA,IN,Rajasthan,"Sawai Madhopur, IN-RJ, IN",26.124769,76.439618,2025-12-20 0:52:09,130793
5935894504,,,,,2025-12-19 8:48:05,2025,ASIA,IN,Rajasthan,"Sawai Madhopur, IN-RJ, IN",26.035768,76.533567,2025-12-20 18:30:45,130793
5935820311,,,,,2025-12-18 16:46:23,2025,ASIA,IN,Rajasthan,"Sawai Madhopur, IN-RJ, IN",26.099537,76.483029,2025-12-20 10:32:49,130793
5935819778,,,,,2025-12-18 16:27:16,2025,ASIA,IN,Rajasthan,"Sawai Madhopur, IN-RJ, IN",26.07478,76.593099,2025-12-20 18:25:47,130793
5935803540,"{""evidenceOfPresence"":""organism""}",,,,2025-12-19 8:49:01,2025,ASIA,IN,Rajasthan,"Sawai Madhopur, IN-RJ, IN",26.059948,76.594627,2025-12-20 18:31:12,130793
5935759744,,,,,2025-12-19 9:54:20,2025,ASIA,IN,Rajasthan,"Sawai Madhopur, IN-RJ, IN",26.007735,76.478157,2025-12-20 10:46:05,130793
5935717849,,,,,2025-12-23 17:20:35,2025,ASIA,IN,Uttarakhand,"Uttarakhand, IN",29.401886,79.01471,2025-12-29 10:57:32,130793
5935716614,,,,,2025-12-19 9:13:22,2025,ASIA,IN,Rajasthan,"Sawai Madhopur, IN-RJ, IN",26.034326,76.45353,2025-12-20 10:41:02,130793
5935708864,,,,,2025-12-19 9:40:48,2025,ASIA,IN,Rajasthan,"Sawai Madhopur, IN-RJ, IN",26.197023,76.576323,2025-12-20 10:43:57,130793
5935703687,,,,,2025-12-18 16:27:03,2025,ASIA,IN,Rajasthan,"Sawai Madhopur, IN-RJ, IN",26.113421,76.466452,2025-12-20 18:25:37,130793
5935697354,,,,,2025-12-19 9:09:45,2025,ASIA,IN,Rajasthan,"Sawai Madhopur, IN-RJ, IN",26.002308,76.467231,2025-12-21 3:27:27,130793
5935689894,,,,,2025-12-18 16:44:43,2025,ASIA,IN,Rajasthan,"Sawai Madhopur, IN-RJ, IN",26.132682,76.566624,2025-12-20 10:32:41,130793
5935657683,,,,,2025-12-19 9:53:52,2025,ASIA,IN,Rajasthan,"Sawai Madhopur, IN-RJ, IN",26.17485,76.42899,2025-12-22 20:24:20,130793
5935636862,,,,,2025-12-19 9:44:55,2025,ASIA,IN,Rajasthan,"Sawai Madhopur, IN-RJ, IN",26.000766,76.495997,2025-12-20 12:35:39,130793
5935600971,,,,,2025-12-18 16:48:48,2025,ASIA,IN,Rajasthan,"Sawai Madhopur, IN-RJ, IN",26.166766,76.482726,2025-12-22 20:20:31,130793
5935571463,,,,,2025-12-19 9:03:01,2025,ASIA,IN,Rajasthan,"Sawai Madhopur, IN-RJ, IN",26.046574,76.507682,2025-12-20 18:32:20,130793
5935569878,"{""evidenceOfPresence"":""track""}",,,,2004-12-16 21:33,2004,ASIA,IN,Rajasthan,"Rajasthan, IN",27.149602,77.451351,2026-01-05 18:29:16,130793
5935542919,,,,,2025-12-18 16:44:15,2025,ASIA,IN,Rajasthan,"Sawai Madhopur, IN-RJ, IN",26.062209,76.43597,2025-12-20 10:32:22,130793
5935523530,,,,,2025-12-19 9:14:01,2025,ASIA,IN,Rajasthan,"Sawai Madhopur, IN-RJ, IN",26.160223,76.544791,2025-12-20 10:41:12,130793
5935515425,,,,,2025-12-18 16:43:21,2025,ASIA,IN,Rajasthan,"Sawai Madhopur, IN-RJ, IN",26.041647,76.518465,2025-12-20 12:46:11,130793
5935481437,,,,,2025-12-19 8:48:47,2025,ASIA,IN,Rajasthan,"Sawai Madhopur, IN-RJ, IN",26.110378,76.538303,2025-12-20 18:31:04,130793
5935464872,,,,,2025-12-18 16:49:33,2025,ASIA,IN,Rajasthan,"Sawai Madhopur, IN-RJ, IN",26.129961,76.505338,2025-12-20 10:34:14,130793
5935464341,"{""evidenceOfPresence"":""organism""}",Female,,,2025-12-18 16:30:05,2025,ASIA,IN,Rajasthan,"Sawai Madhopur, IN-RJ, IN",26.145354,76.578065,2025-12-20 18:26:35,130793
5935425523,,,,,2025-12-19 9:04:06,2025,ASIA,IN,Rajasthan,"Sawai Madhopur, IN-RJ, IN",26.050022,76.437571,2025-12-20 18:32:41,130793
5935416087,,,,,2025-11-09 16:17,2025,ASIA,IN,Madhya Pradesh,"Madhya Pradesh, IN",22.300548,80.475871,2025-12-28 18:54:54,130793
5935405017,,,,,2025-12-19 9:02:32,2025,ASIA,IN,Rajasthan,"Sawai Madhopur, IN-RJ, IN",26.039192,76.442024,2025-12-20 18:32:02,130793
5935375661,,,,,2025-12-19 9:39:09,2025,ASIA,IN,Rajasthan,"Sawai Madhopur, IN-RJ, IN",26.051101,76.482752,2025-12-20 10:43:32,130793
5935368946,,,,,2025-12-19 9:01:04,2025,ASIA,IN,Rajasthan,"Sawai Madhopur, IN-RJ, IN",26.001184,76.423473,2025-12-20 18:31:34,130793
5935368945,,,,,2025-12-18 16:27:57,2025,ASIA,IN,Rajasthan,"Sawai Madhopur, IN-RJ, IN",26.19505,76.587683,2025-12-20 18:26:05,130793
5935363212,,,,,2025-12-19 9:07:10,2025,ASIA,IN,Rajasthan,"Sawai Madhopur, IN-RJ, IN",26.180354,76.429134,2025-12-20 18:33:38,130793
5935362514,,,,,2025-12-19 9:40:32,2025,ASIA,IN,Rajasthan,"Sawai Madhopur, IN-RJ, IN",26.13735,76.529612,2025-12-20 10:43:43,130793
5935360791,,,,,2025-12-18 16:43:44,2025,ASIA,IN,Rajasthan,"Sawai Madhopur, IN-RJ, IN",26.024908,76.460434,2025-12-20 10:32:14,130793
5935355760,,,,T M,2025-12-19 9:38:44,2025,ASIA,IN,Rajasthan,"Sawai Madhopur, IN-RJ, IN",26.068698,76.569587,2025-12-20 10:43:20,130793
5935350339,,,,,2025-12-19 9:07:42,2025,ASIA,IN,Rajasthan,"Sawai Madhopur, IN-RJ, IN",26.188957,76.44359,2025-12-21 1:42:39,130793
5935342890,,,,,2025-12-19 9:53:33,2025,ASIA,IN,Rajasthan,"Sawai Madhopur, IN-RJ, IN",26.019476,76.421604,2025-12-20 10:45:41,130793
5935342793,,,,Tiger bros - Riddhi's sons,2025-12-19 9:52:55,2025,ASIA,IN,Rajasthan,"Sawai Madhopur, IN-RJ, IN",26.044022,76.471109,2025-12-20 10:45:25,130793
5935304219,,,,,2025-12-19 9:09:27,2025,ASIA,IN,Rajasthan,"Sawai Madhopur, IN-RJ, IN",26.101866,76.440742,2025-12-21 3:27:36,130793
5935300422,,,,,2025-12-18 16:07:29,2025,ASIA,IN,Rajasthan,"Sawai Madhopur, IN-RJ, IN",26.164775,76.570087,2025-12-20 18:24:32,130793
5935285211,,,,,2025-12-18 16:07:57,2025,ASIA,IN,Rajasthan,"Sawai Madhopur, IN-RJ, IN",26.133041,76.435931,2025-12-20 18:24:48,130793
5935278932,,,,,2025-12-19 9:02:44,2025,ASIA,IN,Rajasthan,"Sawai Madhopur, IN-RJ, IN",26.106434,76.408185,2025-12-20 18:32:11,130793
5935249296,,,,,2025-12-19 9:11:56,2025,ASIA,IN,Rajasthan,"Sawai Madhopur, IN-RJ, IN",26.079196,76.447181,2025-12-20 12:38:42,130793
5935237726,"{""evidenceOfPresence"":""organism""}",Female,Adult,,2025-12-18 16:50:32,2025,ASIA,IN,Rajasthan,"Sawai Madhopur, IN-RJ, IN",26.130825,76.494,2025-12-20 10:34:27,130793
5935212914,,,,,2025-12-18 16:29:43,2025,ASIA,IN,Rajasthan,"Sawai Madhopur, IN-RJ, IN",26.021689,76.454243,2025-12-20 18:26:26,130793
5935212507,,,,,2010-02-20 4:13,2010,ASIA,IN,Rajasthan,"Rajasthan, IN",25.902323,76.47766,2025-12-19 5:37:55,130793
5935183401,,,,,2025-12-18 16:30:20,2025,ASIA,IN,Rajasthan,"Sawai Madhopur, IN-RJ, IN",26.135518,76.532424,2025-12-20 18:26:44,130793
5935177215,,,,,2025-12-18 16:41:11,2025,ASIA,IN,Rajasthan,"Sawai Madhopur, IN-RJ, IN",26.005287,76.444278,2025-12-20 10:30:43,130793
5932707799,"{""evidenceOfPresence"":""organism""}",Female,Adult,T 82,2025-11-01 10:08,2025,ASIA,IN,Maharashtra,"Chandrapur, IN-MH, IN",20.362888,79.313947,2025-12-10 22:32:18,130793
5932559396,,Male,Juvenile,Same individual as : https://www.inaturalist.org/observations/330700534. A 2 years male.,2025-11-28 10:23,2025,ASIA,IN,Rajasthan,"Sawai Madhopur, IN-RJ, IN",26.176237,76.595994,2025-12-14 13:39:15,130793
5932557888,,Male,Adult,T 178,2025-11-01 10:02,2025,ASIA,IN,Maharashtra,"Chandrapur, IN-MH, IN",20.241057,79.37108,2025-12-10 22:32:18,130793
5932373960,,,,,2025-11-29 10:02,2025,ASIA,IN,Rajasthan,"Sawai Madhopur, IN-RJ, IN",26.023032,76.454103,2025-12-14 11:48:00,130793
5932368840,,Female,Adult,T 184,2025-11-01 7:44,2025,ASIA,IN,Maharashtra,"Chandrapur, IN-MH, IN",20.299899,79.291389,2025-12-10 21:58:38,130793
5932292844,"{""evidenceOfPresence"":""organism""}",Female,Adult,,2025-11-26 15:57:43,2025,ASIA,IN,Uttar Pradesh,"Uttar Pradesh, IN",28.423657,80.718782,2025-12-09 21:47:46,130793
5932279981,,Male,Juvenile,Same individual as : https://www.inaturalist.org/observations/330713332. A 2 years male.,2025-11-28 15:27,2025,ASIA,IN,Rajasthan,"Sawai Madhopur, IN-RJ, IN",26.153481,76.539654,2025-12-14 11:44:10,130793
5932255792,,,,,2025-04-17 16:31:06,2025,ASIA,IN,Rajasthan,"Rajasthan, IN",27.31097,76.261159,2025-12-12 16:16:07,130793
5920329995,"{""evidenceOfPresence"":""organism""}",,Adult,,2024-06-03 13:07,2024,ASIA,IN,Uttarakhand,"Uttarakhand, IN",29.574314,78.977178,2025-12-06 20:13:02,130793
5920248865,"{""evidenceOfPresence"":""organism""}",,,,2025-11-06 10:23,2025,ASIA,IN,Madhya Pradesh,"Madhya Pradesh, IN",21.645115,79.32541,2025-12-08 1:45:08,130793
5920238249,"{""evidenceOfPresence"":""organism""}",Male,,,2025-12-07 16:28:21,2025,ASIA,IN,Madhya Pradesh,"Madhya Pradesh, IN",22.368234,80.526598,2025-12-08 5:30:45,130793
5920208393,"{""evidenceOfPresence"":""organism""}",,,,2013-01-04 15:57,2013,ASIA,IN,Maharashtra,"Chandrapur, IN-MH, IN",20.377958,79.256934,2025-12-08 20:43:24,130793
5920145684,"{""evidenceOfPresence"":""organism""}",,Adult,,2023-11-15 10:24,2023,ASIA,IN,Madhya Pradesh,"Madhya Pradesh, IN",22.194507,80.357371,2025-12-05 14:29:18,130793
5920090546,"{""evidenceOfPresence"":""organism""}",Male,,,2012-12-27 16:36,2012,ASIA,IN,Madhya Pradesh,"Madhya Pradesh, IN",23.67391,81.16045,2025-12-04 21:10:38,130793
5920056037,,,,,2023-04-25 1:07:25,2023,ASIA,IN,Rajasthan,"Sawai Madhopur, IN-RJ, IN",26.181586,76.497543,2025-12-07 8:53:26,130793
5920030809,,,,Saddhi in Zone 5 of Ranthambore NP.,2025-11-28 19:32,2025,ASIA,IN,Rajasthan,"Sawai Madhopur, IN-RJ, IN",26.076215,76.472976,2025-12-04 14:12:05,130793
5909326955,,,,,2023-12-09 1:14,2023,ASIA,IN,Rajasthan,"Sawai Madhopur, IN-RJ, IN",26.142986,76.517883,2025-11-26 0:00:21,130793
5909286697,,,,,2025-03-29 16:53,2025,ASIA,IN,Maharashtra,"Maharashtra, IN",20.859333,79.475091,2025-12-02 20:12:00,130793
5909286537,,,,,2025-03-09 16:25:37,2025,ASIA,IN,Uttarakhand,"Uttarakhand, IN",29.419694,78.896938,2025-11-27 3:41:18,41967
5909274310,,Female,Adult,,2025-11-27 17:28:17,2025,ASIA,IN,Madhya Pradesh,"Madhya Pradesh, IN",22.40992,77.862941,2025-11-27 14:22:41,130793
5909170040,,,,,2025-11-27 8:21:04,2025,ASIA,IN,Rajasthan,"Sawai Madhopur, IN-RJ, IN",26.118229,76.405724,2025-12-03 6:34:55,130793
5909123586,,,,,2025-01-27 7:48:26,2025,ASIA,IN,Rajasthan,"Rajasthan, IN",25.805839,76.53545,2025-11-29 11:21:47,130793
5909100768,,,,,2024-09-22 9:15:34,2024,ASIA,IN,Maharashtra,"Chandrapur, IN-MH, IN",20.126603,79.200898,2025-11-28 16:09:00,130793
5909054703,,,,,2025-11-26 15:51:34,2025,ASIA,IN,Uttar Pradesh,"Uttar Pradesh, IN",28.514141,80.694332,2025-11-27 4:45:08,130793
5909012306,,,,,2025-03-29 6:38,2025,ASIA,IN,Maharashtra,"Maharashtra, IN",20.970723,79.485943,2025-12-02 20:11:48,130793
5908991507,,Female,Adult,,2025-12-03 8:58:55,2025,ASIA,IN,Uttar Pradesh,"Uttar Pradesh, IN",29.570089,78.955314,2025-12-03 15:42:29,130793
5908958894,,,,,2025-01-25 14:45:10,2025,ASIA,IN,Rajasthan,"Rajasthan, IN",25.806422,76.401796,2025-11-29 19:30:57,130793
5908931330,,,,Pench Natl Park,2025-11-02 20:18,2025,ASIA,IN,Madhya Pradesh,"Madhya Pradesh, IN",21.668222,79.316982,2025-11-28 15:33:13,130793
5908872004,,,,,2025-11-24 15:24:02,2025,ASIA,IN,Uttarakhand,"Uttarakhand, IN",29.283188,79.056196,2025-11-26 14:02:30,130793
5908836656,"{""evidenceOfPresence"":""organism""}",,Adult,Tiger is in the process of asphyxiating a Chital or Spotted Deer.,2015-06-03,2015,ASIA,IN,Uttarakhand,"Uttarakhand, IN",29.456952,78.846819,2025-11-25 22:19:38,130793
5908831787,,,,Dominant male known as L-Mark because of L-shaped mark on his head,2025-11-04 15:36,2025,ASIA,IN,Madhya Pradesh,"Madhya Pradesh, IN",21.69562,79.239666,2025-12-02 23:25:41,130793
5908798103,,,,Entrance from Turia Gate,2025-11-05 7:51,2025,ASIA,IN,Madhya Pradesh,"Madhya Pradesh, IN",21.646871,79.337131,2025-12-02 23:38:48,130793
5908648444,,,,Golden Tiger,2025-11-28 16:10,2025,ASIA,IN,Assam,"Assam, IN",26.682871,93.303608,2025-12-03 10:05:57,130793
5903955410,,,,Bengal Tiger,2023-12-01 20:09,2023,ASIA,IN,Maharashtra,"Chandrapur, IN-MH, IN",20.285815,79.295408,2025-11-21 14:50:22,130793
5903809956,"{""evidenceOfPresence"":""organism""}",,,,2025-11-22 13:29,2025,ASIA,IN,Madhya Pradesh,"Madhya Pradesh, IN",23.297507,77.275188,2025-11-23 8:06:58,130793
5903711600,"{""evidenceOfPresence"":""organism""}",,,,2008-10-27,2008,ASIA,IN,Madhya Pradesh,"Madhya Pradesh, IN",23.74418,81.128219,2025-11-24 21:40:57,130793
5897869363,"{""evidenceOfPresence"":""track""}",,,,2021-03-13 12:34:31,2021,ASIA,IN,Assam,"Assam, IN",26.752804,91.049325,2025-03-07 19:39:52,41967
5897665165,,,,scanned slides,2001-04-13,2001,ASIA,IN,Rajasthan,"Sawai Madhopur, IN-RJ, IN",26.119349,76.418692,2025-11-13 18:29:55,130793
5897586543,"{""evidenceOfPresence"":""organism""}",,Adult,"Panthera tigris ssp. tigris, Tadoba National Park, India",2025-04-15 7:52,2025,ASIA,IN,Maharashtra,"Chandrapur, IN-MH, IN",20.305693,79.374851,2025-11-14 1:45:53,130793
5897454703,,,,,2025-11-15 9:32:24,2025,ASIA,IN,Maharashtra,"Chandrapur, IN-MH, IN",20.285011,79.314914,2025-11-16 5:14:15,130793
5897321972,,,,,2025-11-15 6:40:16,2025,ASIA,IN,Maharashtra,"Chandrapur, IN-MH, IN",20.070583,79.535502,2025-11-16 15:42:22,130793
5897215116,"{""evidenceOfPresence"":""organism""}",,,,2023-11-30 20:42:09,2023,ASIA,IN,Rajasthan,"Sawai Madhopur, IN-RJ, IN",26.019791,76.496208,2025-11-18 4:19:22,130793
5897178143,,,,,2019-06-03 7:33,2019,ASIA,IN,Madhya Pradesh,"Madhya Pradesh, IN",22.357281,80.483925,2025-11-15 16:31:36,130793
5897096099,"{""evidenceOfPresence"":""organism""}",Female,Adult,,2025-10-16 10:43:22,2025,ASIA,IN,Maharashtra,"Chandrapur, IN-MH, IN",20.247108,79.505701,2025-11-19 11:47:51,130793
5892681062,,,,,2025-01-02 14:48:54,2025,ASIA,IN,Maharashtra,"Chandrapur, IN-MH, IN",20.376296,79.385442,2025-11-10 16:43:40,130793
5892514335,,,,Ridhhi with 3 cubs @ Raj bagh zone 3,2024-06-02 13:53:54,2024,ASIA,IN,Rajasthan,"Sawai Madhopur, IN-RJ, IN",26.157497,76.539618,2025-11-11 20:58:55,130793
5890256843,,,,"Panthera tigris ssp. tigris, Tadoba National Park, India",2025-04-14 7:38,2025,ASIA,IN,Maharashtra,"Chandrapur, IN-MH, IN",20.279204,79.338647,2025-10-28 15:14:16,130793
5890190315,,,,,2017-10-28 20:28,2017,ASIA,IN,Maharashtra,"Wardha, IN-MH, IN",20.972983,78.716509,2025-10-28 15:23:03,130793
5890136147,"{""evidenceOfPresence"":""organism""}",,,,2025-10-27 8:35:47,2025,ASIA,IN,Maharashtra,"Chandrapur, IN-MH, IN",20.017801,79.598722,2025-10-31 13:00:25,130793
5889994981,"{""evidenceOfPresence"":""organism""}",,,,2023-11-05 9:07:51,2023,ASIA,IN,Maharashtra,"Chandrapur, IN-MH, IN",20.373096,79.211771,2025-10-28 15:58:00,130793
5889681489,"{""evidenceOfPresence"":""organism""}",,,,2025-10-15 7:28:40,2025,ASIA,IN,Madhya Pradesh,"Madhya Pradesh, IN",21.766424,79.358655,2025-10-25 2:23:16,130793
5889478955,"{""evidenceOfPresence"":""organism""}",Indeterminate,Juvenile,,2016-12-17 22:28,2016,ASIA,IN,Maharashtra,"Wardha, IN-MH, IN",20.813693,78.628212,2025-10-24 23:56:44,130793
5889429676,,,,,2025-10-15 7:39:08,2025,ASIA,IN,Madhya Pradesh,"Madhya Pradesh, IN",21.63832,79.308387,2025-10-25 2:22:43,130793
5889357834,"{""evidenceOfPresence"":""organism""}",,,India,2014-03-06 8:09,2014,ASIA,IN,Madhya Pradesh,"Madhya Pradesh, IN",22.326064,80.422947,2025-10-31 12:33:33,130793
5889349962,"{""evidenceOfPresence"":""organism""}",,,,2025-10-27 7:22:14,2025,ASIA,IN,Maharashtra,"Chandrapur, IN-MH, IN",20.367099,79.246105,2025-10-31 12:59:58,130793
5889303636,"{""evidenceOfPresence"":""organism""}",,Adult,,2025-07-21 6:46:30,2025,ASIA,IN,Rajasthan,"Sawai Madhopur, IN-RJ, IN",26.187474,76.518321,2025-10-23 3:09:26,130793
5868401246,,,,,2025-10-14 17:53,2025,ASIA,IN,Maharashtra,"Chandrapur, IN-MH, IN",20.219537,79.372489,2025-10-15 13:32:12,130793
5868116994,"{""evidenceOfPresence"":""track""}",,,,2022-11-29 15:03:18,2022,ASIA,IN,Rajasthan,"Rajasthan, IN",25.814671,76.225044,2025-10-17 14:12:34,41967
5868099569,,,,,2022-05-01 16:30,2022,ASIA,IN,Maharashtra,India,21.710889,79.221827,2025-10-21 7:13:17,130793
5867787196,"{""evidenceOfPresence"":""organism""}",,,,2025-10-16 7:49,2025,ASIA,IN,Maharashtra,"Chandrapur, IN-MH, IN",20.137454,79.313515,2025-10-18 20:15:31,130793
5867778768,,,,,2025-10-18 7:59:28,2025,ASIA,IN,Rajasthan,"Sawai Madhopur, IN-RJ, IN",26.188509,76.523646,2025-10-18 6:07:28,130793
5844201273,,,,"Panthera tigris ssp. tigris, Tadoba National Park, India",2025-04-13 7:23,2025,ASIA,IN,Maharashtra,"Chandrapur, IN-MH, IN",20.269985,79.397803,2025-10-09 18:15:12,130793
5844107205,,,,,2025-10-11 15:47:02,2025,ASIA,IN,Rajasthan,"Sawai Madhopur, IN-RJ, IN",26.154306,76.559894,2025-10-14 17:58:16,130793
5840271944,"{""evidenceOfPresence"":""organism""}",,,Roar,2022-03-26 7:19,2022,ASIA,IN,Maharashtra,"Chandrapur, IN-MH, IN",20.324398,79.223075,2025-10-02 13:39:29,130793
5840131318,"{""evidenceOfPresence"":""organism""}",,Adult,,2025-10-04 8:56:57,2025,ASIA,IN,Karnataka,"Karnataka, IN",11.828194,76.269014,2025-10-04 7:10:10,130793
5839963599,"{""evidenceOfPresence"":""organism""}",,,Roar,2022-03-26 7:19,2022,ASIA,IN,Maharashtra,"Chandrapur, IN-MH, IN",20.380081,79.303013,2025-10-02 13:39:29,130793
5838381655,,,,Jharni With 3 Cubs,2022-03-01 9:00,2022,ASIA,IN,Maharashtra,"Chandrapur, IN-MH, IN",20.383938,79.338682,2025-09-26 16:21:02,130793
5838290117,,,,1 of the 3 Cub of Jharni,2022-03-01 9:00,2022,ASIA,IN,Maharashtra,"Chandrapur, IN-MH, IN",20.340422,79.390146,2025-09-26 16:21:02,130793
5838280728,"{""evidenceOfPresence"":""organism""}",,Adult,Legendry Maya With Her Cubs Named Meera Female (Died in Clash with Bison while Hunting) and Surya Male Famous Father of 5 Cubs of Him & Fairy of Gonthangaon.,2019-05-21 16:30,2019,ASIA,IN,Maharashtra,"Chandrapur, IN-MH, IN",20.26736,79.364766,2025-09-24 16:03:19,130793
5838271310,,,,1 of the 3 Cub of Jharni,2022-03-01 9:00,2022,ASIA,IN,Maharashtra,"Chandrapur, IN-MH, IN",20.30604,79.30122,2025-09-26 16:21:03,130793
5838181823,,,,,2025-07-02 16:33,2025,ASIA,IN,Karnataka,"Karnataka, IN",11.923044,76.037498,2025-09-24 12:36:26,130793
5838106949,"{""evidenceOfPresence"":""organism""}",,,"Panthera tigris ssp. tigris, Kanha National Park, India",2025-04-12 8:33,2025,ASIA,IN,Madhya Pradesh,"Madhya Pradesh, IN",22.215454,80.411924,2025-10-01 3:16:36,130793
5837983289,,,,One of The Cub From Famous 4 Cubs Of Kon Patil Female From Sirkada Zone,2019-05-20 16:00,2019,ASIA,IN,Maharashtra,"Chandrapur, IN-MH, IN",20.388648,79.285599,2025-09-24 16:03:23,130793
5837960440,,,,One Cub From Duo of Jai & Veeru when Both Were Alive,2019-06-21 10:00,2019,ASIA,IN,Rajasthan,"Rajasthan, IN",25.928645,76.52406,2025-09-24 14:43:12,130793
5837879148,,,,1 of the 3 Cub of Jharni,2022-03-01 9:00,2022,ASIA,IN,Maharashtra,"Chandrapur, IN-MH, IN",20.338915,79.333345,2025-09-26 16:21:03,130793
5837808175,"{""evidenceOfPresence"":""organism""}",Male,Adult,,2025-08-26 11:24:58,2025,ASIA,IN,Uttarakhand,"Uttarakhand, IN",29.468715,79.133039,2025-09-24 5:08:26,130793
5837637127,,,,Kumbha,2019-06-21 8:05,2019,ASIA,IN,Rajasthan,"Rajasthan, IN",25.813478,76.545534,2025-09-24 14:43:11,130793
5830661313,"{""evidenceOfPresence"":""organism""}",,,,2019-01-15 5:32,2019,ASIA,IN,Maharashtra,"Chandrapur, IN-MH, IN",20.306448,79.391307,2025-08-25 15:25:40,130793
5830539395,,,,,2019-05-09,2019,ASIA,IN,Karnataka,India,11.769397,76.675194,2025-09-19 12:09:55,130793
5830478409,,,,,2025-04-15 9:50,2025,ASIA,IN,Rajasthan,"Rajasthan, IN",25.924533,76.490797,2025-09-23 1:51:03,130793
5828928626,"{""evidenceOfPresence"":""organism""}",Female,Adult,,2025-09-12 6:44:03,2025,ASIA,IN,Karnataka,"Karnataka, IN",12.146645,76.05955,2025-09-12 13:19:58,130793
5828868754,"{""evidenceOfPresence"":""organism""}",,Adult,,2023-04-19 15:50,2023,ASIA,IN,Assam,"Assam, IN",26.482723,92.973492,2025-09-04 14:21:21,130793
5828789025,,,,,2016-05-16 7:27,2016,ASIA,IN,Rajasthan,"Sawai Madhopur, IN-RJ, IN",26.166064,76.441309,2022-05-24 1:57:24,130793
5828749693,"{""evidenceOfPresence"":""organism""}",,Adult,,2025-08-18 15:52,2025,ASIA,IN,Maharashtra,"Chandrapur, IN-MH, IN",20.269339,79.377262,2025-09-15 16:43:18,130793
5828496987,"{""evidenceOfPresence"":""organism""}",Female,Adult,Kativa,2025-05-30 17:27:32,2025,ASIA,IN,Madhya Pradesh,"Umaria, IN-MP, IN",23.747315,80.823014,2025-05-30 18:00:47,130793
5828443607,"{""evidenceOfPresence"":""track""}",,,,2025-07-12 13:36:02,2025,ASIA,IN,Karnataka,"Karnataka, IN",11.84625,75.875766,2025-09-04 14:22:37,130793
5828428017,"{""evidenceOfPresence"":""organism""}",,Adult,,2025-05-31 5:41:56,2025,ASIA,IN,Madhya Pradesh,"Umaria, IN-MP, IN",23.769902,80.956698,2025-05-31 13:23:36,130793
5828370856,"{""evidenceOfPresence"":""scat""}",,,,2025-08-30 15:56:22,2025,ASIA,IN,Tamil Nadu,"Tamil Nadu, IN",11.230277,76.471327,2025-09-04 14:21:34,130793
5828285498,,,,,2016-05-15 18:01,2016,ASIA,IN,Rajasthan,"Sawai Madhopur, IN-RJ, IN",26.083014,76.555612,2022-05-24 1:57:42,130793
5827669295,,,,,2022-03-20 1:13,2022,ASIA,IN,Madhya Pradesh,"Madhya Pradesh, IN",24.511895,79.946305,2022-05-08 2:52:03,130793
5827578429,"{""evidenceOfPresence"":""scat""}",,,,2025-08-15,2025,ASIA,IN,Karnataka,"Karnataka, IN",12.929133,77.433544,2025-08-15 13:12:21,130793
5827454396,,,,,2025-07-02 16:24,2025,ASIA,IN,Karnataka,"Karnataka, IN",11.963129,76.146468,2025-09-04 7:51:44,130793
5761041090,"{""evidenceOfPresence"":""organism""}",,Adult,Tiger,2025-08-20 18:12:11,2025,ASIA,IN,Maharashtra,"Chandrapur, IN-MH, IN",20.499372,79.39574,2025-08-25 1:15:13,130793
5760948908,,,,,2025-01-30 10:46,2025,ASIA,IN,Madhya Pradesh,"Madhya Pradesh, IN",22.364091,80.559106,2025-08-28 3:01:53,130793
5760936813,,,,Cubs of Choti Tara May Be Chota Matka,2017-11-07 9:31,2017,ASIA,IN,Maharashtra,"Chandrapur, IN-MH, IN",20.267293,79.34214,2025-08-22 11:27:37,130793
5760925342,,,,,2025-01-12 11:44,2025,ASIA,IN,Karnataka,"Karnataka, IN",12.122559,76.027652,2025-08-23 1:42:57,130793
5760862064,,,,The male Tiger has been named as Dhadiyal for his busy beard.,2025-08-17 16:42,2025,ASIA,IN,Maharashtra,"Chandrapur, IN-MH, IN",20.248993,79.247491,2025-08-24 5:45:34,130793
5760803154,,,,,2025-06-08 9:36:54,2025,ASIA,IN,Maharashtra,"Chandrapur, IN-MH, IN",20.589794,79.345049,2025-08-21 14:12:18,130793
5760711432,,,,,2024-06-30 12:07:47,2024,ASIA,IN,Maharashtra,"Maharashtra, IN",20.238891,79.212471,2025-08-21 14:11:48,130793
5760618289,,,,,2025-06-15 8:32,2025,ASIA,IN,Karnataka,"Karnataka, IN",11.82831,76.158897,2025-08-30 10:49:59,130793
5760605840,"{""evidenceOfPresence"":""organism""}",Male,Adult,,2021-11-17 0:01,2021,ASIA,IN,Madhya Pradesh,"Dindori, IN-MP, IN",23.112639,81.192117,2025-08-28 7:29:58,130793
5760491453,,,,"Panthera tigris, Kanha National Park, Índia",2025-04-10 10:00,2025,ASIA,IN,Madhya Pradesh,"Madhya Pradesh, IN",22.282819,80.752859,2025-08-24 14:13:57,130793
5760325201,"{""evidenceOfPresence"":""organism""}",Female,,,2025-02-07 17:20,2025,ASIA,IN,Uttarakhand,"Uttarakhand, IN",29.478014,78.870247,2025-08-29 5:03:01,130793
5760238016,,,Juvenile,Cub,2019-01-14 12:37,2019,ASIA,IN,Maharashtra,"Chandrapur, IN-MH, IN",20.362795,79.319021,2025-08-25 15:25:34,130793
5760212831,"{""evidenceOfPresence"":""organism""}",,,,2025-06-12 17:46,2025,ASIA,IN,Karnataka,"Karnataka, IN",11.987293,76.035162,2025-08-21 10:07:42,130793
5760141135,,,,,2018-01-08 15:44,2018,ASIA,IN,Rajasthan,"Sawai Madhopur, IN-RJ, IN",25.873672,76.260438,2025-08-22 15:51:53,130793
5760071923,"{""evidenceOfPresence"":""organism""}",,Adult,,2014-05-01 7:06,2014,ASIA,IN,Karnataka,"Karnataka, IN",11.854715,76.282093,2025-08-31 17:45:20,130793
5760055383,,,,,2018-01-09 8:24,2018,ASIA,IN,Rajasthan,"Sawai Madhopur, IN-RJ, IN",25.932482,76.352336,2025-08-22 15:57:03,130793
5759942373,"{""evidenceOfPresence"":""organism""}",Male,Adult,,2025-03-20 12:00,2025,ASIA,IN,Madhya Pradesh,"Madhya Pradesh, IN",23.480446,81.073159,2025-09-02 2:13:15,130793
5759904755,"{""evidenceOfPresence"":""track""}",,,"Tiger scratch marks, as informed by the local national park ranger.",2009-12-04 7:55,2009,ASIA,IN,Assam,"Assam, IN",26.543535,92.824115,2025-06-28 13:00:36,130793
5759743826,,,,,2025-03-15 19:17:09,2025,ASIA,IN,Madhya Pradesh,"Madhya Pradesh, IN",23.411735,81.094966,2025-09-04 14:22:05,130793
5759684821,,,,,2025-03-16 10:40:54,2025,ASIA,IN,Madhya Pradesh,"Madhya Pradesh, IN",23.582138,81.101362,2025-09-02 2:13:40,130793
5759611380,"{""evidenceOfPresence"":""organism""}",,,,2025-03-15 17:23:38,2025,ASIA,IN,Madhya Pradesh,"Madhya Pradesh, IN",23.502941,81.193413,2025-09-02 2:14:57,130793
5759601722,,,,Cubs of Choti Tara,2017-11-07 10:01,2017,ASIA,IN,Maharashtra,"Chandrapur, IN-MH, IN",20.200182,79.287805,2025-08-22 11:27:45,130793
5759536569,"{""evidenceOfPresence"":""organism""}",,Adult,,2025-06-12 17:46,2025,ASIA,IN,Karnataka,"Karnataka, IN",11.91022,76.055139,2025-08-25 11:02:12,130793
5759522411,"{""evidenceOfPresence"":""organism""}",,Adult,,2025-05-16 7:29:12,2025,ASIA,IN,Madhya Pradesh,"Panna, IN-MP, IN",24.721959,80.048741,2025-08-28 17:10:04,130793
5293021371,"{""evidenceOfPresence"":""organism""}",,,,2025-01-03 10:17,2025,ASIA,IN,Assam,"Assam, IN",26.567823,92.8053,2025-08-07 9:26:36,130793
5292880807,,,,,2025-06-12 16:45,2025,ASIA,IN,Karnataka,"Karnataka, IN",11.926882,76.149034,2025-08-12 12:49:04,130793
5292605019,,,,,2025-06-12 17:10,2025,ASIA,IN,Karnataka,"Karnataka, IN",11.875231,76.166637,2025-08-18 5:43:09,130793
5292584042,"{""evidenceOfPresence"":""organism""}",Male,Adult,,2025-04-17 9:59,2025,ASIA,IN,Madhya Pradesh,"Madhya Pradesh, IN",23.6695,80.911147,2025-08-18 16:57:50,130793
5292446763,,,,,2025-03-02 9:54,2025,ASIA,IN,Rajasthan,"Rajasthan, IN",25.815776,76.411394,2025-08-14 9:49:42,130793
5292396457,"{""evidenceOfPresence"":""organism""}",Male,Adult,,2022-04-08 7:52:56,2022,ASIA,IN,Uttar Pradesh,"Uttar Pradesh, IN",28.742662,80.174516,2022-04-08 5:35:47,130793
5292152818,,,,,2025-05-14 8:09,2025,ASIA,IN,Assam,"Assam, IN",26.497146,92.928955,2025-08-09 5:41:06,130793
5292115334,,,,,2019-10-17 16:04,2019,ASIA,IN,Madhya Pradesh,"Madhya Pradesh, IN",23.745102,81.159357,2025-08-07 8:59:19,130793
5291740385,,,,,2025-01-02,2025,ASIA,IN,Rajasthan,"Rajasthan, IN",25.89493,76.347348,2025-08-18 3:50:22,130793
5282603518,"{""evidenceOfPresence"":""organism""}",Male,Juvenile,,2023-01-27 10:17,2023,ASIA,IN,Uttarakhand,"Uttarakhand, IN",29.541487,78.880854,2025-08-03 4:15:56,130793
5282500127,,,,,2025-01-29 14:26,2025,ASIA,IN,Rajasthan,"Rajasthan, IN",25.93215,76.542362,2025-07-31 1:13:08,130793
5282235625,"{""evidenceOfPresence"":""organism""}",,Adult,,2025-07-31 20:28:50,2025,ASIA,IN,Karnataka,India,11.74598,76.72301,2025-07-31 23:45:56,130793
5281926560,"{""evidenceOfPresence"":""organism""}",Male,Adult,,2024-11-29 12:52,2024,ASIA,IN,Assam,"Assam, IN",26.622416,93.222553,2025-08-02 7:11:55,130793
5238357762,,,,,2025-06-12 17:47,2025,ASIA,IN,Karnataka,"Karnataka, IN",11.912201,76.055257,2025-07-29 7:14:18,130793
5231928344,"{""evidenceOfPresence"":""organism""}",Male,Adult,,2022-06-15 7:29,2022,ASIA,IN,Rajasthan,"Rajasthan, IN",25.950453,76.496328,2025-07-16 9:07:50,130793
5231660089,"{""evidenceOfPresence"":""organism""}",,Adult,,2024-04-21 18:20:46,2024,ASIA,IN,Uttar Pradesh,"Lakhimpur Kheri, IN-UP, IN",28.216579,80.480749,2025-07-21 5:35:57,130793
5230928345,,,,,2025-07-20 16:22:06,2025,ASIA,IN,West Bengal,"North 24 Parganas, IN-WB, IN",21.83971,88.653446,2025-07-22 1:41:16,130793
5230678169,,,,,2024-09-07 14:46:48,2024,ASIA,IN,Maharashtra,"Maharashtra, IN",20.406148,79.28503,2025-07-20 23:38:58,41967
5230344331,,,,,2022-05-24 17:47,2022,ASIA,IN,Madhya Pradesh,"Madhya Pradesh, IN",22.385184,80.75521,2025-07-16 4:51:12,130793
5230052097,"{""evidenceOfPresence"":""organism""}",,Adult,,2025-05-10 6:34,2025,ASIA,IN,Karnataka,"Karnataka, IN",11.9049,76.172487,2025-07-14 22:10:37,130793
5230050018,,,,,2025-07-14 18:26,2025,ASIA,IN,Uttar Pradesh,"Lakhimpur Kheri, IN-UP, IN",28.206494,80.477136,2025-07-14 22:12:57,130793
5217598303,,,,,2025-01-01 16:44:15,2025,ASIA,IN,West Bengal,India,21.825174,88.913406,2025-07-14 22:09:44,130793
5217144437,"{""evidenceOfPresence"":""track""}",,Adult,Second set of pugmarks seen in another slushy part of MV road. The same individual probably walked up the road in both spots,2023-12-24 11:09:21,2023,ASIA,IN,Arunachal Pradesh,"Arunachal Pradesh, IN",27.573842,96.419652,2023-12-24 8:54:09,130793
5217136775,,,,,2025-06-12 16:41,2025,ASIA,IN,Karnataka,"Karnataka, IN",11.805281,76.196503,2025-07-05 7:11:24,130793
5217116334,,,,,2022-04-04 7:29:56,2022,ASIA,IN,Maharashtra,"Maharashtra, IN",20.300546,79.275257,2025-07-14 22:10:15,130793
5216868086,"{""evidenceOfPresence"":""organism""}",Female,Adult,Pedwali,2023-11-19 15:45,2023,ASIA,IN,Uttarakhand,"Uttarakhand, IN",29.46083,78.887961,2025-07-01 8:54:53,130793
5216851918,"{""evidenceOfPresence"":""organism""}",Female,Adult,,2025-05-30 17:31:35,2025,ASIA,IN,Madhya Pradesh,"Umaria, IN-MP, IN",23.656169,80.958421,2025-07-05 21:29:27,130793
5216786349,,,,,2024-05-28 14:59:08,2024,ASIA,IN,Uttar Pradesh,"Lakhimpur Kheri, IN-UP, IN",28.41343,80.624737,2025-06-27 8:12:59,130793
5216744300,,,,,2025-02-16 17:02:44,2025,ASIA,IN,Maharashtra,"Chandrapur, IN-MH, IN",20.098859,79.258041,2025-07-02 12:44:50,130793
5216633095,,,,,2025-02-28 12:02,2025,ASIA,IN,Maharashtra,"Chandrapur, IN-MH, IN",20.349878,79.363529,2025-07-07 11:06:11,130793
5216588566,,,,At RNP,2025-05-05 15:37:51,2025,ASIA,IN,Rajasthan,"Sawai Madhopur, IN-RJ, IN",26.085844,76.507627,2025-06-28 18:08:35,130793
5216320101,,,,,2025-05-10 6:30,2025,ASIA,IN,Karnataka,"Karnataka, IN",11.985184,76.040551,2025-07-07 14:50:11,130793
5215887167,,,,,2025-02-27 12:02,2025,ASIA,IN,Maharashtra,"Chandrapur, IN-MH, IN",20.300653,79.310259,2025-07-07 11:06:12,130793
5215857741,"{""evidenceOfPresence"":""organism""}",Female,Adult,,2022-02-19 7:35,2022,ASIA,IN,Rajasthan,"Rajasthan, IN",25.981638,76.430838,2025-07-05 7:10:36,130793
5215845333,,,,,2025-05-05 17:07,2025,ASIA,IN,Karnataka,"Karnataka, IN",11.836558,76.16077,2025-06-27 13:24:13,130793
5215824533,,,,,2025-04-11 17:01,2025,ASIA,IN,Madhya Pradesh,"Madhya Pradesh, IN",21.718544,79.2242,2025-06-28 18:38:02,130793
5215764449,"{""evidenceOfPresence"":""track""}",,Adult,Massive pugmarks on a slushy part of MV Road. Nice to see them here!,2023-12-24 11:01:19,2023,ASIA,IN,Arunachal Pradesh,"Arunachal Pradesh, IN",27.440295,96.53079,2023-12-24 8:50:57,130793
5206186352,"{""evidenceOfPresence"":""organism""}",,Adult,,2022-12-20 17:33,2022,ASIA,IN,Maharashtra,"Chandrapur, IN-MH, IN",20.033188,79.217805,2022-12-26 9:39:07,130793
5206165756,"{""evidenceOfPresence"":""organism""}",Male,Adult,,2025-06-16 10:56,2025,ASIA,IN,Madhya Pradesh,"Madhya Pradesh, IN",22.585028,78.267223,2025-06-24 6:05:33,130793
5206140802,"{""evidenceOfPresence"":""organism""}",Female,Adult,,2025-06-16 6:15,2025,ASIA,IN,Madhya Pradesh,"Madhya Pradesh, IN",22.47261,78.394231,2025-06-24 6:05:32,130793
5206002604,,,,,2025-05-14 15:20,2025,ASIA,IN,Karnataka,"Karnataka, IN",11.888499,76.034803,2025-06-23 20:31:24,130793
5205972763,"{""evidenceOfPresence"":""organism""}",Female,Adult,,2025-06-16 11:10,2025,ASIA,IN,Madhya Pradesh,"Madhya Pradesh, IN",22.473115,78.239916,2025-06-24 6:05:34,130793
5205866334,,,,,2021-02-04 11:29,2021,ASIA,IN,Madhya Pradesh,"Hoshangabad, IN-MP, IN",22.480576,78.094556,2021-10-25 3:26:24,130793
5199069787,,Female,Adult,"I saw a Bengal Tiger in Tadoba Andhari Tiger Reserve this June! About the Bengal Tiger Habitat: Found in diverse Indian subcontinent habitats like Tadoba's dry deciduous forests. Appearance: Large, powerful, with a reddish-yellow coat and unique black stripes. Behavior: Solitary apex predators, excellent swimmers, and highly territorial. Diet: Primarily hunts large prey like deer and wild boar. Conservation Status: Endangered due to habitat loss and poaching. The sighting was a rare glimpse of this magnificent big cat in its natural environment!",2025-06-06 18:02:19,2025,ASIA,IN,Maharashtra,"Maharashtra, IN",20.322747,79.266467,2025-06-17 9:20:03,130793
5198830297,,,,,2022-01-20 17:07:57,2022,ASIA,IN,Rajasthan,"Sawai Madhopur, IN-RJ, IN",26.120844,76.474597,2025-06-14 19:00:24,130793
5198318801,"{""evidenceOfPresence"":""organism""}",,,,2025-04-15 4:24,2025,ASIA,IN,Madhya Pradesh,"Madhya Pradesh, IN",22.346264,80.496435,2025-06-11 21:07:30,130793
5188447181,,,,,2025-03-16 8:46,2025,ASIA,IN,Maharashtra,"Bhandara, IN-MH, IN",21.01097,80.095054,2025-06-10 20:20:51,130793
5188246930,,,,,2024-10-23 19:30:42,2024,ASIA,IN,Karnataka,India,11.688776,76.539504,2025-06-10 20:15:28,130793
5188161590,,,,,2025-02-23 6:29,2025,ASIA,IN,Uttarakhand,"Uttarakhand, IN",29.475015,79.076394,2025-06-06 21:48:09,130793
5188153346,"{""evidenceOfPresence"":""organism""}",Male,Adult,"Followed the car for a while, too aweful to bring up the camera in time...",2001-03-13 9:51,2001,ASIA,IN,Rajasthan,"Rajasthan, IN",25.8618,76.563285,2025-06-05 14:40:17,130793
5187930845,,,,,2025-03-31 16:11,2025,ASIA,IN,Karnataka,"Karnataka, IN",11.966446,76.060946,2025-06-10 6:36:51,130793
5187793477,"{""evidenceOfPresence"":""organism""}",Female,,,2025-06-05 6:59:35,2025,ASIA,IN,Rajasthan,"Sawai Madhopur, IN-RJ, IN",26.181238,76.526959,2025-06-05 3:54:58,130793
5187522725,,,,,2025-04-13 17:43,2025,ASIA,IN,Karnataka,"Karnataka, IN",11.941678,76.019602,2025-06-07 14:08:05,130793
5177349170,"{""evidenceOfPresence"":""organism""}",,Adult,"posting on my dads behalf, he saw on his way to shahdol",2017-12-19,2017,ASIA,IN,Madhya Pradesh,"Shahdol, IN-MP, IN",23.382384,81.333012,2025-06-02 14:53:40,130793
5177248491,"{""evidenceOfPresence"":""organism""}",Female,Adult,,2025-05-30 17:28:37,2025,ASIA,IN,Madhya Pradesh,"Umaria, IN-MP, IN",23.670497,80.863227,2025-06-02 21:15:08,130793
5177152852,"{""evidenceOfPresence"":""organism""}",,,,2025-03-31 16:08,2025,ASIA,IN,Karnataka,"Karnataka, IN",11.864724,76.011516,2025-05-30 19:46:32,130793
5176584839,,,,,2025-04-13 15:16,2025,ASIA,IN,Karnataka,"Karnataka, IN",11.83665,76.136943,2025-05-28 10:10:30,130793
5168431777,,,,,2012-06-26 19:21,2012,ASIA,IN,Karnataka,India,11.644287,76.594768,2025-05-23 19:14:04,130793
5168424104,"{""evidenceOfPresence"":""organism""}",Male,Juvenile,,2025-04-21 7:03,2025,ASIA,IN,Uttarakhand,"Uttarakhand, IN",29.550668,78.825317,2025-05-25 12:17:17,130793
5168287770,"{""evidenceOfPresence"":""organism""}",Female,Adult,,2025-05-14 10:49,2025,ASIA,IN,Karnataka,"Mysore, IN-KA, IN",12.066361,76.753936,2025-05-25 14:25:45,130793
5168145861,,,,,2025-05-14 8:19:55,2025,ASIA,IN,Assam,"Assam, IN",26.463019,92.847589,2025-05-17 20:39:40,130793
5167891201,,,,,2013-03-29 16:46,2013,ASIA,IN,Rajasthan,"Rajasthan, IN",25.86631,76.555692,2025-05-23 19:14:21,130793
5167737367,,,,,2013-03-29 17:12,2013,ASIA,IN,Rajasthan,"Rajasthan, IN",25.980998,76.496328,2025-05-23 19:14:14,130793
5167711608,"{""evidenceOfPresence"":""organism""}",Male,,,2025-05-25 9:16:08,2025,ASIA,IN,Madhya Pradesh,"Madhya Pradesh, IN",21.755274,79.4036,2025-05-25 18:18:08,130793
5167489598,"{""evidenceOfPresence"":""organism""}",Female,,,2020-09-08 6:40,2020,ASIA,IN,Karnataka,"Mysore, IN-KA, IN",12.067578,76.747689,2025-05-26 18:32:18,130793
5167485422,,,,,2025-05-25 6:31:24,2025,ASIA,IN,Uttarakhand,"Uttarakhand, IN",29.517544,78.970039,2025-05-27 15:34:58,130793
5167438942,,,,,2020-02-10 8:00:14,2020,ASIA,IN,Madhya Pradesh,"Madhya Pradesh, IN",21.626633,79.253016,2025-05-24 13:08:32,130793
5167414329,,,,,2025-03-31 16:08,2025,ASIA,IN,Karnataka,"Karnataka, IN",11.98274,76.163149,2025-05-16 19:02:31,130793
5167255452,,,,,2025-03-29 5:41,2025,ASIA,IN,Karnataka,"Mysore, IN-KA, IN",12.050646,76.384393,2025-05-16 19:03:36,130793
5167073101,,,,,2025-03-31 18:04,2025,ASIA,IN,Karnataka,"Karnataka, IN",11.89075,76.152073,2025-05-22 21:51:55,130793
5167062763,,,,,2023-11-13 15:23,2023,ASIA,IN,Maharashtra,"Chandrapur, IN-MH, IN",20.397586,79.216209,2025-05-23 11:30:54,130793
5154791220,,,,,2024-10-12 6:45,2024,ASIA,IN,Madhya Pradesh,"Panna, IN-MP, IN",24.660315,80.197405,2025-05-05 5:56:04,130793
5154772137,,,,,2025-03-25 3:58,2025,ASIA,IN,Rajasthan,"Rajasthan, IN",25.965127,76.336979,2025-05-11 7:55:53,130793
5154748287,,Female,,,2025-03-31 16:05,2025,ASIA,IN,Karnataka,"Karnataka, IN",11.893812,76.100724,2025-05-14 4:26:01,130793
5154737431,,Female,,,2025-03-25 3:50,2025,ASIA,IN,Rajasthan,"Rajasthan, IN",25.957904,76.370661,2025-05-11 7:55:42,130793
5154651826,,,,,2024-10-13 9:45,2024,ASIA,IN,Madhya Pradesh,"Panna, IN-MP, IN",24.633383,80.050148,2025-05-05 5:56:10,130793
5154429396,,,,,2025-03-25 3:48,2025,ASIA,IN,Rajasthan,"Rajasthan, IN",25.84926,76.232287,2025-05-14 1:18:09,130793
5154297070,"{""evidenceOfPresence"":""organism""}",Female,Adult,,2025-03-27 7:08,2025,ASIA,IN,Karnataka,"Karnataka, IN",11.953025,76.191562,2025-05-11 7:58:05,130793
5154266556,"{""evidenceOfPresence"":""organism""}",,Adult,,2018-03-12 3:11:37,2018,ASIA,IN,Madhya Pradesh,"Madhya Pradesh, IN",23.611134,81.139542,2025-05-07 22:13:05,130793
5154029562,,,,,2025-03-25 3:50,2025,ASIA,IN,Rajasthan,"Rajasthan, IN",25.874796,76.340688,2025-05-14 1:17:09,130793
5153938748,,,,,2025-04-25 7:50:17,2025,ASIA,IN,Madhya Pradesh,"Madhya Pradesh, IN",22.322125,80.422183,2025-04-30 5:34:46,130793
5153727723,,,,,2022-02-04 16:30,2022,ASIA,IN,Uttarakhand,"Uttarakhand, IN",29.402864,78.835693,2025-05-14 4:25:00,130793
5153622909,,,,,2021-06-22 8:24,2021,ASIA,IN,Madhya Pradesh,"Madhya Pradesh, IN",22.371454,80.430243,2025-05-14 4:24:19,130793
5153416281,,,,,2025-03-25 3:50,2025,ASIA,IN,Rajasthan,"Rajasthan, IN",25.829106,76.266067,2025-05-14 4:23:13,130793
5153306432,,,,,2025-03-15 7:04,2025,ASIA,IN,Karnataka,"Karnataka, IN",11.821197,76.036766,2025-05-05 5:56:22,130793
5141074131,"{""evidenceOfPresence"":""organism""}",,Adult,,2025-04-29 9:57:34,2025,ASIA,IN,Maharashtra,"Chandrapur, IN-MH, IN",20.216194,79.249933,2025-04-29 4:31:30,130793
5140936254,,,,,2025-03-16 17:03,2025,ASIA,IN,Karnataka,"Mysore, IN-KA, IN",12.078316,76.283968,2025-05-03 12:48:25,130793
5140436522,"{""evidenceOfPresence"":""organism""}",Female,Adult,,2024-10-26 9:21:38,2024,ASIA,IN,Rajasthan,"Rajasthan, IN",25.94708,76.292528,2025-05-05 5:57:31,130793
5140320046,,,,,2025-04-22 18:19:42,2025,ASIA,IN,Uttarakhand,"Uttarakhand, IN",29.438581,78.82978,2025-04-25 2:48:05,130793
5140274121,,,,,2025-03-15 6:31,2025,ASIA,IN,Karnataka,"Karnataka, IN",11.919921,76.043139,2025-04-25 19:07:14,130793
5140221951,"{""evidenceOfPresence"":""organism""}",,Adult,,2025-04-25 17:28:44,2025,ASIA,IN,Karnataka,"Mysore, IN-KA, IN",12.054236,76.24695,2025-04-26 5:40:27,130793
5140158064,"{""evidenceOfPresence"":""organism""}",,Adult,,2025-04-25 6:40:12,2025,ASIA,IN,Karnataka,"Karnataka, IN",11.979864,76.23341,2025-04-25 19:06:22,130793
5134884619,,,,,2024-02-02,2024,ASIA,IN,Rajasthan,"Rajasthan, IN",25.83557,76.56291,2025-04-23 2:15:14,130793
5134614372,,,,,2025-03-08 19:23,2025,ASIA,IN,Karnataka,"Karnataka, IN",11.842721,76.062949,2025-04-21 18:10:29,130793
5134551908,,,,,2025-04-18 16:19:06,2025,ASIA,IN,Maharashtra,"Chandrapur, IN-MH, IN",20.363791,79.287453,2025-04-19 14:20:31,130793
5134282160,"{""evidenceOfPresence"":""organism""}",,,,2025-04-06 9:03:47,2025,ASIA,IN,Madhya Pradesh,"Hoshangabad, IN-MP, IN",22.55639,78.133092,2025-04-06 9:05:20,130793
5134064354,"{""evidenceOfPresence"":""organism""}",,Juvenile,,2019-05-18 18:24,2019,ASIA,IN,Maharashtra,"Chandrapur, IN-MH, IN",20.278393,79.291392,2025-04-16 21:41:55,130793
5134040682,"{""evidenceOfPresence"":""organism""}",,Juvenile,,2019-05-19 6:58,2019,ASIA,IN,Maharashtra,"Chandrapur, IN-MH, IN",20.312337,79.264803,2025-04-18 0:39:35,130793
5134037664,,,,,2025-04-05 7:59,2025,ASIA,IN,Maharashtra,"Chandrapur, IN-MH, IN",20.227206,79.350577,2025-04-16 13:29:10,130793
5134013611,,,,,2025-04-07 10:47:05,2025,ASIA,IN,Assam,"Assam, IN",26.777599,93.203143,2025-04-18 0:39:04,130793
5133926420,"{""evidenceOfPresence"":""organism""}",Male,Adult,,2019-05-18 17:05,2019,ASIA,IN,Maharashtra,"Chandrapur, IN-MH, IN",20.279275,79.23332,2025-04-16 22:03:58,130793
5133905025,,,,Golden tiger,2025-03-26 7:22,2025,ASIA,IN,Assam,"Assam, IN",26.565552,92.921964,2025-04-16 6:03:12,130793
5133897729,"{""evidenceOfPresence"":""organism""}",Male,Juvenile,,2019-05-19 8:35,2019,ASIA,IN,Maharashtra,"Chandrapur, IN-MH, IN",20.313531,79.303437,2025-04-18 0:39:22,130793
5133881603,,,,,2025-03-09 5:54,2025,ASIA,IN,Karnataka,"Karnataka, IN",11.860804,76.120783,2025-04-17 6:18:22,130793
5133876934,,,,,2025-03-30 1:29,2025,ASIA,IN,Assam,"Assam, IN",26.418879,92.924841,2025-04-16 6:03:03,130793
5133837256,,,,,2025-04-07 23:38,2025,ASIA,IN,Maharashtra,"Chandrapur, IN-MH, IN",20.302026,79.237447,2025-04-16 13:30:56,130793
5133831653,,,,,2025-03-03 6:09,2025,ASIA,IN,Karnataka,"Karnataka, IN",11.966367,76.171742,2025-04-04 18:48:33,130793
5133811546,"{""evidenceOfPresence"":""organism""}",Male,Adult,,2025-04-04 21:54,2025,ASIA,IN,Maharashtra,"Chandrapur, IN-MH, IN",20.263326,79.308324,2025-04-16 13:28:19,130793
5133795319,,,,,2025-01-30 7:24:27,2025,ASIA,IN,Karnataka,"Mysore, IN-KA, IN",12.033943,76.332353,2025-01-30 9:00:11,41967
5133787052,"{""evidenceOfPresence"":""organism""}",Male,Adult,,2019-05-18 16:36,2019,ASIA,IN,Maharashtra,"Chandrapur, IN-MH, IN",20.260711,79.236847,2025-04-16 21:56:11,130793
5133734112,,,,,2025-03-28 6:27,2025,ASIA,IN,Assam,"Assam, IN",26.596022,92.899894,2025-04-16 6:03:20,130793
5133696273,,,,,2025-01-26 16:05:32,2025,ASIA,IN,Tamil Nadu,"Tamil Nadu, IN",11.202836,76.410543,2025-02-15 13:20:48,41967
5133678218,"{""evidenceOfPresence"":""organism""}",,Adult,,2019-05-16 17:42,2019,ASIA,IN,Maharashtra,"Chandrapur, IN-MH, IN",20.269434,79.318178,2025-04-16 6:03:26,130793
5133656651,"{""evidenceOfPresence"":""track""}",,,,2021-03-12 14:29:21,2021,ASIA,IN,Assam,"Assam, IN",26.714073,91.113575,2025-03-07 19:45:21,41967
5133650217,"{""evidenceOfPresence"":""track""}",,,,2024-12-31 10:21,2024,ASIA,IN,Tamil Nadu,"Tamil Nadu, IN",10.10106,77.25337,2025-01-20 22:57:09,41967
5133633237,,,,,2024-12-31 10:48,2024,ASIA,IN,Tamil Nadu,"Tamil Nadu, IN",10.043746,77.227698,2025-01-20 22:56:07,41967
5133605351,,,,,2025-02-11 6:57,2025,ASIA,IN,Uttarakhand,"Uttarakhand, IN",29.435721,78.958966,2025-02-12 16:51:51,41967
5133572265,"{""evidenceOfPresence"":""track""}",,,,2021-01-31 7:45,2021,ASIA,IN,Madhya Pradesh,"Madhya Pradesh, IN",23.779391,81.104317,2025-02-02 20:15:10,41967
5133545067,,,,,2025-01-20 7:45:41,2025,ASIA,IN,Arunachal Pradesh,"Arunachal Pradesh, IN",26.863516,92.827376,2025-08-21 10:44:41,130793
5133528967,,,,,2025-03-09 3:42,2025,ASIA,IN,Karnataka,"Karnataka, IN",11.894245,76.179042,2025-04-16 6:03:48,130793
5133340450,,Female,Adult,,2024-02-01 4:51,2024,ASIA,IN,Maharashtra,"Maharashtra, IN",21.35066,79.919359,2025-04-16 6:04:04,130793
5133287257,,Female,Adult,,2024-02-01 5:03,2024,ASIA,IN,Maharashtra,"Maharashtra, IN",21.251706,79.867574,2025-04-16 6:03:58,130793
5133285613,,,,,2025-04-08 7:30:09,2025,ASIA,IN,Uttarakhand,"Uttarakhand, IN",29.582526,79.174063,2025-04-12 11:10:13,130793
5133240272,"{""evidenceOfPresence"":""track""}",,,Claw marks on tree,2017-02-02 14:14:41,2017,ASIA,IN,Kerala,India,9.571744,77.125622,2023-04-23 22:11:33,41967
5133223286,,,,,2023-02-04 11:19:04,2023,ASIA,IN,Madhya Pradesh,"Madhya Pradesh, IN",21.585667,77.464872,2023-04-17 2:18:08,41967
5133209111,,Female,Adult,,2022-03-04 2:05,2022,ASIA,IN,Rajasthan,"Rajasthan, IN",25.809873,76.505238,2025-04-15 21:07:35,130793
5133152109,"{""evidenceOfPresence"":""organism""}",,Adult,,2024-02-26 7:15:58,2024,ASIA,IN,Rajasthan,"Rajasthan, IN",25.973512,76.386659,2025-04-11 7:34:47,130793
5133128195,,,,,2025-03-26 18:11,2025,ASIA,IN,Maharashtra,"Maharashtra, IN",21.679493,79.258275,2025-04-11 12:48:50,130793
5133125976,,,,,2025-03-26 18:07,2025,ASIA,IN,Maharashtra,"Maharashtra, IN",21.661344,79.24402,2025-04-11 12:48:23,130793
5133124482,,,,,2025-04-10 6:59:53,2025,ASIA,IN,Rajasthan,"Sawai Madhopur, IN-RJ, IN",26.134717,76.434056,2025-04-10 18:18:29,130793
5108554577,,,,,2024-12-17 6:00:36,2024,ASIA,IN,Madhya Pradesh,"Madhya Pradesh, IN",22.304791,80.525438,2025-04-02 17:22:35,130793
5108449222,"{""evidenceOfPresence"":""organism""}",,,,2025-03-30 11:15,2025,ASIA,IN,Uttarakhand,"Uttarakhand, IN",29.426346,78.849931,2025-04-01 1:55:00,130793
5108362451,"{""evidenceOfPresence"":""organism""}",,,,2025-03-28 9:45:04,2025,ASIA,IN,Uttarakhand,"Uttarakhand, IN",29.403668,78.983275,2025-04-01 17:56:15,130793
5108320522,"{""evidenceOfPresence"":""organism""}",,,All photos are of the same individual observed over a period of a few minutes from a commercial safari,2025-03-29 17:54:31,2025,ASIA,IN,Uttarakhand,"Uttarakhand, IN",29.454684,79.117556,2025-04-02 17:24:05,130793
5108248069,,,,,2025-03-27 11:22:28,2025,ASIA,IN,Uttarakhand,"Uttarakhand, IN",29.424358,78.870224,2025-04-01 17:54:50,130793
5108230151,"{""evidenceOfPresence"":""track""}",,,,2025-03-24 10:40:41,2025,ASIA,IN,Rajasthan,"Rajasthan, IN",26.232548,77.004632,2025-03-27 12:14:42,41967
5108190259,"{""evidenceOfPresence"":""organism""}",,,,2008-10-25 2:20,2008,ASIA,IN,Madhya Pradesh,"Madhya Pradesh, IN",22.374312,80.477945,2025-04-01 17:55:50,130793
5108180116,,,,,2025-03-27 10:02:19,2025,ASIA,IN,Uttarakhand,"Uttarakhand, IN",29.550541,78.942569,2025-04-02 17:25:39,130793
5108164910,,,,,2025-02-09 12:14:50,2025,ASIA,IN,Uttarakhand,"Uttarakhand, IN",29.315654,79.047865,2025-03-27 9:03:35,130793
5108117510,"{""evidenceOfPresence"":""organism""}",,,,2025-02-18 23:17,2025,ASIA,IN,Uttarakhand,"Uttarakhand, IN",29.464997,78.866058,2025-04-02 6:32:14,130793
5104716022,,,,,2025-02-18 6:32,2025,ASIA,IN,Uttarakhand,"Uttarakhand, IN",29.51088,79.011834,2025-03-25 11:31:27,130793
5104647787,,,,,2025-03-25 17:32:53,2025,ASIA,IN,Rajasthan,"Sawai Madhopur, IN-RJ, IN",26.191341,76.565763,2025-03-25 11:10:58,130793
5104634015,,,,,2025-03-25 17:27:17,2025,ASIA,IN,Rajasthan,"Sawai Madhopur, IN-RJ, IN",26.054848,76.490585,2025-03-26 4:27:27,130793
5104541908,"{""evidenceOfPresence"":""organism""}",Male,Adult,Tiger came from tipeshwar wildlife sanctuary Yavatmal. Currently stayed in Yadshi wildlife sanctuary.,2025-01-23 13:54,2025,ASIA,IN,Maharashtra,"Osmanabad, IN-MH, IN",18.365811,75.867551,2025-03-23 8:28:29,130793
5104464922,,,,,2025-03-18 16:50:20,2025,ASIA,IN,Rajasthan,"Sawai Madhopur, IN-RJ, IN",26.011311,76.56733,2025-03-20 21:55:29,130793
5104429684,,,,,2025-03-02 7:03,2025,ASIA,IN,Uttarakhand,"Uttarakhand, IN",29.415862,78.893994,2025-03-21 6:14:44,130793
5104417898,"{""evidenceOfPresence"":""organism""}",,,,2025-03-14 20:15:24,2025,ASIA,IN,Rajasthan,"Sawai Madhopur, IN-RJ, IN",26.068884,76.557051,2025-03-19 4:14:02,130793
5104365152,"{""evidenceOfPresence"":""track""}",,,足跡のみ,2025-01-13,2025,ASIA,IN,Karnataka,"Karnataka, IN",11.95329,76.122008,2025-01-30 15:24:12,130793
5104363167,,,,,2025-02-16 15:21:36,2025,ASIA,IN,Uttarakhand,"Uttarakhand, IN",29.528198,79.118025,2025-02-16 16:36:17,41967
5104328169,,,,,2025-02-19 7:00:09,2025,ASIA,IN,Uttarakhand,"Uttarakhand, IN",29.414608,78.816607,2025-02-19 7:32:52,41967
5104321925,,,,,2024-11-11 13:18:27,2024,ASIA,IN,Tamil Nadu,"Tamil Nadu, IN",11.248983,76.502496,2024-11-19 9:17:29,41967
5104313895,"{""evidenceOfPresence"":""track""}",,,,2024-11-17 10:39:16,2024,ASIA,IN,Madhya Pradesh,"Madhya Pradesh, IN",22.399164,80.556534,2024-11-17 5:45:27,41967
5104259708,,,,,2022-05-16 23:48,2022,ASIA,IN,Madhya Pradesh,"Madhya Pradesh, IN",22.376851,80.605946,2022-09-05 23:17:43,130793
5100857200,"{""iucnStatus"":""EN""}",,,,2016-06,2016,ASIA,IN,,,29.843404,78.189916,,
5087952828,,,,,2025-02-18 10:54,2025,ASIA,IN,Tamil Nadu,"Tamil Nadu, IN",11.461839,76.549122,2025-03-12 5:29:15,130793
5087916458,,Female,Adult,,2006-03-11 11:30,2006,ASIA,IN,Rajasthan,"Rajasthan, IN",25.967155,76.566409,2025-03-14 11:58:59,130793
5087817998,,,,,2025-02-20 7:14,2025,ASIA,IN,Tamil Nadu,"Tamil Nadu, IN",11.43727,76.551063,2025-03-12 5:24:03,130793
5087735719,"{""evidenceOfPresence"":""organism""}",Male,Adult,Magadhi Zone,2025-02-24 13:11,2025,ASIA,IN,Madhya Pradesh,"Umaria, IN-MP, IN",23.798188,80.834081,2025-03-10 14:46:45,130793
5087678321,,,,,2025-02-09 7:34,2025,ASIA,IN,Uttarakhand,"Uttarakhand, IN",29.420491,78.82132,2025-03-10 12:10:17,130793
5087632637,"{""evidenceOfPresence"":""scat""}",,,,2025-01-23 11:14,2025,ASIA,IN,Uttarakhand,"Uttarakhand, IN",29.30034,79.146689,2025-03-09 12:53:46,41967
5087625335,,,,,2025-03-05 10:15:07,2025,ASIA,IN,Madhya Pradesh,"Hoshangabad, IN-MP, IN",22.462844,78.349822,2025-03-07 13:20:56,130793
5087573764,,,Adult,"https://youtu.be/ZXLejVbL600 Male and female together, in foreplay, see video",2025-01-19 16:19,2025,ASIA,IN,Assam,"Assam, IN",26.675175,93.329733,2025-03-03 22:23:11,130793
5087571901,"{""evidenceOfPresence"":""organism""}",,Adult,,2025-02-28,2025,ASIA,IN,Kerala,"Kerala, IN",11.741696,76.337005,2025-09-11 0:56:02,130793
5087571883,,,,,2013-06-26,2013,ASIA,IN,Rajasthan,"Sawai Madhopur, IN-RJ, IN",26.179709,76.423733,2025-03-05 8:23:26,130793
5087564472,"{""evidenceOfPresence"":""organism""}",,Adult,,2019-03-10 7:21:50,2019,ASIA,IN,Rajasthan,"Sawai Madhopur, IN-RJ, IN",26.045753,76.541408,2025-03-06 9:33:47,130793
5087394225,"{""evidenceOfPresence"":""organism""}",,,"How not to hunt a Gaur. Saved this for my 10,000th observation on INaturalist. No tigers were (seriously) hurt. This sub-adult male tiger mock-attacked this Gaur before receiving a strong kick to the shoulder. The kick was so quick, I didn't realise it had happened until I checked the photos later, never mind that I had caught it on camera. Maybe he'll think twice before tackling a Gaur again!",2025-02-13 13:06,2025,ASIA,IN,Madhya Pradesh,"Hoshangabad, IN-MP, IN",22.546702,78.032269,2025-03-03 6:44:24,130793
5087390057,"{""evidenceOfPresence"":""organism""}",Female,Adult,,2024-05-25 7:32,2024,ASIA,IN,Uttarakhand,"Uttarakhand, IN",29.415086,79.060022,2025-03-05 10:59:24,130793
5087381337,,,,,2025-02-12 6:39,2025,ASIA,IN,Madhya Pradesh,"Hoshangabad, IN-MP, IN",22.57063,78.027184,2025-03-01 8:33:35,130793
5087370853,,,,,2025-03-01 7:29:27,2025,ASIA,IN,Uttarakhand,"Uttarakhand, IN",29.598898,78.845888,2025-03-01 6:17:35,130793
5087290336,,,,,2025-02-17 7:21:29,2025,ASIA,IN,Madhya Pradesh,"Madhya Pradesh, IN",21.60848,79.263593,2025-03-01 8:33:43,130793
5087274216,"{""evidenceOfPresence"":[""organism"",""scat"",""track""]}",Female,Adult,Tiger,2025-02-05 8:20:11,2025,ASIA,IN,Maharashtra,"Yavatmal, IN-MH, IN",19.845668,78.562853,2025-02-28 14:39:30,130793
5087254537,"{""evidenceOfPresence"":""track""}",,,Pugmark.,2025-02-27 11:45:27,2025,ASIA,IN,Madhya Pradesh,"Hoshangabad, IN-MP, IN",22.491759,78.268061,2025-02-27 12:45:55,41967
5087239597,,,,,2009-02-14 7:28,2009,ASIA,IN,Madhya Pradesh,"Madhya Pradesh, IN",22.324922,80.613284,2025-02-27 13:11:57,130793
5077059797,"{""evidenceOfPresence"":""organism""}",Male,,sleepy boi,2024-06-15 5:57,2024,ASIA,IN,Madhya Pradesh,"Madhya Pradesh, IN",22.291066,80.479452,2025-02-24 13:35:21,130793
5077047859,,,Adult,,2025-02-22 17:22,2025,ASIA,IN,Uttar Pradesh,"Uttar Pradesh, IN",29.416012,78.980905,2025-02-23 7:28:01,130793
5077001332,,,,,2025-02-22 7:20,2025,ASIA,IN,Uttarakhand,"Uttarakhand, IN",29.513102,78.856931,2025-02-22 7:56:46,130793
5076981959,,,,,2025-02-04 6:10,2025,ASIA,IN,Karnataka,"Karnataka, IN",11.902652,76.124926,2025-02-21 11:54:32,130793
5076898115,,,,Parc National de Kabini Nagarhole,2020-01-20 8:24,2020,ASIA,IN,Tamil Nadu,"Tamil Nadu, IN",10.031834,77.738978,2025-02-22 11:06:12,130793
5076855031,"{""evidenceOfPresence"":""organism""}",,,Parc National de Kabini Nagarhole,2020-01-19 22:54,2020,ASIA,IN,Tamil Nadu,"Tamil Nadu, IN",10.180701,77.777842,2025-02-22 11:06:20,130793
5070134572,,,,Subadult Female,2024-10-15 17:09,2024,ASIA,IN,Maharashtra,"Bhandara, IN-MH, IN",21.176436,80.058885,2025-02-22 11:05:59,130793
5070132521,,,,"Bindu Female, trying to enter B2 females area, and after a short fight, manages to chase B2 deep in the woods. Bindu is sister of Baras, who happens to be mother of B2.",2024-10-13 16:18,2024,ASIA,IN,Maharashtra,"Maharashtra, IN",21.683991,79.346986,2025-02-18 13:34:38,130793
5070079510,,,,,2024-10-14 8:23,2024,ASIA,IN,Madhya Pradesh,"Madhya Pradesh, IN",21.638024,79.20216,2025-02-22 11:06:38,130793
5070076577,,,,"B2 Female (Agitated as Bindu is in her area, on other side of our gypsy)",2024-10-13 16:18,2024,ASIA,IN,Maharashtra,"Maharashtra, IN",21.635966,79.329481,2025-02-18 13:34:41,130793
5070042192,,,,,2024-12-15 10:43,2024,ASIA,IN,Madhya Pradesh,"Panna, IN-MP, IN",24.638183,80.137992,2025-02-16 14:58:06,130793
5070036392,"{""evidenceOfPresence"":""organism""}",Male,Adult,,2024-11-19 17:22,2024,ASIA,IN,Maharashtra,"Bhandara, IN-MH, IN",21.00356,80.187501,2025-02-16 23:07:39,130793
5069913306,,,,,2025-02-11 15:56,2025,ASIA,IN,Uttarakhand,"Uttarakhand, IN",29.541083,78.814828,2025-02-13 13:57:10,130793
5069899352,,,,,2025-02-09 17:32,2025,ASIA,IN,Uttarakhand,"Uttarakhand, IN",29.413233,78.897217,2025-02-13 13:56:47,130793
5069887397,,,,,2024-07-18 12:43,2024,ASIA,IN,West Bengal,"West Bengal, IN",21.989283,88.843142,2025-02-13 16:42:31,130793
5069855267,,,,,2025-02-09 15:00,2025,ASIA,IN,Uttarakhand,"Uttarakhand, IN",29.461402,78.905867,2025-02-13 13:57:33,130793
5069851262,"{""evidenceOfPresence"":""organism""}",,,,2025-02-11 15:54,2025,ASIA,IN,Uttarakhand,"Uttarakhand, IN",29.518377,78.988811,2025-02-13 13:56:58,130793
5069826255,,,,,2025-02-11 15:55,2025,ASIA,IN,Uttarakhand,"Uttarakhand, IN",29.418144,78.864514,2025-02-13 13:57:21,130793
5069811080,,,,,2025-02-04 6:10,2025,ASIA,IN,Karnataka,"Karnataka, IN",11.908562,76.122136,2025-02-13 7:55:57,130793
5069802989,"{""evidenceOfPresence"":""organism""}",,,,2024-12-13 7:02:50,2024,ASIA,IN,Karnataka,"Karnataka, IN",11.910825,76.267439,2025-02-05 19:27:02,41967
5064083833,,,,,2025-02-07 7:30,2025,ASIA,IN,Uttarakhand,"Uttarakhand, IN",29.448838,78.982564,2025-02-11 0:30:19,130793
5064083832,,,,,2025-02-07 17:17,2025,ASIA,IN,Uttarakhand,"Uttarakhand, IN",29.542109,78.964378,2025-02-11 0:25:19,130793
5064072876,,,,,2025-01-30 17:22,2025,ASIA,IN,Madhya Pradesh,"Madhya Pradesh, IN",22.293587,80.441747,2025-02-11 0:40:06,130793
5063925353,,,,,2025-02-04 6:05,2025,ASIA,IN,Karnataka,"Karnataka, IN",11.900301,76.093862,2025-02-11 19:02:30,130793
5063913876,"{""evidenceOfPresence"":""track""}",,,,2025-01-13 6:57:37,2025,ASIA,IN,Karnataka,"Karnataka, IN",12.060877,76.033249,2025-02-06 14:04:52,130793
5063551654,,,,,2023-12-16 5:18,2023,ASIA,IN,Rajasthan,"Sawai Madhopur, IN-RJ, IN",26.106632,76.457852,2025-01-29 22:46:56,130793
5063484376,,,,,2013-10-21 9:18,2013,ASIA,IN,Rajasthan,"Rajasthan, IN",25.809704,76.569791,2025-01-26 14:12:17,130793
5063282894,,,,,2025-01-08 20:13,2025,ASIA,IN,Karnataka,India,12.031694,76.559146,2025-01-21 22:43:25,130793
5063258475,,,,,2025-01-20 15:19:22,2025,ASIA,IN,Rajasthan,"Sawai Madhopur, IN-RJ, IN",26.040986,76.461985,2025-01-22 19:51:48,130793
5063258144,,,,,2025-01-20,2025,ASIA,IN,Rajasthan,"Rajasthan, IN",25.846264,76.567271,2025-01-22 8:38:42,130793
5063194409,,,,,2023-03-16 8:43:22,2023,ASIA,IN,Maharashtra,"Chandrapur, IN-MH, IN",20.351205,79.300626,2025-01-19 4:45:53,130793
5063102130,,,,,2024-01-16 8:46,2024,ASIA,IN,Karnataka,"Mysore, IN-KA, IN",12.166014,76.294214,2025-01-18 20:49:28,130793
5063100994,,,,,2024-01-15 7:07,2024,ASIA,IN,Karnataka,"Karnataka, IN",11.921599,76.338673,2025-01-18 20:47:23,130793
5063003507,"{""evidenceOfPresence"":""organism""}",,,2,2012-11-15,2012,ASIA,IN,Madhya Pradesh,"Madhya Pradesh, IN",22.345144,80.799976,2025-01-09 21:12:23,130793
5062978671,"{""evidenceOfPresence"":""organism""}",,Adult,1,2012-11-12,2012,ASIA,IN,Madhya Pradesh,"Umaria, IN-MP, IN",23.666129,80.968638,2025-01-09 21:12:23,130793
5062978353,,,,Female,2024-12-31 8:30:04,2024,ASIA,IN,Tamil Nadu,"Tamil Nadu, IN",11.315187,76.460653,2024-12-31 6:16:34,41967
5062964746,,,,,2025-01-08 17:46:07,2025,ASIA,IN,Kerala,India,9.44822,77.281409,2025-01-09 11:28:36,41967
5062957678,"{""evidenceOfPresence"":""track""}",,,,2025-01-06 12:27:40,2025,ASIA,IN,Kerala,India,9.411386,77.1482,,41967
5062940425,,,,,2025-01-02 6:45:25,2025,ASIA,IN,Karnataka,"Karnataka, IN",12.131064,76.033875,2025-01-02 15:33:13,41967
5062928679,,,,,2024-10-14 15:13:57,2024,ASIA,IN,Tamil Nadu,"Tamil Nadu, IN",11.25143,76.536764,2024-11-23 5:02:57,41967
5062925963,,,,,2024-10-04 15:33:36,2024,ASIA,IN,Tamil Nadu,"Tamil Nadu, IN",11.328262,76.431607,2024-12-06 4:20:03,41967
5062923853,"{""evidenceOfPresence"":""track""}",,,,2024-11-28 8:41:02,2024,ASIA,IN,Kerala,"Kerala, IN",10.524705,76.964531,2024-11-28 7:28:43,41967
5062912741,,,,,2024-10-12 16:35:45,2024,ASIA,IN,Tamil Nadu,"Tamil Nadu, IN",11.370774,76.417823,2024-11-23 5:43:55,41967
5062910019,,,,,2024-10-04 15:39:45,2024,ASIA,IN,Tamil Nadu,"Tamil Nadu, IN",11.23679,76.411179,2024-12-06 4:18:54,41967
5062903709,"{""evidenceOfPresence"":""track""}",,,"Tiger pugmark, Dehradun, Rajai, 171124 morn",2024-11-17 7:28,2024,ASIA,IN,Uttarakhand,"Uttarakhand, IN",30.083799,78.201757,2024-11-20 14:48:50,41967
5062901927,,,,,2024-10-05 8:20:18,2024,ASIA,IN,Tamil Nadu,"Tamil Nadu, IN",11.312282,76.498353,2024-12-05 14:04:08,41967
5062897745,,,,,2024-10-11 8:18:01,2024,ASIA,IN,Tamil Nadu,"Tamil Nadu, IN",11.275383,76.44205,2024-11-23 9:30:26,41967
5062894905,"{""evidenceOfPresence"":""track""}",,,Pug mark of tiger in coffee estate,2024-12-10 10:05:47,2024,ASIA,IN,Tamil Nadu,"Tamil Nadu, IN",9.768471,77.488408,2024-12-11 10:25:07,41967
5062890619,,,,,2024-10-11 8:19:12,2024,ASIA,IN,Tamil Nadu,"Tamil Nadu, IN",11.22193,76.568031,2024-11-23 9:29:39,41967
5062883867,,,,,2024-10-05 8:23:19,2024,ASIA,IN,Tamil Nadu,"Tamil Nadu, IN",11.250505,76.532188,2024-12-05 14:03:23,41967
5062881715,,,,,2024-11-11 13:04:35,2024,ASIA,IN,Tamil Nadu,"Tamil Nadu, IN",11.337141,76.574751,2024-11-19 9:42:37,41967
5062869714,,,,,2024-11-11 13:11:05,2024,ASIA,IN,Tamil Nadu,"Tamil Nadu, IN",11.2064,76.746221,2024-11-19 9:42:25,41967
5062586230,,,,,2022-01-29 7:37,2022,ASIA,IN,Madhya Pradesh,"Madhya Pradesh, IN",22.916364,77.620621,2022-12-07 5:44:20,41967
5062563006,,,,,2022-01-27 8:15:26,2022,ASIA,IN,Madhya Pradesh,"Madhya Pradesh, IN",23.789798,81.036037,2022-09-10 11:20:45,41967
5062540634,"{""evidenceOfPresence"":""scat""}",Indeterminate,,Scat,2022-03-27 6:58:54,2022,ASIA,IN,Tamil Nadu,"Erode, IN-AP, IN",11.651463,77.131474,2022-04-06 10:47:22,41967
5037200344,"{""evidenceOfPresence"":""organism""}",,Adult,,2025-01-07 8:01,2025,ASIA,IN,Kerala,India,9.408375,77.039155,2025-01-14 5:50:29,130793
5027725196,,,,,2009-02-16 0:00,2009,ASIA,IN,,,23.663864,81.013351,,
5027416222,,,,,2007-02-13 0:00,2007,ASIA,IN,,,25.996317,76.49231,,
5026438162,,,,,2015-02-18 0:00,2015,ASIA,IN,,,26.608788,93.294525,,
5023805477,,,,,2007-02-15 0:00,2007,ASIA,IN,,,25.996317,76.49231,,
5022542651,,,,,2013-11-10 0:00,2013,ASIA,IN,,,23.663864,81.013351,,
5019171731,,,,,2008-02-29 0:00,2008,ASIA,IN,,,22.41103,80.608063,,
5018659211,,,,,2005-01-04 0:00,2005,ASIA,IN,,,25.996317,76.49231,,
5018440116,,,,,2008-02-26 0:00,2008,ASIA,IN,,,22.41103,80.608063,,
5018348785,,,,,2009-02-17 0:00,2009,ASIA,IN,,,23.663864,81.013351,,
5016733361,,,,,2015-02-22 0:00,2015,ASIA,IN,,,26.937222,92.853699,,
5016479470,,,,,2006-03-12 0:00,2006,ASIA,IN,,,25.996317,76.49231,,
5016031526,,,,,2009-02-18 0:00,2009,ASIA,IN,,,23.663864,81.013351,,
5015960645,,,,,2009-10-18 0:00,2009,ASIA,IN,,,25.996317,76.49231,,
5015071022,,,,,2015-02-20 0:00,2015,ASIA,IN,,,26.919804,92.829636,,
5008423545,"{""evidenceOfPresence"":""organism""}",,,,2007-06-19 17:05,2007,ASIA,IN,Madhya Pradesh,"Madhya Pradesh, IN",23.609706,81.129015,2024-12-29 14:32:44,130793
5008415200,,,,,2024-12-26 17:11:04,2024,ASIA,IN,Maharashtra,"Yavatmal, IN-MH, IN",19.98712,78.419841,2024-12-27 15:50:03,130793
5008356040,"{""evidenceOfPresence"":""organism""}",Female,Adult,"Noor found in Ranthambore National Park Rajistan, India",2024-12-19,2024,ASIA,IN,Rajasthan,"Rajasthan, IN",25.934295,76.423296,2024-12-19 12:43:25,130793
5008327445,"{""evidenceOfPresence"":""organism""}",,,,2024-12-27 16:34:58,2024,ASIA,IN,Rajasthan,"Rajasthan, IN",25.898597,76.286277,2024-12-27 13:29:06,130793
5008267099,"{""evidenceOfPresence"":""organism""}",,,,2024-12-13 15:56,2024,ASIA,IN,Karnataka,"Karnataka, IN",12.040803,76.129683,2024-12-15 2:35:58,130793
5008171381,"{""evidenceOfPresence"":""organism""}",Female,Adult,,2024-12-24 15:27,2024,ASIA,IN,Maharashtra,"Maharashtra, IN",20.294367,79.363404,2024-12-25 10:09:27,130793
5008086581,"{""evidenceOfPresence"":""organism""}",,,It's a female,2024-12-30 16:01:06,2024,ASIA,IN,Madhya Pradesh,"Panna, IN-MP, IN",24.71656,80.062921,2024-12-31 11:38:47,130793
5008067590,"{""evidenceOfPresence"":""organism""}",,,,2024-12-30 16:09:37,2024,ASIA,IN,Madhya Pradesh,"Panna, IN-MP, IN",24.658288,80.084504,2024-12-31 11:38:22,130793
5008040667,"{""evidenceOfPresence"":""organism""}",,,,2024-12-13 15:42,2024,ASIA,IN,Karnataka,"Karnataka, IN",12.090511,76.133297,2024-12-15 2:35:45,130793
5007966895,"{""evidenceOfPresence"":""track""}",,,,2024-12-15 8:15:15,2024,ASIA,IN,Tamil Nadu,"Tamil Nadu, IN",11.309349,76.571585,2024-12-19 7:24:09,130793
5007913619,"{""evidenceOfPresence"":""track""}",,,,2024-10-21 7:16:08,2024,ASIA,IN,Rajasthan,"Sawai Madhopur, IN-RJ, IN",26.015994,76.5938,2024-11-03 2:14:24,41967
5007817301,"{""evidenceOfPresence"":""track""}",,,,2023-12-22 10:57:55,2023,ASIA,IN,Kerala,India,9.494174,77.064048,2023-12-22 14:21:20,41967
5007807097,"{""evidenceOfPresence"":""track""}",,,,2024-10-04 15:36:49,2024,ASIA,IN,Tamil Nadu,"Tamil Nadu, IN",11.265308,76.520647,2024-12-06 4:19:34,41967
5007662246,"{""evidenceOfPresence"":""organism""}",,,,2024-12-26 8:00,2024,ASIA,IN,Maharashtra,"Chandrapur, IN-MH, IN",20.210081,79.263804,2024-12-29 9:15:49,130793
5007530691,"{""evidenceOfPresence"":""organism""}",Male,Adult,,2024-12-25 7:18,2024,ASIA,IN,Maharashtra,"Maharashtra, IN",20.376444,79.379654,2024-12-25 10:15:04,130793
5007477684,"{""evidenceOfPresence"":""organism""}",,,,2024-11-29 12:01,2024,ASIA,IN,Assam,"Assam, IN",26.727471,93.271718,2024-12-25 16:38:34,130793
5007450845,"{""evidenceOfPresence"":""organism""}",,,,2020-01-28 6:04,2020,ASIA,IN,Rajasthan,"Sawai Madhopur, IN-RJ, IN",25.88918,76.560871,2024-12-16 21:41:55,130793
5007385791,,,,,2024-11-29 16:35:47,2024,ASIA,IN,Assam,"Assam, IN",26.782442,93.380032,2024-12-12 16:01:14,130793
5007222933,"{""evidenceOfPresence"":""organism""}",,Adult,,2015-02-26,2015,ASIA,IN,Madhya Pradesh,"Madhya Pradesh, IN",22.213499,80.755701,2024-12-18 16:00:26,130793
5007156890,"{""evidenceOfPresence"":""organism""}",,,,2024-12-13 15:45,2024,ASIA,IN,Karnataka,"Karnataka, IN",12.000467,76.165753,2024-12-15 2:35:52,130793
5007124774,"{""evidenceOfPresence"":""organism""}",,,,2024-12-18 8:11,2024,ASIA,IN,Madhya Pradesh,"Madhya Pradesh, IN",22.326896,80.483234,2024-12-21 17:24:50,130793
5007052089,"{""evidenceOfPresence"":""organism""}",Male,Adult,,2024-12-13,2024,ASIA,IN,Karnataka,"Karnataka, IN",11.913708,76.399022,2024-12-17 9:36:33,130793
5007013776,"{""evidenceOfPresence"":""organism""}",,,,2015-02-21,2015,ASIA,IN,Maharashtra,"Chandrapur, IN-MH, IN",20.13446,79.468723,2024-12-11 21:40:43,130793
5006992337,"{""evidenceOfPresence"":""organism""}",,,,2016-11-26 17:28,2016,ASIA,IN,Madhya Pradesh,"Madhya Pradesh, IN",24.533756,79.98661,2024-12-18 17:10:08,130793
5006855233,"{""evidenceOfPresence"":""organism""}",,,,2012-05-20 17:29,2012,ASIA,IN,Uttarakhand,"Uttarakhand, IN",29.458704,78.95231,2024-12-18 17:12:09,130793
4994656712,"{""evidenceOfPresence"":""organism""}",,,,2024-12-09 9:04:30,2024,ASIA,IN,Rajasthan,"Sawai Madhopur, IN-RJ, IN",26.074766,76.400736,2024-12-09 7:29:36,130793
4994629667,"{""evidenceOfPresence"":""organism""}",,,,2024-06-15 9:23,2024,ASIA,IN,Madhya Pradesh,"Madhya Pradesh, IN",22.280818,80.447396,2024-12-04 4:22:49,130793
4994531991,,,,,2024-11-15 9:38,2024,ASIA,IN,Karnataka,"Karnataka, IN",12.101478,76.0811,2024-11-27 14:37:29,130793
4994499006,,,,,2024-11-15 9:06,2024,ASIA,IN,Karnataka,"Karnataka, IN",12.063024,76.089664,2024-11-27 14:37:35,130793
4994311796,"{""evidenceOfPresence"":""organism""}",Male,,,2015-02-26,2015,ASIA,IN,Madhya Pradesh,"Madhya Pradesh, IN",22.285911,80.657444,2024-12-09 0:18:55,130793
4994166433,"{""evidenceOfPresence"":""organism""}",,,,2024-12-06 15:45,2024,ASIA,IN,Karnataka,India,11.70674,76.753494,2024-12-10 14:39:14,130793
4993900742,,,,"This was another Bengal tiger found in the Pench National Park in Madhya Pradesh, India. It was great to see it in its natural form and habitat!",2024-11-28 23:20:20,2024,ASIA,IN,Madhya Pradesh,"Madhya Pradesh, IN",23.922463,78.441115,2024-11-28 19:48:37,130793
4987854534,"{""evidenceOfPresence"":""organism""}",,,,2024-11-05 16:21,2024,ASIA,IN,Rajasthan,"Rajasthan, IN",25.884496,76.413782,2024-11-25 13:22:09,130793
4987842439,,,,,2024-11-05 16:21,2024,ASIA,IN,Rajasthan,"Rajasthan, IN",25.899427,76.442314,2024-11-25 10:40:15,130793
4987823995,,,,,2024-11-13 20:32,2024,ASIA,IN,Karnataka,"Karnataka, IN",12.087514,76.167233,2024-11-25 15:12:33,130793
4987818499,"{""evidenceOfPresence"":""organism""}",,,,2024-11-05 16:21,2024,ASIA,IN,Rajasthan,"Rajasthan, IN",25.811383,76.543663,2024-11-25 10:40:16,130793
4987751453,,,,,2024-11-25 16:43:40,2024,ASIA,IN,Rajasthan,"Sawai Madhopur, IN-RJ, IN",26.079273,76.534176,2024-11-26 7:02:57,130793
4987721564,,,,,2024-11-05 16:21,2024,ASIA,IN,Rajasthan,"Rajasthan, IN",25.902938,76.51785,2024-11-25 10:40:12,130793
4987672227,"{""evidenceOfPresence"":""organism""}",,,,2024-11-05 16:21,2024,ASIA,IN,Rajasthan,"Rajasthan, IN",25.957438,76.485682,2024-11-25 10:40:16,130793
4987664449,"{""evidenceOfPresence"":""organism""}",,,,2001-03-01 7:59,2001,ASIA,IN,Madhya Pradesh,"Madhya Pradesh, IN",24.463874,79.992454,2024-11-25 20:11:04,130793
4987645266,,,,,2024-11-05 16:21,2024,ASIA,IN,Rajasthan,"Rajasthan, IN",25.836168,76.436582,2024-11-25 10:40:13,130793
4987624586,,,,,2024-11-05 16:22,2024,ASIA,IN,Rajasthan,"Rajasthan, IN",25.82749,76.558296,2024-11-25 10:40:11,130793
4987594344,,,,,2024-11-05 16:21,2024,ASIA,IN,Rajasthan,"Rajasthan, IN",25.998783,76.557057,2024-11-25 10:40:14,130793
4987572442,"{""evidenceOfPresence"":""organism""}",,,,2024-03-29 17:56,2024,ASIA,IN,Rajasthan,"Sawai Madhopur, IN-RJ, IN",26.132319,76.590942,2024-11-26 8:28:33,130793
4987545576,,,,,2024-10-12 15:34:20,2024,ASIA,IN,Tamil Nadu,"Tamil Nadu, IN",11.201186,76.564537,2024-11-23 5:49:19,41967
4987529339,,,,,2024-11-19 17:33:16,2024,ASIA,IN,Maharashtra,"Maharashtra, IN",21.233065,80.191218,2024-11-20 8:41:39,130793
4987516130,"{""evidenceOfPresence"":""organism""}",,,,2024-11-05 16:22,2024,ASIA,IN,Rajasthan,"Rajasthan, IN",25.879933,76.510838,2024-11-25 10:40:14,130793
4987395959,,,,,2024-11-05 16:22,2024,ASIA,IN,Rajasthan,"Rajasthan, IN",25.951376,76.544733,2024-11-25 10:40:12,130793
4981991878,,,,"Dhole, Tiger, Deer",2024-11-17 16:07:23,2024,ASIA,IN,Tamil Nadu,"Tamil Nadu, IN",11.345613,76.419761,2024-11-17 18:07:59,41967
4981954685,"{""evidenceOfPresence"":""organism""}",Male,Adult,,2024-11-10 16:52,2024,ASIA,IN,Maharashtra,"Chandrapur, IN-MH, IN",20.24337,79.325897,2024-11-14 4:57:25,130793
4981942930,,,,,2024-02-16 12:28:15,2024,ASIA,IN,Tamil Nadu,"Tamil Nadu, IN",11.324372,76.533419,2024-02-17 10:39:24,41967
4980746828,,,,,2024-03-01 5:42,2024,ASIA,IN,Uttarakhand,"Uttarakhand, IN",29.569156,78.973486,2024-04-05 3:04:55,130793
4980700459,,,,,2024-02-29 23:19,2024,ASIA,IN,Uttarakhand,"Uttarakhand, IN",29.463953,78.926652,2024-04-05 11:00:40,130793
4980584481,"{""evidenceOfPresence"":""organism""}",,Adult,,2024-03-13 13:23,2024,ASIA,IN,Assam,"Assam, IN",26.756681,93.294125,2024-11-06 12:01:59,130793
4980580809,,,,,2024-10-09 8:15:46,2024,ASIA,IN,Tamil Nadu,"Tamil Nadu, IN",11.300159,76.49995,2024-11-10 4:27:27,41967
4980554728,"{""evidenceOfPresence"":[""organism"",""track""]}",Female,Adult,Image of Tigress is off the Forest department’s motion sensor cameras installed for a night to identify it in order to establish which state’s forest it emerged from as it had entered human settlements. The Forest department confirmed it is a Tigress with cubs.,2024-11-08 16:08:15,2024,ASIA,IN,Tamil Nadu,"Tamil Nadu, IN",9.723518,77.035542,2024-11-10 10:29:30,130793
4980490565,"{""evidenceOfPresence"":""organism""}",Male,Adult,,2023-08-14 14:08:37,2023,ASIA,IN,West Bengal,"North 24 Parganas, IN-WB, IN",21.9034,88.987506,2024-11-06 14:37:11,130793
4980424086,,,,,2024-10-28 8:56:25,2024,ASIA,IN,Tamil Nadu,"Tamil Nadu, IN",11.314278,76.425846,2024-11-10 4:26:54,41967
4980338112,,,,"Tigers are the main feature of the Tadoba National Park in Maharashtra, India. This was taken on a safari in which we were extremely lucky to find a female tigress!",2023-11-27 12:36:44,2023,ASIA,IN,Maharashtra,"Maharashtra, IN",18.694989,76.369666,2024-11-10 20:30:11,130793
4978665312,,,,,2024-10-19 18:58,2024,ASIA,IN,Karnataka,"Karnataka, IN",11.894271,76.109599,2024-10-31 5:31:52,130793
4978443095,,,,,2013-02-13 13:17,2013,ASIA,IN,Rajasthan,"Sawai Madhopur, IN-RJ, IN",26.161242,76.555252,2024-11-04 18:15:55,130793
4978395581,,,,,2024-10-24 12:23,2024,ASIA,IN,Karnataka,India,11.664987,76.483752,2024-11-02 7:13:49,130793
4978272174,"{""evidenceOfPresence"":""organism""}",,Adult,Three cubs. On a Sambar kill.,2024-10-19 12:00,2024,ASIA,IN,Rajasthan,"Sawai Madhopur, IN-RJ, IN",26.173478,76.542085,2024-11-02 17:24:46,130793
4978227676,"{""evidenceOfPresence"":""organism""}",,Adult,,2018-10-10 17:34,2018,ASIA,IN,Rajasthan,"Rajasthan, IN",25.968423,76.4504,2024-11-02 14:06:50,130793
4976512233,,,,,2024-10-18,2024,ASIA,IN,Assam,"Assam, IN",26.604727,93.201449,2024-10-26 17:48:20,130793
4976499934,,,,,2024-10-27 7:59:26,2024,ASIA,IN,Maharashtra,"Chandrapur, IN-MH, IN",20.07233,79.356344,2024-10-30 6:27:11,130793
4976467035,,,,,2024-10-19 22:31,2024,ASIA,IN,Assam,"Assam, IN",26.728124,93.262366,2024-10-26 17:48:22,130793
4976395507,,Female,Adult,,2024-05-02 4:21,2024,ASIA,IN,Uttar Pradesh,"Lakhimpur Kheri, IN-UP, IN",28.278881,80.520153,2024-10-29 5:32:33,130793
4976373734,,,,,2024-10-19,2024,ASIA,IN,Assam,"Assam, IN",26.603588,93.262575,2024-10-26 17:48:20,130793
4976336350,,,,,2024-10-19 10:57,2024,ASIA,IN,Assam,"Assam, IN",26.646767,93.397793,2024-10-27 5:33:44,130793
4976202892,,Male,,,2024-02-13 12:40,2024,ASIA,IN,Uttarakhand,"Uttarakhand, IN",29.442542,79.151126,2024-10-23 14:35:11,130793
4974284005,"{""evidenceOfPresence"":""organism""}",,,,2024-10-05 6:58,2024,ASIA,IN,Uttarakhand,"Uttarakhand, IN",29.421969,78.921696,2024-11-04 17:58:31,130793
4974146473,,,,,2024-10-01 0:59,2024,ASIA,IN,Karnataka,"Karnataka, IN",11.903358,76.022632,2024-10-21 7:08:03,130793
4974088045,,,,,2024-10-16 19:23:30,2024,ASIA,IN,Rajasthan,"Sawai Madhopur, IN-RJ, IN",26.136392,76.551118,2024-11-14 7:18:04,130793
4974010763,"{""evidenceOfPresence"":""organism""}",,Juvenile,Juvenile. Mother in other observation https://www.inaturalist.org/observations/145054100,2022-05-01,2022,ASIA,IN,Rajasthan,"Sawai Madhopur, IN-RJ, IN",26.121735,76.598856,2022-12-25 17:42:42,130793
4954722258,,,,Pawprints,2006-11-27 16:50,2006,ASIA,IN,Rajasthan,"Sawai Madhopur, IN-RJ, IN",26.080273,76.54592,2024-08-19 23:51:45,41967
4954486962,"{""evidenceOfPresence"":""organism""}",,,,2024-10-01 0:58,2024,ASIA,IN,Karnataka,"Karnataka, IN",11.866961,76.132562,2024-10-13 7:45:41,130793
4954298031,"{""evidenceOfPresence"":""track""}",,,,2019-01-08 7:33:04,2019,ASIA,IN,Maharashtra,"Amravati, IN-MH, IN",21.392357,77.316061,2019-09-10 16:41:37,130793
4953211214,"{""evidenceOfPresence"":""organism""}",,,,2015-01-31 22:35,2015,ASIA,IN,Rajasthan,"Rajasthan, IN",25.979584,76.569584,2024-10-08 16:01:56,130793
4952615466,"{""evidenceOfPresence"":""organism""}",,,,2024-10-01 0:52,2024,ASIA,IN,Karnataka,"Karnataka, IN",11.937782,76.180375,2024-10-05 7:57:04,130793
4952223568,"{""evidenceOfPresence"":""organism""}",,Adult,,2018-03-17 17:34:21,2018,ASIA,IN,Assam,"Assam, IN",26.767703,93.339194,2024-10-03 0:12:47,130793
4950228568,,,,,2024-05-01 7:38:04,2024,ASIA,IN,Tamil Nadu,"Tamil Nadu, IN",11.287567,76.501582,2024-05-04 11:26:43,41967
4950115866,"{""evidenceOfPresence"":""organism""}",Male,Juvenile,,2018-05-27 6:59:10,2018,ASIA,IN,Maharashtra,"Chandrapur, IN-MH, IN",20.119293,79.203561,2024-09-19 8:19:20,130793
4950042012,"{""evidenceOfPresence"":""organism""}",,,,2024-09-08 10:26,2024,ASIA,IN,Tamil Nadu,"Tamil Nadu, IN",11.523532,76.528428,2024-09-19 8:18:34,130793
4949931950,,,,,2024-05-09 16:20,2024,ASIA,IN,Maharashtra,"Maharashtra, IN",20.296445,79.224673,2024-09-18 8:31:43,130793
4946693159,,,,Photographer Simon Reece - client of Royle Safaris on tour,2024-02-08 16:30,2024,ASIA,IN,West Bengal,"West Bengal, IN",21.820376,88.884113,2024-09-11 15:48:47,130793
4946692789,,,,Photographer Mark Langston - guide for Royle Safaris on tour,2024-02-21 16:12,2024,ASIA,IN,Maharashtra,"Chandrapur, IN-MH, IN",20.274453,79.250368,2024-09-10 16:16:15,130793
4946688547,,,,Photographer Mark Langston - guide for Royle Safaris on tour,2024-02-23 16:12,2024,ASIA,IN,Maharashtra,"Chandrapur, IN-MH, IN",20.258586,79.284367,2024-09-10 16:16:45,130793
4946616177,,,,Photographer Mark Langston - guide for Royle Safaris on tour,2024-02-22 16:12,2024,ASIA,IN,Maharashtra,"Chandrapur, IN-MH, IN",20.27308,79.371956,2024-09-10 16:16:49,130793
4946550299,"{""evidenceOfPresence"":""organism""}",,,"Saw 6 tigers, Archie with two cubs and Neelam. Lots of Pittas",2024-06-02 11:22,2024,ASIA,IN,Maharashtra,"Yavatmal, IN-MH, IN",19.881347,78.554327,2024-09-08 12:45:51,130793
4946308806,,,,Photographer Mark Langston - guide for Royle Safaris on tour,2024-02-23 16:12,2024,ASIA,IN,Maharashtra,"Chandrapur, IN-MH, IN",20.279862,79.291411,2024-09-10 16:16:17,130793
4946290317,,,,Photographer Mark Langston - guide for Royle Safaris on tour,2024-02-25 16:12,2024,ASIA,IN,Maharashtra,"Chandrapur, IN-MH, IN",20.391239,79.346601,2024-09-10 16:16:39,130793
4946272312,"{""evidenceOfPresence"":""track""}",,,,2024-09-13 15:51:28,2024,ASIA,IN,Tamil Nadu,"Tamil Nadu, IN",11.36294,76.584175,2024-10-05 9:16:38,130793
4946264145,,,,Photographer Mark Langston - guide for Royle Safaris on tour,2024-02-20 16:12,2024,ASIA,IN,Maharashtra,"Chandrapur, IN-MH, IN",20.283719,79.387526,2024-09-10 16:16:19,130793
4946241490,,,,Photographer Mark Langston - guide for Royle Safaris on tour,2024-02-23 16:12,2024,ASIA,IN,Maharashtra,"Chandrapur, IN-MH, IN",20.33742,79.240689,2024-09-10 16:16:36,130793
4946185585,,,,Photographer Mark Langston - guide for Royle Safaris on tour,2024-02-23 16:12,2024,ASIA,IN,Maharashtra,"Chandrapur, IN-MH, IN",20.347837,79.308871,2024-09-10 16:16:52,130793
4946041364,"{""evidenceOfPresence"":""track""}",,,,2024-09-13 15:39:56,2024,ASIA,IN,Tamil Nadu,"Tamil Nadu, IN",11.263457,76.413421,2024-10-05 9:16:57,130793
4945912111,,,,Photographer Mark Langston - guide for Royle Safaris on tour,2024-02-22 16:12,2024,ASIA,IN,Maharashtra,"Chandrapur, IN-MH, IN",20.228727,79.296758,2024-09-10 16:16:16,130793
4945868805,"{""evidenceOfPresence"":""track""}",,,,2024-09-11 15:54:25,2024,ASIA,IN,Tamil Nadu,"Tamil Nadu, IN",11.369448,76.426265,2024-10-05 9:14:13,130793
4945864744,,,,Photographer Mark Langston - guide for Royle Safaris on tour,2024-02-25 16:12,2024,ASIA,IN,Maharashtra,"Chandrapur, IN-MH, IN",20.20786,79.369412,2024-09-10 16:16:33,130793
4945845526,,,,Photographer Mark Langston - guide for Royle Safaris on tour,2024-02-21 16:12,2024,ASIA,IN,Maharashtra,"Chandrapur, IN-MH, IN",20.281998,79.25433,2024-09-10 16:16:42,130793
4945798572,,,,Photographer Mark Langston - guide for Royle Safaris on tour,2024-02-24 16:12,2024,ASIA,IN,Maharashtra,"Chandrapur, IN-MH, IN",20.34786,79.361699,2024-09-10 16:16:30,130793
4945746641,,,,Photographer Mark Langston - guide for Royle Safaris on tour,2024-02-22 16:12,2024,ASIA,IN,Maharashtra,"Chandrapur, IN-MH, IN",20.302096,79.306276,2024-09-10 16:16:23,130793
4945608378,,,,Photographer Mark Langston - guide for Royle Safaris on tour,2024-02-24 16:12,2024,ASIA,IN,Maharashtra,"Chandrapur, IN-MH, IN",20.256868,79.316847,2024-09-10 16:16:54,130793
4945526079,,,,Photographer Mark Langston - guide for Royle Safaris on tour,2024-02-23 16:12,2024,ASIA,IN,Maharashtra,"Chandrapur, IN-MH, IN",20.240202,79.375911,2024-09-10 16:16:18,130793
4945510810,,,,Photographer Mark Langston - guide for Royle Safaris on tour,2024-02-25 16:12,2024,ASIA,IN,Maharashtra,"Chandrapur, IN-MH, IN",20.39233,79.316833,2024-09-10 16:16:26,130793
4945510809,,,,Photographer Mark Langston - guide for Royle Safaris on tour,2024-02-24 16:12,2024,ASIA,IN,Maharashtra,"Chandrapur, IN-MH, IN",20.302896,79.204878,2024-09-10 16:16:20,130793
4945494634,,,Juvenile,Photographer Mark Langston - client of Royle Safaris on tour,2024-02-22 16:48,2024,ASIA,IN,Maharashtra,"Chandrapur, IN-MH, IN",20.33226,79.262688,2024-09-12 16:18:22,130793
4945476170,,,,Photographer Mark Langston - guide for Royle Safaris on tour,2024-02-20 16:12,2024,ASIA,IN,Maharashtra,"Chandrapur, IN-MH, IN",20.324899,79.222477,2024-09-10 16:16:16,130793
4937006417,,,Adult,"Territorial tiger scratch marks on a roadside tree. To get a sense of scale, see second photo of park ranger demonstrating how it's done. He's about 5.5 feet tall.",2014-05-11 6:26,2014,ASIA,IN,Madhya Pradesh,"Umaria, IN-MP, IN",23.619998,80.801573,2020-12-08 7:06:25,41967
4936930437,"{""evidenceOfPresence"":""track""}",,,On safari in Nagarhole NP (Coorg Side),2024-07-12 16:31:38,2024,ASIA,IN,Karnataka,"Karnataka, IN",12.147537,76.101216,2024-07-14 5:38:40,130793
4936830486,,,Adult,"Male tiger resting in a shady pond. He was unconcerned about being watched from a distance until a clueless person's cell phone rang (against the regulations of the park, I might add). Seriously? I have his name somewhere but can't locate those notes right now.",2014-05-11 19:06,2014,ASIA,IN,Madhya Pradesh,"Umaria, IN-MP, IN",23.614023,80.905304,2020-12-11 9:28:28,130793
4936385051,,,,"Older tiger ""cub"" keeping cool in a shallow pool. He was startled by a tourist on the hillside behind him, riding an elephant instead of a jeep; elephant safaris promise closer observations, but this tiger didn't get that memo and took off when the sound of breaking branches came too near. Not the same cat as: https://www.inaturalist.org/observations/66280544 Reportedly child of this female: https://www.inaturalist.org/observations/66283701",2014-05-09 20:16,2014,ASIA,IN,Madhya Pradesh,"Umaria, IN-MP, IN",23.767712,80.918396,2020-12-08 5:56:07,130793
4936373147,,,,"According to our park ranger, who knows all the tigers of this small park, this cub is almost three years old and about to be pushed out by its mama. There was no sign of mama nearby the evening. Not the same cat as: https://www.inaturalist.org/observations/66280545 Reportedly child of this female: https://www.inaturalist.org/observations/66283701",2014-05-09 19:36,2014,ASIA,IN,Madhya Pradesh,"Umaria, IN-MP, IN",23.740623,80.919579,2020-12-08 5:44:42,130793
4936367836,,Male,Adult,"The area's dominant male, named Bamera, walks toward alarm calls from the hillside on our right. Could be a competitor he has to chase off. That's closer than I thought I'd ever be--in an open jeep--from a wild, dominant male tiger.",2014-05-10 21:57,2014,ASIA,IN,Madhya Pradesh,"Umaria, IN-MP, IN",23.751201,80.995486,2020-12-08 8:30:02,130793
4936300469,,,,Tiger paw prints on the road.,2014-05-08 18:58,2014,ASIA,IN,Madhya Pradesh,"Umaria, IN-MP, IN",23.636982,80.975826,2020-12-08 4:45:42,41967
4936168342,,,,,2024-04-22 7:33:04,2024,ASIA,IN,Tamil Nadu,"Tamil Nadu, IN",11.392704,76.580097,2024-08-05 7:11:13,41967
4936144547,,,,,2024-02-23 7:33,2024,ASIA,IN,Rajasthan,"Rajasthan, IN",25.87796,76.429478,2024-08-27 19:57:58,130793
4936111612,,,,,2024-08-28 16:27:11,2024,ASIA,IN,Tamil Nadu,"Tamil Nadu, IN",11.388007,76.469875,2024-08-30 10:54:32,41967
4936110728,,Female,Adult,"Park ranger tells us this is a female who has older cubs she's teaching to hunt, soon to be kicked out. They call her “the Banbahi female,"" because she lives in the Banbahi forest. She was stalking something, creeping up the hill, but eventually just walked away. According to our local guide, she is the mother of two cubs. Two offspring, according to park ranger: 🐅 https://www.inaturalist.org/observations/66280545 🐅 https://www.inaturalist.org/observations/66280544",2014-05-09 21:32,2014,ASIA,IN,Madhya Pradesh,"Umaria, IN-MP, IN",23.751925,80.999454,2020-12-08 8:29:55,130793
4935898072,"{""evidenceOfPresence"":""track""}",,,"found on trek inside forest, was confirmed by an experienced forest ranger on field",2024-07-07 14:07,2024,ASIA,IN,Kerala,"Kerala, IN",11.24976,76.365711,2024-07-24 14:11:46,41967
4935884944,,,,,2024-08-28 15:29:54,2024,ASIA,IN,Tamil Nadu,"Tamil Nadu, IN",11.395144,76.400449,2024-08-30 10:54:41,41967
4926309339,,,,,2023-09-06 10:31:08,2023,ASIA,IN,Uttarakhand,"Garhwal, IN-UT, IN",29.734195,78.583812,2024-08-16 11:52:44,41967
4926056602,,,,,2023-09-07 11:12:13,2023,ASIA,IN,Uttarakhand,"Uttarakhand, IN",29.700184,78.425719,2024-08-16 11:46:55,41967
4925967423,,,,,2006-11-28 16:15,2006,ASIA,IN,Rajasthan,"Sawai Madhopur, IN-RJ, IN",26.174034,76.405326,2024-08-20 17:23:24,130793
4925932644,,,,,2006-11-28 16:45,2006,ASIA,IN,Rajasthan,"Sawai Madhopur, IN-RJ, IN",26.12694,76.465803,2024-08-20 14:03:11,130793
4921687668,,,,,2024-02-22 17:51:17,2024,ASIA,IN,Uttarakhand,"Uttarakhand, IN",29.666901,78.748684,2024-08-03 20:17:10,130793
4919658829,"{""evidenceOfPresence"":""organism""}",Female,Adult,Tiger is known as Choto Maa,2024-07-18 12:44,2024,ASIA,IN,West Bengal,"North 24 Parganas, IN-WB, IN",21.875223,88.705366,2024-07-24 9:11:29,130793
4919488155,"{""evidenceOfPresence"":""organism""}",,,,2024-07-18 12:44,2024,ASIA,IN,West Bengal,"North 24 Parganas, IN-WB, IN",21.89994,88.676964,2024-07-27 5:25:01,130793
4919103359,"{""evidenceOfPresence"":""organism""}",,,Female with a cub,2024-05-20,2024,ASIA,IN,Uttar Pradesh,"Lakhimpur Kheri, IN-UP, IN",28.394807,80.322485,2024-07-26 11:58:16,130793
4911037565,"{""evidenceOfPresence"":""organism""}",,,,2024-07-18 11:34:15,2024,ASIA,IN,West Bengal,"West Bengal, IN",22.066978,88.721111,2024-07-18 14:09:06,130793
4910995209,,,,,2024-02-18 13:07:06,2024,ASIA,IN,Madhya Pradesh,"Madhya Pradesh, IN",21.761842,79.352214,2024-07-21 8:34:31,130793
4910988800,,,,,2024-02-18 13:02:27,2024,ASIA,IN,Maharashtra,"Maharashtra, IN",21.702016,79.245866,2024-07-21 8:34:24,130793
4909226002,"{""evidenceOfPresence"":""organism""}",,,,2024-06-16 12:38,2024,ASIA,IN,Madhya Pradesh,"Madhya Pradesh, IN",23.679081,81.157587,2024-07-10 18:41:46,130793
4909219019,"{""evidenceOfPresence"":""organism""}",,,,2024-06-01 18:35,2024,ASIA,IN,Rajasthan,"Rajasthan, IN",25.827514,76.425927,2024-07-03 11:35:42,130793
4908758130,,,,,2023-09-01 8:36:15,2023,ASIA,IN,Uttarakhand,"Uttarakhand, IN",30.12285,78.35284,2024-07-16 9:24:26,130793
4908682653,"{""evidenceOfPresence"":""organism""}",,,,2024-06-17 20:10,2024,ASIA,IN,Madhya Pradesh,"Madhya Pradesh, IN",23.674917,81.159789,2024-07-10 18:45:06,130793
4908632061,"{""evidenceOfPresence"":""organism""}",,,,2024-05-23 18:53,2024,ASIA,IN,Rajasthan,"Alwar, IN-RJ, IN",27.258891,76.499216,2024-07-03 10:29:31,130793
4908621209,"{""evidenceOfPresence"":""organism""}",,,,2024-06-17 9:47,2024,ASIA,IN,Madhya Pradesh,"Madhya Pradesh, IN",23.624925,81.053759,2024-07-10 18:43:39,130793
4908542705,"{""evidenceOfPresence"":""organism""}",,,On safari in Nagarhole NP (Coorg Side),2024-07-12 17:48,2024,ASIA,IN,Karnataka,"Karnataka, IN",12.018885,76.180265,2024-07-15 6:17:04,130793
4908497335,"{""evidenceOfPresence"":""organism""}",,,,2024-06-17 17:54,2024,ASIA,IN,Madhya Pradesh,"Madhya Pradesh, IN",23.64446,81.10832,2024-07-10 18:44:55,130793
4908494872,"{""evidenceOfPresence"":""organism""}",,,,2024-06-17 8:19,2024,ASIA,IN,Madhya Pradesh,"Madhya Pradesh, IN",23.610432,81.113734,2024-07-10 18:43:53,130793
4908471459,"{""evidenceOfPresence"":""organism""}",,,,2024-06-16 8:50,2024,ASIA,IN,Madhya Pradesh,"Madhya Pradesh, IN",23.625077,81.021436,2024-07-10 18:41:34,130793
4908337277,"{""evidenceOfPresence"":""organism""}",,,,2024-05-25 6:33,2024,ASIA,IN,Rajasthan,"Alwar, IN-RJ, IN",27.371367,76.538777,2024-07-03 11:09:20,130793
4908327666,"{""evidenceOfPresence"":""track""}",,,,2024-07-02 15:26:02,2024,ASIA,IN,Tamil Nadu,"Tamil Nadu, IN",11.368657,76.529597,2024-07-07 4:13:05,130793
4904369597,"{""evidenceOfPresence"":""organism""}",,,,2024-05-05 17:06,2024,ASIA,IN,Karnataka,India,11.78923,76.606588,2024-07-02 4:47:17,130793
4904338040,"{""evidenceOfPresence"":""organism""}",Indeterminate,Adult,,2024-06-28 7:52,2024,ASIA,IN,Rajasthan,"Sawai Madhopur, IN-RJ, IN",26.001077,76.444152,2024-06-30 6:24:08,130793
4904274057,"{""evidenceOfPresence"":""organism""}",,,,2024-05-27 1:08,2024,ASIA,IN,Madhya Pradesh,"Raisen, IN-MP, IN",23.038993,78.151628,2024-06-28 22:36:13,130793
4902041589,,,,,2024-05-08 8:01,2024,ASIA,IN,Maharashtra,"Maharashtra, IN",21.568118,79.360737,2024-06-16 10:41:58,130793
4902030537,,,,,2024-03-18 15:23,2024,ASIA,IN,Rajasthan,"Rajasthan, IN",25.973084,76.245395,2024-04-07 13:00:45,41967
4901947630,,,,,2024-05-06 18:01,2024,ASIA,IN,Maharashtra,"Maharashtra, IN",21.430787,79.248895,2024-06-16 10:41:57,130793
4901806028,"{""evidenceOfPresence"":""organism""}",,,Copyright Ranzi Photography,2018-09-18 16:04,2018,ASIA,IN,West Bengal,"West Bengal, IN",21.929011,88.923933,2024-06-21 13:42:30,130793
4901797036,"{""evidenceOfPresence"":""track""}",,,"Pug marks, territorial markings",2024-01-10 11:29:33,2024,ASIA,IN,Uttarakhand,"Nainital, IN-UT, IN",29.301912,79.333671,2024-05-23 6:06:02,41967
4901747602,,,,,2022-04-05 16:49,2022,ASIA,IN,Uttarakhand,"Uttarakhand, IN",29.556724,79.064665,2024-04-12 21:16:35,41967
4901689794,"{""evidenceOfPresence"":""track""}",,,,2020-02-03 18:29,2020,ASIA,IN,Madhya Pradesh,"Madhya Pradesh, IN",23.739201,81.068834,2023-03-17 14:23:52,130793
4901686329,"{""evidenceOfPresence"":""organism""}",,,,2024-05-11 18:08,2024,ASIA,IN,Maharashtra,"Chandrapur, IN-MH, IN",20.241636,79.240733,2024-06-16 11:10:03,130793
4901686318,,,,,2024-05-06 16:26,2024,ASIA,IN,Maharashtra,"Maharashtra, IN",21.548261,79.371324,2024-06-16 10:41:56,130793
4901682112,,,,,2024-05-09 6:44,2024,ASIA,IN,Maharashtra,"Maharashtra, IN",21.419153,79.296602,2024-06-16 10:41:58,130793
4901479308,,,,Fresh tracks,2023-12-05 8:37,2023,ASIA,IN,Madhya Pradesh,"Madhya Pradesh, IN",24.69638,79.838351,2024-05-05 22:46:43,130793
4901425795,"{""evidenceOfPresence"":""organism""}",,Adult,,2017-04-12 13:22,2017,ASIA,IN,Maharashtra,"Chandrapur, IN-MH, IN",20.33906,79.334941,2024-06-19 12:32:22,130793
4901425774,"{""evidenceOfPresence"":""organism""}",,,,2023-12-02 7:26,2023,ASIA,IN,Madhya Pradesh,"Madhya Pradesh, IN",22.367036,80.54002,2024-06-19 12:24:19,130793
4901389023,"{""evidenceOfPresence"":""organism""}",Female,Adult,"""Queen of Panna"" Pantheratigristigris #April2024 #PannaTigerReserve #Panna #MadhyaPradesh #CitizensFor Nature #cfnsociety",2024-04-17,2024,ASIA,IN,Madhya Pradesh,"Panna, IN-MP, IN",24.691052,80.041252,2024-06-17 4:11:34,130793
4901324046,,,,,2023-09-22 16:49,2023,ASIA,IN,Rajasthan,"Rajasthan, IN",25.985524,76.439441,2023-09-28 10:54:55,41967
4901290508,"{""evidenceOfPresence"":""organism""}",,,,2023-12-14 13:10,2023,ASIA,IN,Rajasthan,"Alwar, IN-RJ, IN",27.221938,76.55122,2024-06-21 13:59:20,130793
4901284546,"{""evidenceOfPresence"":""organism""}",,,,2024-05-05 7:59,2024,ASIA,IN,Karnataka,India,11.704008,76.708694,2024-06-22 4:12:11,130793
4901224212,"{""evidenceOfPresence"":""organism""}",,,,2024-05-11 18:24,2024,ASIA,IN,Maharashtra,"Chandrapur, IN-MH, IN",20.35516,79.308382,2024-06-16 11:10:04,130793
4901224202,,,,,2024-05-06 16:37,2024,ASIA,IN,Maharashtra,"Maharashtra, IN",21.541162,79.21514,2024-06-16 10:41:56,130793
4901219498,"{""evidenceOfPresence"":""organism""}",,,,2017-04-10 13:22,2017,ASIA,IN,Maharashtra,"Chandrapur, IN-MH, IN",20.309347,79.239683,2024-06-19 12:32:27,130793
4901164952,,,,,2024-03-19 4:27,2024,ASIA,IN,Rajasthan,"Alwar, IN-RJ, IN",27.378159,76.442524,2024-05-05 17:04:22,41967
4901157626,"{""evidenceOfPresence"":""organism""}",Male,Juvenile,,2024-06-02 6:22:11,2024,ASIA,IN,Maharashtra,"Chandrapur, IN-MH, IN",20.444503,79.266543,2024-06-19 9:29:28,130793
4901145391,,,,Pugmark was seen....,2011-01-12 16:58,2011,ASIA,IN,Madhya Pradesh,"Madhya Pradesh, IN",22.24562,80.4939,2023-08-21 6:12:01,130793
4901135306,,,,,2024-05-09 8:41,2024,ASIA,IN,Maharashtra,"Maharashtra, IN",21.419211,79.285733,2024-06-16 10:41:58,130793
4901088722,,,,,2024-05-07 7:15,2024,ASIA,IN,Maharashtra,"Maharashtra, IN",21.462462,79.391403,2024-06-16 10:41:57,130793
4901074494,"{""evidenceOfPresence"":""track""}",Indeterminate,Adult,Too big to be a leopard,2023-06-04 17:23:40,2023,ASIA,IN,Karnataka,"Chamrajnagar, IN-KA, IN",11.92246,77.172027,2023-07-08 7:21:57,130793
4901017606,,,,,2024-05-11 14:42,2024,ASIA,IN,Maharashtra,"Chandrapur, IN-MH, IN",20.337487,79.243929,2024-06-16 11:10:03,130793
4901013763,,,,,2024-05-10 15:47,2024,ASIA,IN,Maharashtra,"Chandrapur, IN-MH, IN",20.269233,79.328945,2024-06-16 11:10:01,130793
4901013352,,,,,2017-10-26 12:31,2017,ASIA,IN,Maharashtra,"Chandrapur, IN-MH, IN",20.320508,79.361778,2024-06-15 16:25:31,130793
4901012022,"{""evidenceOfPresence"":""organism""}",,,,2024-05-11 5:51,2024,ASIA,IN,Maharashtra,"Chandrapur, IN-MH, IN",20.274075,79.367109,2024-06-16 11:10:02,130793
4892069480,"{""evidenceOfPresence"":""organism""}",Male,Adult,,2013-06-20 17:34,2013,ASIA,IN,Madhya Pradesh,"Madhya Pradesh, IN",22.238109,80.520341,2024-06-07 9:02:03,130793
4891782938,"{""evidenceOfPresence"":""organism""}",,Adult,,2013-06-20 17:26,2013,ASIA,IN,Madhya Pradesh,"Madhya Pradesh, IN",22.38928,80.557734,2024-06-07 9:01:52,130793
4891717742,,,,,2023-03-14 13:42,2023,ASIA,IN,Karnataka,"Karnataka, IN",11.916774,76.333886,2024-06-11 18:33:35,130793
4879747146,,,,,2020-05-17,2020,ASIA,IN,Tamil Nadu,Valparai_Cooperative_Colony,10.335628,76.963406,,
4879746801,,,,username:Srini | timestamp:15Mar2021_12:20 | Total_count | Sign_Dropping | On 37thHPB Phenology trail,2021-03-15,2021,ASIA,IN,Tamil Nadu,Kavarkal_to_40th_bend,10.376316,76.993157,,
4875485859,"{""evidenceOfPresence"":""track""}",,,,2023-06-01 7:18,2023,ASIA,IN,Uttar Pradesh,"Uttar Pradesh, IN",28.219595,81.072775,2023-06-01 13:31:45,41967
4875366254,"{""evidenceOfPresence"":[""construction"",""track""]}",Indeterminate,Adult,Fresh track on mud bank,2024-01-13 17:42,2024,ASIA,IN,Maharashtra,"Chandrapur, IN-MH, IN",20.143921,79.249922,2024-05-29 18:38:04,130793
4875232486,,,,Location approximate. Tadoba NP.,2024-01-14 9:14,2024,ASIA,IN,Maharashtra,"Chandrapur, IN-MH, IN",20.314524,79.298254,2024-05-29 20:59:57,130793
4875162974,,,,Mother with Three Sub adult cubs,2023-11-05 11:28,2023,ASIA,IN,Maharashtra,"Chandrapur, IN-MH, IN",20.305678,79.381126,2024-06-03 15:14:50,130793
4875084972,"{""evidenceOfPresence"":""track""}",,,,2023-10-31 16:40:46,2023,ASIA,IN,Madhya Pradesh,"Madhya Pradesh, IN",22.278752,80.739355,,41967
4874982814,"{""evidenceOfPresence"":""track""}",,,,2019-05-30 6:30:22,2019,ASIA,IN,Uttarakhand,"Uttarakhand, IN",29.525043,79.046108,2024-04-21 3:29:25,130793
4872630747,"{""evidenceOfPresence"":""organism""}",Female,Adult,,2020-10-22 17:12,2020,ASIA,IN,Maharashtra,"Chandrapur, IN-MH, IN",20.257634,79.250187,2024-05-26 6:34:49,130793
4872499829,"{""evidenceOfPresence"":""organism""}",Female,Adult,,2024-05-08 9:23,2024,ASIA,IN,Madhya Pradesh,"Madhya Pradesh, IN",22.340698,80.437953,2024-05-27 1:12:46,130793
4872456045,,,,V7 Male,2024-05-13 17:05,2024,ASIA,IN,Maharashtra,"Chandrapur, IN-MH, IN",20.34951,79.438147,2024-05-27 17:28:50,130793
4872376964,,,,,2024-05-08 6:40,2024,ASIA,IN,Madhya Pradesh,"Madhya Pradesh, IN",22.390364,80.56799,2024-05-27 1:13:11,130793
4872280874,,,,,2024-05-01 8:01:17,2024,ASIA,IN,Tamil Nadu,"Tamil Nadu, IN",11.227316,76.516018,2024-05-07 11:27:54,41967
4872237022,"{""evidenceOfPresence"":""organism""}",Male,Adult,,2024-05-07 7:56,2024,ASIA,IN,Madhya Pradesh,"Madhya Pradesh, IN",22.314003,80.502068,2024-05-27 18:50:35,130793
4872209921,"{""evidenceOfPresence"":""organism""}",Indeterminate,Juvenile,,2020-10-23 17:48,2020,ASIA,IN,Maharashtra,"Chandrapur, IN-MH, IN",20.318996,79.221105,2024-05-26 6:33:27,130793
4872123876,,,,,2023-01-24 4:36,2023,ASIA,IN,Rajasthan,"Rajasthan, IN",25.84883,76.458121,2024-05-29 9:06:48,130793
4872030954,,,,X Mark Sub Adult,2024-05-13 15:30:35,2024,ASIA,IN,Maharashtra,"Chandrapur, IN-MH, IN",20.348017,79.570319,2024-05-27 17:25:58,130793
4868078466,,,,,2015-06-08 12:55,2015,ASIA,IN,Maharashtra,"Chandrapur, IN-MH, IN",20.337902,79.398621,2024-05-15 12:04:50,130793
4867953988,,,,,2014-01-11 9:10,2014,ASIA,IN,Madhya Pradesh,"Madhya Pradesh, IN",22.342341,80.486603,2024-05-15 11:31:00,130793
4867908868,,,,,2014-01-11 9:10,2014,ASIA,IN,Madhya Pradesh,"Madhya Pradesh, IN",22.246447,80.588222,2024-05-15 11:31:00,130793
4867860723,,,,Pugmarks of a Male Tiger were Seen,2011-01-14 16:06,2011,ASIA,IN,Madhya Pradesh,"Madhya Pradesh, IN",22.277445,80.620062,2023-08-21 6:30:06,130793
4867836202,,,,,2015-06-03 12:55,2015,ASIA,IN,Maharashtra,"Chandrapur, IN-MH, IN",20.33227,79.213729,2024-05-15 12:04:47,130793
4867701790,,,,,2014-01-12 12:17,2014,ASIA,IN,Madhya Pradesh,"Madhya Pradesh, IN",22.375708,80.64897,2024-05-15 11:31:03,130793
4867666843,,,,,2014-01-12 12:17,2014,ASIA,IN,Madhya Pradesh,"Madhya Pradesh, IN",22.221499,80.404498,2024-05-15 11:31:02,130793
4867638046,,,,,2014-01-13 12:17,2014,ASIA,IN,Madhya Pradesh,"Madhya Pradesh, IN",22.308349,80.518756,2024-05-15 11:31:03,130793
4867571468,"{""evidenceOfPresence"":""organism""}",,Adult,,2024-05-18 7:45,2024,ASIA,IN,Uttar Pradesh,"Uttar Pradesh, IN",28.411579,80.687665,2024-05-18 15:56:29,130793
4866472129,,,,,2024-03-18,2024,ASIA,IN,,"Sundargarh, Odisha, India",22.120021,84.037224,,164696
4866471902,,,,,2024-03-26,2024,ASIA,IN,,"Kota, Rajasthan, India",25.213816,75.864753,,164696
4866469793,,,,,2023-07-29,2023,ASIA,IN,,"5QWR+RG Kota, Rajasthan, India",25.1971,75.7913,,164696
4866468890,,,,,2024-03-05,2024,ASIA,IN,,"Kota, Rajasthan, India",25.213816,75.864753,,164696
4866466363,,,,,2021-05-26,2021,ASIA,IN,,"Bhopal, Madhya Pradesh, India",23.259933,77.412615,,164696
4866466022,,,,,2023-12-02,2023,ASIA,IN,,"9RVC+V7P Nocturnal House, Nandankanan Rd, Bhubaneswar, Odisha 754005, India",20.3944,85.8199,,164696
4866463302,,,,,2024-02-28,2024,ASIA,IN,,"District Pilibhit, P22J+6FR, Pilibhit, Uttar Pradesh 262122",28.700601,80.031136,,164696
4866462921,,,,,2024-05-16,2024,ASIA,IN,,"XM8F+9Q6, Kolipura, Kotbaori, Rajasthan 324001, India",24.965924,75.674401,,164696
4866462692,,,,,2024-04-26,2024,ASIA,IN,,"5QXV+98, Kota, Rajasthan 323021, India",25.198494,75.793355,,164696
4866462380,,,,,2024-03-20,2024,ASIA,IN,,"At Post Patanbori, Tal. Khedpur, Tipeshwar, Maharashtra 445302",19.916191,78.44109,,164696
4866461779,,,,,2024-03-15,2024,ASIA,IN,,"Kelakam, Kerala 670674",11.894453,75.809814,,164696
4866461584,,,,,2024-01-29,2024,ASIA,IN,,"Hediyala, Karnataka 571315",11.941584,76.490287,,164696
4863945822,,Male,Juvenile,Cob of Bhanuskindi Shiva,2024-05-13 8:05,2024,ASIA,IN,Maharashtra,"Chandrapur, IN-MH, IN",20.538588,79.378452,2024-05-13 8:30:43,130793
4863904310,"{""evidenceOfPresence"":""organism""}",,,,2013-11-13 16:34,2013,ASIA,IN,Madhya Pradesh,"Madhya Pradesh, IN",22.334665,80.528915,2024-05-14 15:56:46,130793
4863807722,"{""evidenceOfPresence"":""organism""}",Male,Adult,"Assam, India",2024-04-09 12:27,2024,ASIA,IN,Assam,"Assam, IN",26.52323,93.172423,2024-05-15 1:08:35,130793
4863665355,,,,Weera with 2 Cubs,2024-05-12 20:09:04,2024,ASIA,IN,Maharashtra,"Chandrapur, IN-MH, IN",20.35845,79.533866,2024-05-12 14:40:28,130793
4863415177,,Female,Juvenile,Cub of Jharni,2024-05-13 9:08,2024,ASIA,IN,Maharashtra,"Chandrapur, IN-MH, IN",20.509029,79.330849,2024-05-13 8:30:34,130793
4855275398,,,,,2024-04-29 7:41:59,2024,ASIA,IN,Karnataka,"Karnataka, IN",11.964852,76.231707,2024-05-05 19:18:56,130793
4854871342,,,,,2015-03-04 16:19,2015,ASIA,IN,Madhya Pradesh,"Madhya Pradesh, IN",23.75253,81.015653,2024-05-01 15:36:26,130793
4853082433,,,,,2010-01-10 12:28,2010,ASIA,IN,Madhya Pradesh,"Umaria, IN-MP, IN",23.875075,80.928537,2024-04-24 15:22:05,130793
4852957193,,,,,2010-01-11 12:21,2010,ASIA,IN,Madhya Pradesh,"Umaria, IN-MP, IN",23.943775,80.914764,2024-04-24 15:21:43,130793
4852799334,"{""evidenceOfPresence"":""track""}",,,,2024-04-04 7:17:58,2024,ASIA,IN,Uttarakhand,"Uttarakhand, IN",29.522267,79.123036,2024-04-25 8:52:46,130793
4852607623,,,,,2024-04-06 5:37,2024,ASIA,IN,Madhya Pradesh,"Madhya Pradesh, IN",22.338676,80.59985,2024-04-22 15:10:37,130793
4852604910,,,,,2012-03-10 8:11,2012,ASIA,IN,Madhya Pradesh,"Madhya Pradesh, IN",23.613325,80.988599,2024-04-30 12:59:12,130793
4852566044,,,,,2012-03-13 13:43,2012,ASIA,IN,Madhya Pradesh,"Umaria, IN-MP, IN",23.665731,80.92572,2024-04-30 12:59:17,130793
4852035630,,,,,2024-04-18 7:11,2024,ASIA,IN,Madhya Pradesh,"Panna, IN-MP, IN",24.768748,80.001307,2024-04-19 3:11:17,130793
4851996384,,,,,2010-01-13 10:13,2010,ASIA,IN,Madhya Pradesh,"Umaria, IN-MP, IN",23.982866,80.986656,2024-04-24 15:21:14,130793
4851959409,,,,,2024-04-20 16:13,2024,ASIA,IN,Madhya Pradesh,"Madhya Pradesh, IN",23.614449,81.11711,2024-04-20 17:00:50,130793
4851873668,,,,,2024-04-27 7:23,2024,ASIA,IN,Madhya Pradesh,"Panna, IN-MP, IN",24.758223,80.161107,2024-04-29 23:43:58,130793
4851780269,,,,,2011-12-22 13:04,2011,ASIA,IN,Uttarakhand,"Uttarakhand, IN",29.41119,78.96459,2024-04-30 12:14:26,130793
4851773829,,,,,2010-01-13 3:24,2010,ASIA,IN,Madhya Pradesh,"Madhya Pradesh, IN",23.753644,80.935967,2024-04-24 15:21:17,130793
4847204991,,,,,2022-04-06 18:28,2022,ASIA,IN,Uttarakhand,"Uttarakhand, IN",29.466671,79.175334,2024-04-13 4:07:24,130793
4847132552,,,,Look closely... It will be orange,2022-05-01,2022,ASIA,IN,Rajasthan,"Sawai Madhopur, IN-RJ, IN",26.077122,76.404356,2022-12-26 2:49:12,130793
4847033786,,,,,2022-05-01,2022,ASIA,IN,Rajasthan,"Sawai Madhopur, IN-RJ, IN",26.160027,76.425721,2022-12-25 17:29:56,130793
4846911871,,,,,2024-03-31 17:08:40,2024,ASIA,IN,Madhya Pradesh,"Madhya Pradesh, IN",21.719798,79.233701,2024-04-14 15:22:47,130793
4846868515,,,,,2022-05-01,2022,ASIA,IN,Rajasthan,"Sawai Madhopur, IN-RJ, IN",26.031089,76.510461,2022-12-26 2:46:13,130793
4846796950,"{""evidenceOfPresence"":""organism""}",Male,Adult,,2024-04-10 17:33,2024,ASIA,IN,Karnataka,"Karnataka, IN",11.900147,76.173278,2024-04-14 13:36:22,130793
4846780886,,,,"Look closely.. Adult, Mother of https://www.inaturalist.org/observations/145054345",2022-05-01,2022,ASIA,IN,Rajasthan,"Sawai Madhopur, IN-RJ, IN",26.149011,76.53,2022-12-25 17:37:40,130793
4607612537,,,,,2024-03-13 9:02,2024,ASIA,IN,Madhya Pradesh,"Madhya Pradesh, IN",24.631311,79.903219,2024-04-04 20:05:35,130793
4607565819,,,,,2024-03-10 16:25,2024,ASIA,IN,Madhya Pradesh,"Madhya Pradesh, IN",23.783684,81.052075,2024-04-03 21:41:29,130793
4607561741,,Female,Adult,"this is Siddhi. She is a 5-year-old female Bengal tiger that lives in Zone 5 of the Ranthambore National Park in Rajasthan, India.",2024-04-04 16:55:07,2024,ASIA,IN,Rajasthan,"Sawai Madhopur, IN-RJ, IN",26.125327,76.447864,2024-04-05 5:22:04,130793
4607238105,"{""evidenceOfPresence"":""track""}",,Adult,,2023-12-11 7:35,2023,ASIA,IN,Uttarakhand,"Uttarakhand, IN",29.445199,79.190313,2023-12-12 3:55:08,130793
4607224128,,,,,2024-03-15 11:15,2024,ASIA,IN,Assam,"Assam, IN",26.502388,93.114995,2024-04-08 11:19:48,130793
4607196915,"{""evidenceOfPresence"":""organism""}",,Adult,,2023-10-16 3:18,2023,ASIA,IN,Karnataka,India,11.70203,76.439033,2024-04-08 11:03:24,130793
4607076002,,,,,2024-04-04 9:08:29,2024,ASIA,IN,Assam,"Assam, IN",26.552635,93.142565,2024-04-04 11:27:04,130793
4606980359,,,,,2024-03-10 12:10,2024,ASIA,IN,Madhya Pradesh,"Umaria, IN-MP, IN",23.7613,80.956352,2024-04-03 19:56:37,130793
4606739481,,,,,2024-03-19 7:45,2024,ASIA,IN,Rajasthan,"Rajasthan, IN",25.920524,76.469659,2024-04-08 10:37:52,130793
4606735691,,,,,2017-10-26 19:37:29,2017,ASIA,IN,Rajasthan,"Rajasthan, IN",25.991733,76.578862,2024-03-29 19:59:35,130793
4606669702,,,,,2024-02-20 11:35:06,2024,ASIA,IN,Madhya Pradesh,"Madhya Pradesh, IN",21.707746,79.298936,2024-03-02 17:46:04,130793
4606586968,,,,,2024-03-28 9:24:26,2024,ASIA,IN,Rajasthan,"Sawai Madhopur, IN-RJ, IN",26.054654,76.433387,2024-03-28 14:15:39,130793
4600187592,,,,,2024-03-21 6:49,2024,ASIA,IN,Maharashtra,"Yavatmal, IN-MH, IN",19.943582,78.514483,2024-03-25 12:43:37,130793
4600181998,,,,Cub of Bhanu,2023-11-27 15:05,2023,ASIA,IN,Maharashtra,"Chandrapur, IN-MH, IN",20.209116,79.352332,2024-03-26 13:50:31,130793
4600128011,,,,"F2 Female, Daughter of Fairy",2023-11-25 14:13,2023,ASIA,IN,Maharashtra,"Maharashtra, IN",20.963009,79.546756,2024-03-26 13:20:54,130793
4600124959,,,,Veera Female from Belara Zone of Tadoba,2023-11-28 6:32,2023,ASIA,IN,Maharashtra,"Chandrapur, IN-MH, IN",20.205989,79.358461,2024-03-26 14:01:14,130793
4600120078,,,,Cubs of Bhanu,2023-11-27 17:24,2023,ASIA,IN,Maharashtra,"Chandrapur, IN-MH, IN",20.212102,79.211136,2024-03-26 13:50:30,130793
4600109159,,,,,2024-03-16 13:35,2024,ASIA,IN,West Bengal,India,21.992459,88.974646,2024-03-21 14:47:03,130793
4600029188,,,,,2024-03-16 13:35,2024,ASIA,IN,West Bengal,India,21.882812,88.970768,2024-03-21 14:47:18,130793
4600016149,,,,,2024-03-16 13:25,2024,ASIA,IN,West Bengal,India,21.817085,88.885039,2024-03-21 14:47:29,130793
4600013171,,,,,2024-03-16 13:25,2024,ASIA,IN,West Bengal,India,21.846757,88.809075,2024-03-21 14:48:39,130793
4599830192,,,,,2024-03-16 13:35,2024,ASIA,IN,West Bengal,India,21.918462,88.96535,2024-03-21 14:47:46,130793
4599752167,"{""evidenceOfPresence"":""organism""}",,Adult,,2024-03-16 13:37,2024,ASIA,IN,West Bengal,India,21.824808,88.89185,2024-03-21 14:46:49,130793
4599747203,,,,,2024-03-16 13:25,2024,ASIA,IN,West Bengal,India,21.866029,88.914196,2024-03-21 14:48:11,130793
4597583426,,,,,2018-04-16 17:48,2018,ASIA,IN,Madhya Pradesh,"Madhya Pradesh, IN",22.220975,80.545203,2024-03-18 4:36:51,130793
4597459953,,,,https://www.youtube.com/watch?v=rB-27foMvmY,2024-03-01 13:40,2024,ASIA,IN,Uttarakhand,"Uttarakhand, IN",29.565244,78.966698,2024-03-17 10:11:35,130793
4597415827,,,,,2024-02-06,2024,ASIA,IN,Madhya Pradesh,"Madhya Pradesh, IN",23.770232,81.114947,2024-03-11 16:29:58,130793
4597404755,,,,,2024-02-13,2024,ASIA,IN,Maharashtra,"Maharashtra, IN",21.726058,79.31337,2024-03-11 12:30:28,130793
4597340126,,,,,2024-02-11 15:36,2024,ASIA,IN,Rajasthan,"Sawai Madhopur, IN-RJ, IN",26.171133,76.414829,2024-03-10 7:29:31,130793
4597166686,,,,,2019-12-14 7:58,2019,ASIA,IN,Madhya Pradesh,"Madhya Pradesh, IN",23.640843,81.071629,2024-03-18 23:40:35,130793
4597128872,,,,https://www.youtube.com/watch?v=rB-27foMvmY,2024-03-01 7:15,2024,ASIA,IN,Uttarakhand,"Uttarakhand, IN",29.542641,78.8537,2024-03-17 14:01:38,130793
4597097028,,,,https://www.youtube.com/watch?v=rB-27foMvmY,2024-03-01 13:38,2024,ASIA,IN,Uttarakhand,"Uttarakhand, IN",29.460008,78.862909,2024-03-17 10:11:44,130793
4596963908,,,,,2024-02-08,2024,ASIA,IN,Madhya Pradesh,"Madhya Pradesh, IN",22.2523,80.487955,2024-03-11 15:57:52,130793
4596899061,,,,,2024-02-11 16:23,2024,ASIA,IN,Rajasthan,"Rajasthan, IN",25.85502,76.490482,2024-03-10 7:29:17,130793
4596844991,,,,,2022-12-19 20:38,2022,ASIA,IN,Karnataka,"Karnataka, IN",11.916807,76.353831,2024-03-06 2:37:11,130793
4596813572,,,,,2024-01-21,2024,ASIA,IN,Karnataka,"Karnataka, IN",12.122864,76.134419,2024-04-23 12:17:21,130793
4535992234,"{""evidenceOfPresence"":""track""}",,,,2023-12-31 9:26:15,2023,ASIA,IN,Kerala,"Kerala, IN",11.42954,76.198083,2024-03-05 11:01:37,41967
4535979619,,,,,2024-01-20 14:31,2024,ASIA,IN,Maharashtra,"Chandrapur, IN-MH, IN",20.355638,79.351894,2024-03-03 10:29:41,130793
4535970481,,,,,2023-10-29 15:58,2023,ASIA,IN,Maharashtra,"Yavatmal, IN-MH, IN",20.311168,78.688176,2024-03-03 7:06:45,130793
4535969605,,,,,2024-02-24 8:49,2024,ASIA,IN,Madhya Pradesh,"Madhya Pradesh, IN",24.688342,79.925926,2024-03-03 13:54:05,130793
4535959436,,,,,2023-11-28 15:58,2023,ASIA,IN,Maharashtra,"Yavatmal, IN-MH, IN",20.336624,78.452517,2024-03-03 7:08:13,130793
4535944736,"{""evidenceOfPresence"":""track""}",,,tracks,2009-02-17 22:28,2009,ASIA,IN,Uttarakhand,"Uttarakhand, IN",29.530832,78.89574,2024-04-05 18:07:24,130793
4535942376,,,,,2024-02-06 14:45,2024,ASIA,IN,Assam,"Assam, IN",26.733886,93.589084,2024-02-28 5:59:34,130793
4535858110,"{""evidenceOfPresence"":""track""}",,,--> very old claw marks on tree up to 80mm long up to 10mm deep mostly around 35mm long --> tree exudes a reddish sap --> wood is very hard,2024-02-03 8:17,2024,ASIA,IN,Tamil Nadu,"Tamil Nadu, IN",9.720892,77.095985,2024-02-14 4:47:45,41967
4535763219,,,,,2024-02-23 15:38,2024,ASIA,IN,Rajasthan,"Sawai Madhopur, IN-RJ, IN",26.190171,76.500807,2024-03-05 8:03:49,130793
4535758594,,,,,2024-01-19 8:21,2024,ASIA,IN,Maharashtra,"Chandrapur, IN-MH, IN",20.360689,79.2696,2024-03-03 10:29:59,130793
4535731587,,,,,2024-01-18 15:00,2024,ASIA,IN,Maharashtra,"Chandrapur, IN-MH, IN",20.367289,79.200718,2024-03-03 10:32:03,130793
4535687685,,,,,2009-02-18 7:47,2009,ASIA,IN,Uttarakhand,"Uttarakhand, IN",29.535258,78.908383,2024-03-02 4:11:04,130793
4535628197,"{""evidenceOfPresence"":""track""}",,,footprint,2009-02-08 22:31,2009,ASIA,IN,Rajasthan,"Sawai Madhopur, IN-RJ, IN",26.12093,76.516331,2024-02-22 15:36:30,41967
4528351438,"{""evidenceOfPresence"":""organism""}",,,,2024-02-23 8:40,2024,ASIA,IN,Karnataka,"Uttara Kannada, IN-KA, IN",15.396701,74.796543,2024-02-24 13:50:28,130793
4528315679,,,,swimming!!,2024-02-07 8:40,2024,ASIA,IN,Assam,"Assam, IN",26.666129,93.273475,,130793
4527996981,,,,PC Caxclix,2012-05-12 6:04:06,2012,ASIA,IN,Tamil Nadu,"Tamil Nadu, IN",11.760912,76.416234,2024-02-23 0:18:58,130793
4527936043,"{""evidenceOfPresence"":""track""}",,,,2009-12-30 7:27,2009,ASIA,IN,Madhya Pradesh,"Madhya Pradesh, IN",22.33973,80.531826,2024-02-24 23:15:06,130793
4527912250,"{""evidenceOfPresence"":""track""}",,,,2024-01-12 18:32:15,2024,ASIA,IN,Tamil Nadu,"Tamil Nadu, IN",10.061082,77.185533,2024-01-13 10:21:46,130793
4525368397,,,,,2023-04-06 17:54,2023,ASIA,IN,Madhya Pradesh,"Madhya Pradesh, IN",22.336824,80.410097,2024-02-20 16:10:11,130793
4525356202,,,,,2024-02-18 22:00,2024,ASIA,IN,Uttar Pradesh,"Uttar Pradesh, IN",28.712817,79.886852,2024-02-20 19:44:53,130793
4525314205,,,,,2023-04-06 10:48,2023,ASIA,IN,Madhya Pradesh,"Madhya Pradesh, IN",22.37135,80.508055,2024-02-20 16:10:31,130793
4525309261,,,,,2023-04-06 16:15,2023,ASIA,IN,Madhya Pradesh,"Madhya Pradesh, IN",22.332605,80.474178,2024-02-20 19:45:58,130793
4525248363,,,,,2024-02-17 18:00,2024,ASIA,IN,Karnataka,India,11.678009,76.216898,2024-02-20 18:04:11,130793
4525234037,,,,T-22,2023-04-03 7:08,2023,ASIA,IN,Madhya Pradesh,"Madhya Pradesh, IN",21.656313,79.252397,2024-02-18 17:24:48,130793
4525232281,,,,,2023-04-06 10:53,2023,ASIA,IN,Madhya Pradesh,"Madhya Pradesh, IN",22.273176,80.413602,2024-02-20 19:46:18,130793
4525225242,,,,Swastik,2023-04-03 16:59,2023,ASIA,IN,Madhya Pradesh,"Madhya Pradesh, IN",21.734388,79.335462,2024-02-18 17:25:21,130793
4525207691,,,,,2023-10-27 9:39:19,2023,ASIA,IN,Rajasthan,"Sawai Madhopur, IN-RJ, IN",26.1044,76.488816,2024-02-18 17:24:59,130793
4522788502,,,,Sub-adults,2019-02-05 18:26,2019,ASIA,IN,Madhya Pradesh,"Madhya Pradesh, IN",23.76831,81.044985,2024-02-12 13:07:48,130793
4522778530,,,,,2018-05-04 8:09,2018,ASIA,IN,Madhya Pradesh,"Madhya Pradesh, IN",23.623886,81.143948,2024-02-11 7:29:30,130793
4522712832,,,,Legendary Rajbhera female,2016-11-14 17:12,2016,ASIA,IN,Madhya Pradesh,"Madhya Pradesh, IN",23.752536,81.034173,2024-02-12 18:40:06,130793
4522700681,,,,,2016-11-14 16:48,2016,ASIA,IN,Madhya Pradesh,"Madhya Pradesh, IN",23.793778,81.030489,2024-02-12 18:39:46,130793
4522696876,,,,,2016-11-15 16:44,2016,ASIA,IN,Madhya Pradesh,"Madhya Pradesh, IN",23.685281,81.026796,2024-02-12 18:41:08,130793
4522692583,,,,,2016-11-15 16:43,2016,ASIA,IN,Madhya Pradesh,"Madhya Pradesh, IN",23.747942,81.032506,2024-02-12 18:40:39,130793
4522686716,,,,young adult female,2016-11-15 15:39,2016,ASIA,IN,Madhya Pradesh,"Madhya Pradesh, IN",23.620491,81.196606,2024-02-12 18:40:14,130793
4522685746,,,,Territory marking,2016-11-14 16:47,2016,ASIA,IN,Madhya Pradesh,"Madhya Pradesh, IN",23.658154,81.180741,2024-02-12 18:39:31,130793
4522642867,,,,,2016-11-15 15:40,2016,ASIA,IN,Madhya Pradesh,"Madhya Pradesh, IN",23.638353,81.199017,2024-02-12 18:40:22,130793
4522640998,,,,,2016-11-15 16:42,2016,ASIA,IN,Madhya Pradesh,"Madhya Pradesh, IN",23.607125,81.042583,2024-02-12 18:40:31,130793
4522640479,,Female,Adult,,2024-01-13 17:21,2024,ASIA,IN,Madhya Pradesh,"Umaria, IN-MP, IN",23.608269,80.859324,2024-02-08 20:21:52,130793
4522628118,,Male,Adult,,2024-01-13 15:39,2024,ASIA,IN,Madhya Pradesh,"Umaria, IN-MP, IN",23.725321,80.966104,2024-02-08 20:08:28,130793
4522615063,,Male,Adult,,2024-01-13 17:23,2024,ASIA,IN,Madhya Pradesh,"Umaria, IN-MP, IN",23.780485,80.844872,2024-02-08 20:20:11,130793
4522530921,,Female,,,2023-10-21 11:22:02,2023,ASIA,IN,Rajasthan,"Alwar, IN-RJ, IN",27.200743,76.462152,2024-02-07 0:59:10,130793
4519228478,,Male,Adult,,2024-01-12 9:13,2024,ASIA,IN,Madhya Pradesh,"Umaria, IN-MP, IN",23.763182,80.860899,2024-02-04 21:32:50,130793
4519068647,"{""evidenceOfPresence"":""organism""}",,Adult,,2024-01-12 8:34,2024,ASIA,IN,Karnataka,"Karnataka, IN",12.150294,76.195138,2024-01-30 23:22:44,130793
4519061009,"{""evidenceOfPresence"":""organism""}",,Adult,,2008-10-06 22:04,2008,ASIA,IN,Karnataka,"Chamrajnagar, IN-KA, IN",11.903795,77.003246,2024-01-31 7:40:31,130793
4516917615,,,Adult,,2024-01-08 17:18,2024,ASIA,IN,Madhya Pradesh,"Madhya Pradesh, IN",22.218255,80.669402,2024-01-30 18:41:46,130793
4516908960,,,,,2007-02-13 6:25,2007,ASIA,IN,Rajasthan,"Sawai Madhopur, IN-RJ, IN",26.034206,76.571105,2024-01-23 20:29:02,130793
4516832624,,,,,2007-02-15 12:22,2007,ASIA,IN,Rajasthan,"Sawai Madhopur, IN-RJ, IN",26.106631,76.53324,2024-01-26 17:33:16,130793
4516821985,,,,,2021-07-13 18:24,2021,ASIA,IN,Rajasthan,"Sawai Madhopur, IN-RJ, IN",26.005575,76.571359,2024-01-19 17:15:34,130793
4516820498,,,,,2021-07-27 6:15,2021,ASIA,IN,Madhya Pradesh,"Panna, IN-MP, IN",24.789774,80.002324,2024-01-19 15:19:50,130793
4516631743,,,,,2023-12-16 9:29,2023,ASIA,IN,Rajasthan,"Sawai Madhopur, IN-RJ, IN",26.084947,76.542487,2024-01-19 21:15:03,130793
4516566592,"{""evidenceOfPresence"":""organism""}",,Adult,,2024-01-11 16:03,2024,ASIA,IN,Karnataka,"Karnataka, IN",12.172253,76.013761,2024-01-30 17:12:45,130793
4516562774,,Male,Adult,,2024-01-09 8:53,2024,ASIA,IN,Madhya Pradesh,"Madhya Pradesh, IN",22.200102,80.602635,2024-01-30 23:32:40,130793
4516470116,,Female,Adult,,2015-03-25 10:33,2015,ASIA,IN,Maharashtra,"Chandrapur, IN-MH, IN",20.219905,79.201231,2024-01-20 5:31:10,130793
4516392671,"{""evidenceOfPresence"":""organism""}",,Adult,,2018-06-15 17:36,2018,ASIA,IN,Karnataka,"Karnataka, IN",11.809498,76.374095,2024-01-24 16:24:57,130793
4516274742,"{""evidenceOfPresence"":""organism""}",,Adult,,2024-01-11 17:21,2024,ASIA,IN,Karnataka,"Karnataka, IN",12.19424,76.077092,2024-01-30 21:02:55,130793
4512418948,,,,New J Mark Male,2024-01-16 17:20:50,2024,ASIA,IN,Maharashtra,"Maharashtra, IN",20.955243,79.59073,2024-01-16 11:51:41,130793
4512218494,"{""evidenceOfPresence"":""organism""}",,Adult,,2022-02-22 21:04:15,2022,ASIA,IN,Karnataka,"Mysore, IN-KA, IN",12.077525,76.697123,2024-01-10 19:39:59,130793
4510272381,,,,,2017-12-30 10:12,2017,ASIA,IN,Rajasthan,"Sawai Madhopur, IN-RJ, IN",25.913446,76.59935,2024-01-08 22:11:31,130793
4510210374,,,,,2017-12-30 16:10,2017,ASIA,IN,Rajasthan,"Rajasthan, IN",25.879771,76.291528,2024-01-08 22:11:11,130793
4507969445,,,,,2023-09-23 16:52,2023,ASIA,IN,Karnataka,India,11.608214,76.621155,2023-12-30 12:04:53,41967
4507944028,,,,"Track length 8.5 cm. Scat (large biomass) composed of grey fur, perhaps that of a Sambar",2023-12-29 13:26:44,2023,ASIA,IN,Uttarakhand,"Uttarakhand, IN",29.566498,79.657271,2024-01-01 10:04:03,41967
4507920875,,Male,,,2021-11-10 12:20:49,2021,ASIA,IN,Bihar,"Bihar, IN",25.149983,85.575113,2023-12-28 14:26:55,130793
4507899498,,,,,2023-09-23 16:51,2023,ASIA,IN,Karnataka,India,11.761903,76.789493,2023-12-30 12:04:53,41967
4507708407,,,,,2023-09-23 17:00,2023,ASIA,IN,Karnataka,India,11.78925,76.705749,2023-12-30 12:04:54,41967
4507700013,,,,,2023-11-01 7:56,2023,ASIA,IN,Rajasthan,"Sawai Madhopur, IN-RJ, IN",26.048401,76.525337,2023-12-31 22:52:04,130793
4507693439,,,,,2023-09-25 6:58,2023,ASIA,IN,Karnataka,India,11.651877,76.689313,2023-12-30 12:05:24,41967
4506550631,,Male,,,2023-12-05 21:10,2023,ASIA,IN,Uttar Pradesh,"Lakhimpur Kheri, IN-UP, IN",28.35467,80.533052,2023-12-24 21:57:55,130793
4506384572,,,,,2008-02-17T17:47Z,2008,ASIA,IN,Rajasthan,"Sawai Madhopur, IN-RJ, IN",26.019377,76.556301,2022-03-27 17:11:28,130793
4506334550,,Female,,,2023-04-20 14:38,2023,ASIA,IN,Rajasthan,"Sawai Madhopur, IN-RJ, IN",26.110239,76.459548,2023-12-24 11:51:12,130793
4506307573,"{""evidenceOfPresence"":""organism""}",,,,2023-11-23 11:39:11,2023,ASIA,IN,Uttarakhand,"Uttarakhand, IN",29.45131,78.617528,2023-12-20 15:03:20,130793
4506305862,,,,Photographer Maxim Korenyugin - client of Royle Safaris on tour,2023-04-14 15:00,2023,ASIA,IN,Maharashtra,"Chandrapur, IN-MH, IN",20.230064,79.278732,2023-12-21 15:12:03,130793
4506295851,,,,Photographer Maxim Korenyugin - client of Royle Safaris on tour,2023-04-11 15:00,2023,ASIA,IN,Maharashtra,"Chandrapur, IN-MH, IN",20.328858,79.398918,2023-12-21 15:11:48,130793
4506276866,,,,Photographer Maxim Korenyugin - client of Royle Safaris on tour,2023-04-17 15:00,2023,ASIA,IN,Maharashtra,"Chandrapur, IN-MH, IN",20.251955,79.288039,2023-12-21 15:11:59,130793
4506265810,,,,Photographer Maxim Korenyugin - client of Royle Safaris on tour,2023-04-14 15:00,2023,ASIA,IN,Maharashtra,"Chandrapur, IN-MH, IN",20.378176,79.213707,2023-12-21 15:12:09,130793
4506244602,,,,,2008-02-17T19:42Z,2008,ASIA,IN,Rajasthan,"Sawai Madhopur, IN-RJ, IN",26.141717,76.43429,2022-03-27 17:11:32,130793
4506230589,,,,,2008-02-06T05:20Z,2008,ASIA,IN,Uttarakhand,"Uttarakhand, IN",29.58128,78.963468,2022-03-27 19:55:14,130793
4500906917,,,,,2023-12-13 17:40:21,2023,ASIA,IN,Rajasthan,"Sawai Madhopur, IN-RJ, IN",26.116115,76.533438,2023-12-13 14:16:34,130793
4500822952,"{""evidenceOfPresence"":""organism""}",,Adult,,2023-12-08 8:08,2023,ASIA,IN,Karnataka,"Mysore, IN-KA, IN",12.169689,76.292779,2023-12-13 12:33:29,130793
4500820257,,,,,2023-12-14 15:38:27,2023,ASIA,IN,Rajasthan,"Sawai Madhopur, IN-RJ, IN",26.118294,76.475749,2023-12-14 14:34:44,130793
4500798245,,,,,2004-02-19 10:19,2004,ASIA,IN,Rajasthan,"Sawai Madhopur, IN-RJ, IN",26.108477,76.521509,2023-12-14 13:50:11,130793
4500775960,"{""evidenceOfPresence"":""organism""}",,Adult,,2023-12-08 8:08,2023,ASIA,IN,Karnataka,"Mysore, IN-KA, IN",12.067901,76.216859,2023-12-13 12:32:56,130793
4500569900,"{""evidenceOfPresence"":""organism""}",,Adult,,2023-12-08 17:05,2023,ASIA,IN,Karnataka,"Mysore, IN-KA, IN",12.175622,76.359733,2023-12-13 12:35:03,130793
4500552275,"{""evidenceOfPresence"":""organism""}",,Adult,,2023-11-03 18:00,2023,ASIA,IN,Karnataka,India,12.030606,76.359925,2023-12-17 9:48:59,130793
4500550894,"{""evidenceOfPresence"":""organism""}",,Adult,,2023-12-08 8:08,2023,ASIA,IN,Karnataka,"Mysore, IN-KA, IN",12.119048,76.265317,2023-12-13 12:35:26,130793
4500526969,"{""evidenceOfPresence"":""organism""}",,Adult,,2023-12-08 17:05,2023,ASIA,IN,Karnataka,"Mysore, IN-KA, IN",12.137164,76.34194,2023-12-13 12:33:46,130793
4500523962,"{""evidenceOfPresence"":""organism""}",,Adult,,2023-12-08 8:08,2023,ASIA,IN,Karnataka,"Mysore, IN-KA, IN",12.181605,76.252112,2023-12-13 12:36:01,130793
4465715935,,,,,2023-12-06 7:49:04,2023,ASIA,IN,Uttar Pradesh,"Lakhimpur Kheri, IN-UP, IN",28.237434,80.460024,2023-12-07 14:35:47,130793
4465708488,"{""evidenceOfPresence"":""organism""}",,Adult,,2023-11-29 17:55:55,2023,ASIA,IN,Rajasthan,"Sawai Madhopur, IN-RJ, IN",26.044472,76.452879,2023-12-12 5:02:34,130793
4465680672,,,,,2017-03-08 16:13,2017,ASIA,IN,Maharashtra,"Chandrapur, IN-MH, IN",20.374024,79.387855,2023-12-06 16:39:10,130793
4465673831,"{""evidenceOfPresence"":""organism""}",,Adult,Ultar Pradesh Inde Ranthambhore NP Pugmark Resort,2018-04-02 17:03,2018,ASIA,IN,Rajasthan,"Sawai Madhopur, IN-RJ, IN",26.055228,76.432033,2023-12-06 22:46:29,130793
4465458756,,,,Ultar Pradesh Inde Ranthambhore NP,2018-04-01 17:17,2018,ASIA,IN,Rajasthan,"Sawai Madhopur, IN-RJ, IN",26.093628,76.481787,2023-12-07 1:20:57,130793
4458687822,,,,,2010-01-16 23:41,2010,ASIA,IN,Madhya Pradesh,"Umaria, IN-MP, IN",23.688683,80.825121,2023-12-03 6:19:27,130793
4458674414,,Female,,,2018-05-10 7:06,2018,ASIA,IN,Uttarakhand,"Uttarakhand, IN",29.472166,78.687153,2023-12-02 7:48:59,130793
4442738679,,,,,2015-03-31 14:37,2015,ASIA,IN,Maharashtra,"Maharashtra, IN",20.301398,79.265283,2023-11-19 15:12:38,130793
4442702623,,,,,2014-02-20 14:37,2014,ASIA,IN,Madhya Pradesh,"Balaghat, IN-MP, IN",22.047233,80.608949,2023-11-19 15:12:45,130793
4442695578,,,,,2018-03-02 14:37,2018,ASIA,IN,Maharashtra,"Maharashtra, IN",20.292717,79.384742,2023-11-19 15:13:21,130793
4442685567,,,,,2017-04-04 14:37,2017,ASIA,IN,Maharashtra,"Maharashtra, IN",20.364088,79.359694,2023-11-19 15:12:50,130793
4442670297,,,,,2017-03-01 14:37,2017,ASIA,IN,Maharashtra,"Maharashtra, IN",20.366408,79.314007,2023-11-19 15:13:15,130793
4442586523,,,,,2016-04-04 14:37,2016,ASIA,IN,Maharashtra,"Maharashtra, IN",20.371706,79.290154,2023-11-19 15:13:02,130793
4442576352,,,,,2008-02-04 14:37,2008,ASIA,IN,Madhya Pradesh,"Madhya Pradesh, IN",23.747616,81.1273,2023-11-19 15:12:57,130793
4442556748,,,,,2018-03-21 14:37,2018,ASIA,IN,Maharashtra,"Maharashtra, IN",20.358609,79.36143,2023-11-19 15:12:32,130793
4442492192,,,,,2018-02-14 14:37,2018,ASIA,IN,Madhya Pradesh,"Madhya Pradesh, IN",23.791987,81.099855,2023-11-19 15:13:08,130793
4438910837,,,,,2023-11-03 11:26:21,2023,ASIA,IN,Madhya Pradesh,"Madhya Pradesh, IN",23.737566,80.97134,2023-11-03 14:28:18,130793
4436419342,,,,,2023-10-13 17:08,2023,ASIA,IN,Rajasthan,"Sawai Madhopur, IN-RJ, IN",26.123076,76.507789,2023-10-25 5:06:39,130793
4436341122,,,,,2018-06-04 18:42,2018,ASIA,IN,Madhya Pradesh,"Madhya Pradesh, IN",21.649198,79.390345,2023-10-28 13:36:07,130793
4436322020,,,,,2018-06-05 8:14,2018,ASIA,IN,Madhya Pradesh,"Madhya Pradesh, IN",21.725427,79.24936,2023-10-28 13:35:36,130793
4436240731,,,,,2018-06-06 10:06,2018,ASIA,IN,Madhya Pradesh,"Madhya Pradesh, IN",21.736188,79.257852,2023-10-28 13:46:53,130793
4436216156,"{""evidenceOfPresence"":""organism""}",Male,Adult,Tiger named Rayakasa,2018-06-07 7:17,2018,ASIA,IN,Madhya Pradesh,"Madhya Pradesh, IN",21.638421,79.364063,2023-10-28 13:59:07,130793
4436211994,,Female,,Fresh Pug marks,2023-10-31 16:40:46,2023,ASIA,IN,Madhya Pradesh,"Madhya Pradesh, IN",22.387791,80.656741,2023-10-31 18:09:58,130793
4430624146,,,,,2023-10-14 12:03:20,2023,ASIA,IN,Rajasthan,"Sawai Madhopur, IN-RJ, IN",26.084182,76.526173,2023-10-17 16:42:20,130793
4420960694,"{""evidenceOfPresence"":""organism""}",Male,Adult,T108 - Jai,2023-09-22 18:29,2023,ASIA,IN,Rajasthan,"Rajasthan, IN",25.802686,76.290767,2023-09-28 10:56:38,130793
4414441876,,,,,2014-06-05 9:35,2014,ASIA,IN,Maharashtra,"Chandrapur, IN-MH, IN",20.216907,79.398711,2023-09-19 21:00:01,130793
4414440011,,,,,2015-05-24 14:06,2015,ASIA,IN,Rajasthan,"Sawai Madhopur, IN-RJ, IN",25.823814,76.408953,2023-09-19 1:37:37,130793
4414431820,,,,,2014-06-04 18:29,2014,ASIA,IN,Maharashtra,"Chandrapur, IN-MH, IN",20.233888,79.238408,2023-09-19 20:59:55,130793
4414426648,,,,,2019-06-06 15:58,2019,ASIA,IN,Maharashtra,"Maharashtra, IN",21.421375,79.252726,2023-09-19 23:32:23,130793
4414425882,,,,,2019-06-06 5:58,2019,ASIA,IN,Maharashtra,"Maharashtra, IN",21.52639,79.240427,2023-09-19 20:40:54,130793
4414410383,,,,,2018-06-07 7:09,2018,ASIA,IN,Maharashtra,"Maharashtra, IN",21.496829,79.200158,2023-09-19 21:05:39,130793
4414399594,,,,,2015-05-25 14:43,2015,ASIA,IN,Rajasthan,"Sawai Madhopur, IN-RJ, IN",25.888047,76.430326,2023-09-19 1:37:31,130793
4414399078,,,,,2019-06-06 7:43,2019,ASIA,IN,Maharashtra,"Maharashtra, IN",21.437317,79.37715,2023-09-19 23:32:01,130793
4414397650,,,,,2018-06-04 6:55,2018,ASIA,IN,Maharashtra,"Maharashtra, IN",21.441072,79.339494,2023-09-19 21:03:20,130793
4414381006,,,,,2015-05-24 13:07,2015,ASIA,IN,Rajasthan,"Sawai Madhopur, IN-RJ, IN",25.941894,76.526335,2023-09-19 1:37:44,130793
4414357442,,,,,2019-06-07 8:45,2019,ASIA,IN,Maharashtra,"Maharashtra, IN",21.436735,79.262466,2023-09-19 20:41:02,130793
4414355858,,,,,2014-06-05 9:40,2014,ASIA,IN,Maharashtra,"Chandrapur, IN-MH, IN",20.368451,79.342129,2023-09-19 21:00:13,130793
4414331839,,,,,2015-05-25 5:30,2015,ASIA,IN,Rajasthan,"Sawai Madhopur, IN-RJ, IN",26.14962,76.51642,2023-09-19 1:37:18,130793
4414289876,,,,,2019-06-05 15:29,2019,ASIA,IN,Maharashtra,"Maharashtra, IN",21.538431,79.357384,2023-09-20 7:14:46,130793
4414203218,,,,,2018-06-07 7:03,2018,ASIA,IN,Maharashtra,"Maharashtra, IN",21.537578,79.205895,2023-09-19 21:03:27,130793
4414081874,,,,,2014-06-07 8:08,2014,ASIA,IN,Maharashtra,"Chandrapur, IN-MH, IN",20.306969,79.382978,2023-09-19 21:00:27,130793
4414062041,,,Juvenile,,2018-05-23 15:58,2018,ASIA,IN,Maharashtra,"Maharashtra, IN",21.533473,79.388748,2023-09-19 21:00:43,130793
4414026609,,,,,2014-06-07 8:08,2014,ASIA,IN,Maharashtra,"Chandrapur, IN-MH, IN",20.204998,79.229553,2023-09-19 21:00:20,130793
4413897478,,,,,2015-06-11 9:03,2015,ASIA,IN,Maharashtra,"Chandrapur, IN-MH, IN",20.378045,79.256557,2023-09-19 21:00:33,130793
4413823469,,,,,2019-06-05 6:39,2019,ASIA,IN,Maharashtra,"Maharashtra, IN",21.443023,79.250882,2023-09-19 21:05:45,130793
4413796373,,,,,2019-06-04 17:52,2019,ASIA,IN,Maharashtra,"Maharashtra, IN",21.572199,79.365049,2023-09-19 21:05:41,130793
4413761772,,,,,2015-06-11 16:23,2015,ASIA,IN,Maharashtra,"Chandrapur, IN-MH, IN",20.20982,79.274419,2023-09-19 21:00:37,130793
4413408619,,,,Huge Male Pugmark was seen.,2011-01-13 16:00,2011,ASIA,IN,Madhya Pradesh,"Madhya Pradesh, IN",22.320109,80.526856,2023-08-21 6:22:45,130793
4407567334,,,,,2014-05-15 8:29,2014,ASIA,IN,Madhya Pradesh,"Madhya Pradesh, IN",22.357639,80.630757,2023-09-01 5:19:37,130793
4407545019,,,,,2017-05-13 17:28,2017,ASIA,IN,Madhya Pradesh,"Madhya Pradesh, IN",22.201474,80.730252,2023-09-03 6:31:16,130793
4407479341,,,,,2014-05-15 8:30,2014,ASIA,IN,Madhya Pradesh,"Madhya Pradesh, IN",22.308487,80.733755,2023-09-01 5:20:51,130793
4407456333,,,,,2014-05-16 17:49,2014,ASIA,IN,Madhya Pradesh,"Madhya Pradesh, IN",22.107774,80.664748,2023-09-01 5:51:54,130793
4407283727,"{""evidenceOfPresence"":""organism""}",,,"Panthera tigris tigris (Bengal Tiger). Photographed at Uttarakhand, India on 7 April 2023.",2023-04-07 7:43:47,2023,ASIA,IN,Uttarakhand,"Uttarakhand, IN",29.465836,78.868643,2023-08-30 15:38:43,130793
4405561442,,,,Tigress Maya spotted at Tadoba National Park at 4.30 pm evening Captured by Dr. Amit Manna,2023-04-21 8:55,2023,ASIA,IN,Maharashtra,"Chandrapur, IN-MH, IN",20.35576,79.354874,2023-08-28 3:33:44,130793
4405429379,,,,,2012-04-27 17:00,2012,ASIA,IN,Madhya Pradesh,"Madhya Pradesh, IN",22.240734,80.642336,2023-08-25 5:27:42,130793
4400445963,,,,,2010-10-24 7:11,2010,ASIA,IN,Madhya Pradesh,"Madhya Pradesh, IN",22.227361,80.593045,,130793
4400410866,,,,,2011-11-07,2011,ASIA,IN,Madhya Pradesh,"Madhya Pradesh, IN",22.102341,80.793492,2023-08-22 6:39:30,130793
4399971230,,,,,2023-08-14 8:59,2023,ASIA,IN,Maharashtra,"Maharashtra, IN",21.657668,79.362495,2023-08-16 11:47:45,130793
4399929943,,,,Huge Male Tiger naak-kata was seen,2011-01-14 17:00,2011,ASIA,IN,Madhya Pradesh,"Madhya Pradesh, IN",22.258927,80.740993,2023-08-21 6:37:02,130793
4177537798,,,,,2013-11-23 13:34,2013,ASIA,IN,Rajasthan,"Sawai Madhopur, IN-RJ, IN",26.089065,76.592155,2023-08-16 3:44:37,130793
4177486731,,,,,2017-03-06 14:49,2017,ASIA,IN,Madhya Pradesh,"Madhya Pradesh, IN",22.375109,80.712297,2023-08-11 12:53:53,130793
4177437311,,,,Photographer Samuel Marlin - client of Royle Safaris on tour,2022-04-14 16:37,2022,ASIA,IN,Maharashtra,"Chandrapur, IN-MH, IN",20.348645,79.383383,2023-08-15 5:27:34,130793
4177425694,,,,Female Junabai,2022-03-26 17:32,2022,ASIA,IN,Maharashtra,"Chandrapur, IN-MH, IN",20.299441,79.375582,2023-08-11 16:33:38,130793
4177421190,,,,Matkasur,2022-01-09 17:00,2022,ASIA,IN,Maharashtra,"Chandrapur, IN-MH, IN",20.345403,79.262964,2023-08-11 15:53:36,130793
4177419264,,,,,2010-01-13 4:47,2010,ASIA,IN,Madhya Pradesh,"Umaria, IN-MP, IN",23.70236,80.861363,2023-08-15 11:26:54,130793
4177392445,,,,T2 Shadow Female,2021-12-15 14:37,2021,ASIA,IN,Maharashtra,"Maharashtra, IN",20.615852,79.655092,2023-08-11 15:44:03,130793
4177388890,,,,Photographer Samuel Marlin - client of Royle Safaris on tour,2022-04-17 16:37,2022,ASIA,IN,Maharashtra,"Chandrapur, IN-MH, IN",20.332752,79.316533,2023-08-15 5:28:12,130793
4177387018,,,,,2010-01-11 12:30,2010,ASIA,IN,Madhya Pradesh,"Umaria, IN-MP, IN",23.750296,80.801377,2023-08-15 13:00:36,130793
4177374942,,,,,2010-01-13 4:47,2010,ASIA,IN,Madhya Pradesh,"Umaria, IN-MP, IN",23.797175,80.926347,2023-08-11 12:53:31,130793
4177349133,,,,Male Matkasur-Female Junabai,2022-03-26 17:44,2022,ASIA,IN,Maharashtra,"Chandrapur, IN-MH, IN",20.204666,79.27381,2023-08-11 16:33:38,130793
4177347364,,,,Photographer Dario Nessi - client of Royle Safaris on tour,2018-02-17 5:46,2018,ASIA,IN,Madhya Pradesh,"Umaria, IN-MP, IN",23.748527,80.98577,2023-08-15 12:56:43,130793
4177330963,,,,Female Bhanuskindi,2022-03-27,2022,ASIA,IN,Maharashtra,"Chandrapur, IN-MH, IN",20.206816,79.245851,2023-08-11 16:37:32,130793
4177322946,,,,Photographer Samuel Marlin - client of Royle Safaris on tour,2022-04-21 13:26,2022,ASIA,IN,Maharashtra,"Chandrapur, IN-MH, IN",20.319072,79.389644,2023-08-11 12:53:42,130793
4177309407,,,,,2009-11-03 9:42,2009,ASIA,IN,Madhya Pradesh,"Umaria, IN-MP, IN",23.741149,80.905539,2023-08-15 13:00:10,130793
4177303169,,,,B2 Female,2021-12-12 14:29,2021,ASIA,IN,Maharashtra,"Maharashtra, IN",21.785658,79.205159,2023-08-11 15:51:58,130793
4177299146,,,,Chota Matka,2022-01-09 9:15,2022,ASIA,IN,Maharashtra,"Chandrapur, IN-MH, IN",20.202964,79.38236,2023-08-11 15:57:07,130793
4177293918,,,,Male Matkasur,2022-03-26 17:32,2022,ASIA,IN,Maharashtra,"Chandrapur, IN-MH, IN",20.223194,79.370574,2023-08-11 16:33:38,130793
4177276467,,,,,2017-05-07 2:20,2017,ASIA,IN,Maharashtra,"Chandrapur, IN-MH, IN",20.251653,79.324415,2023-08-15 12:57:12,130793
4177255976,,,,Baras Female,2021-12-12 17:35,2021,ASIA,IN,Maharashtra,"Maharashtra, IN",21.758036,79.304685,2023-08-11 15:51:59,130793
4177249505,,,,,2010-01-13 4:47,2010,ASIA,IN,Madhya Pradesh,"Umaria, IN-MP, IN",23.648702,80.831879,2023-08-15 5:27:51,130793
4177216874,,,,,2017-05-09 3:37,2017,ASIA,IN,Maharashtra,"Chandrapur, IN-MH, IN",20.360789,79.539918,2023-08-15 12:57:43,130793
4177196902,,,,,2017-03-06 14:47,2017,ASIA,IN,Madhya Pradesh,"Madhya Pradesh, IN",22.342815,80.732829,2023-08-15 12:58:40,130793
4177189186,,,,Photographer Dario Nessi - client of Royle Safaris on tour,2018-02-17 11:31,2018,ASIA,IN,Madhya Pradesh,"Umaria, IN-MP, IN",23.673139,80.896197,2023-08-15 12:56:15,130793
4177158923,,,,,2016-04-11 16:37,2016,ASIA,IN,Maharashtra,"Chandrapur, IN-MH, IN",20.349744,79.261754,2023-08-15 5:28:34,130793
4177013875,,,,,2017-05-09 2:05,2017,ASIA,IN,Maharashtra,"Chandrapur, IN-MH, IN",20.253193,79.366936,2023-08-15 12:58:10,130793
4176986068,,,,,2015-06-09 5:17,2015,ASIA,IN,Maharashtra,"Chandrapur, IN-MH, IN",20.398967,79.316636,2023-08-15 12:59:10,130793
4176950742,"{""evidenceOfPresence"":""organism""}",,Adult,,2023-08-06 7:20,2023,ASIA,IN,Chhattisgarh,"Chhattisgarh, IN",19.203069,81.004119,2023-08-09 14:25:03,130793
4176927861,"{""evidenceOfPresence"":""organism""}",,Adult,,2019-12-05 22:14,2019,ASIA,IN,Karnataka,India,11.63642,76.400786,2023-08-15 5:30:02,130793
4176914803,,,,,2006-01-04 7:06,2006,ASIA,IN,Maharashtra,"Chandrapur, IN-MH, IN",20.316839,79.206511,2023-08-15 5:28:53,130793
4172202564,,,,,2012-12-25 22:40,2012,ASIA,IN,Rajasthan,"Sawai Madhopur, IN-RJ, IN",26.04024,76.531249,2023-08-08 15:11:12,130793
4171883445,,,,,2019-03-09 19:56,2019,ASIA,IN,Uttarakhand,"Uttarakhand, IN",29.520143,78.823431,2023-07-30 21:58:04,130793
4171698390,,,,,2019-02-16 22:24,2019,ASIA,IN,Rajasthan,"Rajasthan, IN",25.86377,76.475696,2023-07-28 21:24:12,130793
4171673381,,,,,2018-02-12 17:40,2018,ASIA,IN,Rajasthan,"Rajasthan, IN",25.826705,76.45893,2023-07-27 8:42:55,130793
4171599157,,,,,2019-02-16 3:36,2019,ASIA,IN,Rajasthan,"Rajasthan, IN",25.861009,76.554541,2023-07-28 14:56:00,130793
4171570901,,,,,2018-02-15 18:03,2018,ASIA,IN,Uttarakhand,"Uttarakhand, IN",29.574785,78.999075,2023-07-27 13:58:35,130793
4171519088,,,,,2019-02-16 6:12,2019,ASIA,IN,Rajasthan,"Rajasthan, IN",25.839001,76.507589,2023-07-28 14:56:11,130793
4171327963,,,,,2019-02-16 19:53,2019,ASIA,IN,Rajasthan,"Rajasthan, IN",25.911453,76.246923,2023-07-28 14:55:38,130793
4171296275,"{""evidenceOfPresence"":""organism""}",,Adult,,2018-02-11 18:26,2018,ASIA,IN,Rajasthan,"Sawai Madhopur, IN-RJ, IN",26.08434,76.471572,2023-07-27 8:44:50,130793
4171152004,,,,,2018-02-12 7:54,2018,ASIA,IN,Rajasthan,"Sawai Madhopur, IN-RJ, IN",26.065681,76.547987,2023-07-27 8:43:47,130793
4165870866,"{""evidenceOfPresence"":""organism""}",,,Surya as Sub Adult with Maya,2019-05-21 16:22,2019,ASIA,IN,Maharashtra,"Chandrapur, IN-MH, IN",20.371182,79.331359,2023-07-22 22:46:31,130793
4165833632,,,,Patlin Bai With 4 Cubs,2019-05-20 16:26,2019,ASIA,IN,Maharashtra,"Chandrapur, IN-MH, IN",20.284947,79.332052,2023-07-22 22:44:53,130793
4165682389,,,,Maya Tigress,2019-05-21 16:22,2019,ASIA,IN,Maharashtra,"Chandrapur, IN-MH, IN",20.318929,79.293802,2023-07-22 22:45:44,130793
4165679696,,,,Cub of Noor Tigress,2018-01-08 17:18,2018,ASIA,IN,Rajasthan,"Sawai Madhopur, IN-RJ, IN",25.927311,76.317268,2023-07-22 16:35:18,130793
4165589504,"{""evidenceOfPresence"":""organism""}",,,Cub of Bijli,2023-06-11 6:15,2023,ASIA,IN,Maharashtra,"Chandrapur, IN-MH, IN",20.360514,79.242513,2023-06-11 15:35:38,130793
4165530539,"{""evidenceOfPresence"":""organism""}",,,K2,2023-06-10 16:03,2023,ASIA,IN,Maharashtra,"Chandrapur, IN-MH, IN",20.270299,79.318274,2023-06-10 13:55:02,130793
4165510481,"{""evidenceOfPresence"":""organism""}",,,Cub,2023-06-10 17:38:19,2023,ASIA,IN,Maharashtra,"Chandrapur, IN-MH, IN",20.350807,79.233255,2023-06-10 13:57:06,130793
4165478576,"{""evidenceOfPresence"":""organism""}",,,Junabai Female,2023-06-10 18:05,2023,ASIA,IN,Maharashtra,"Chandrapur, IN-MH, IN",20.35054,79.411029,2023-06-10 13:54:11,130793
4165449579,"{""evidenceOfPresence"":""organism""}",,,Cub,2023-06-10 17:38:12,2023,ASIA,IN,Maharashtra,"Chandrapur, IN-MH, IN",20.333268,79.388054,2023-06-10 13:56:19,130793
4165436604,"{""evidenceOfPresence"":""organism""}",,Adult,Chota Matka T107,2023-06-12 7:30,2023,ASIA,IN,Maharashtra,"Chandrapur, IN-MH, IN",20.523119,79.317967,2023-06-12 6:13:02,130793
4165352455,"{""evidenceOfPresence"":""organism""}",,Adult,Tigress Bijli,2023-06-11 6:15,2023,ASIA,IN,Maharashtra,"Chandrapur, IN-MH, IN",20.22193,79.226205,2023-06-11 15:34:59,130793
4165347423,"{""evidenceOfPresence"":""organism""}",,,Cub of Choti Tara,2023-06-11 6:15,2023,ASIA,IN,Maharashtra,"Chandrapur, IN-MH, IN",20.333322,79.368346,2023-06-11 15:37:33,130793
4145652851,"{""evidenceOfPresence"":""organism""}",Male,Adult,,2023-04-12 20:23,2023,ASIA,IN,Madhya Pradesh,"Hoshangabad, IN-MP, IN",22.755454,78.104235,2023-07-02 19:59:39,130793
4145276822,,,,,2018-06-15 16:35:19,2018,ASIA,IN,Karnataka,"Karnataka, IN",11.841616,76.259557,2023-07-05 2:59:07,130793
4145237037,"{""evidenceOfPresence"":""organism""}",Female,Adult,,2023-04-12 18:23,2023,ASIA,IN,Madhya Pradesh,"Hoshangabad, IN-MP, IN",22.499365,78.057037,2023-07-01 17:17:59,130793
4138730628,,,,,2023-04-11 19:50,2023,ASIA,IN,Madhya Pradesh,"Hoshangabad, IN-MP, IN",22.554952,78.109043,2023-06-26 20:46:25,130793
4138701792,,,,,2023-01-02 14:18,2023,ASIA,IN,Maharashtra,"Chandrapur, IN-MH, IN",20.059126,79.337933,2023-06-28 6:34:10,130793
4138485703,,,,,2023-06-09 7:23,2023,ASIA,IN,Maharashtra,"Chandrapur, IN-MH, IN",20.172547,79.219811,2023-06-16 9:00:36,130793
4138240024,,Male,,,2023-06-10 9:03,2023,ASIA,IN,Maharashtra,"Chandrapur, IN-MH, IN",20.220124,79.264606,2023-06-16 8:57:30,130793
4138170813,,,,,2023-06-09 16:04,2023,ASIA,IN,Maharashtra,"Chandrapur, IN-MH, IN",20.099135,79.245457,2023-06-16 8:59:55,130793
4138071946,,,,,2023-06-08 18:43,2023,ASIA,IN,Maharashtra,"Chandrapur, IN-MH, IN",20.19071,79.222414,2023-06-16 9:02:01,130793
4137996839,,,,,2023-06-09 17:47,2023,ASIA,IN,Maharashtra,"Chandrapur, IN-MH, IN",20.193182,79.29363,2023-06-16 8:58:28,130793
4137870711,"{""evidenceOfPresence"":""organism""}",,,,2019-04-06 13:23,2019,ASIA,IN,Madhya Pradesh,"Jabalpur, IN-MP, IN",23.116678,80.023368,2023-06-18 16:32:57,130793
4137791814,,,,,2023-06-09 7:46,2023,ASIA,IN,Maharashtra,"Chandrapur, IN-MH, IN",20.18994,79.328228,2023-06-16 9:00:24,130793
4137790030,,,,,2023-06-08 18:49,2023,ASIA,IN,Maharashtra,"Chandrapur, IN-MH, IN",20.084583,79.280776,2023-06-16 9:01:40,130793
4137726282,,Male,,,2023-06-10 9:03,2023,ASIA,IN,Maharashtra,"Chandrapur, IN-MH, IN",20.239536,79.363821,2023-06-16 8:57:18,130793
4137726278,,,,,2023-06-09 16:55,2023,ASIA,IN,Maharashtra,"Chandrapur, IN-MH, IN",20.019214,79.359013,2023-06-16 8:59:39,130793
4137689749,,,,,2023-06-09 17:46,2023,ASIA,IN,Maharashtra,"Chandrapur, IN-MH, IN",20.184844,79.234293,2023-06-16 8:58:49,130793
4133637211,,,,Female tiger with her three almost grown cubs. Shortly after this picture was taken one of the tigers caught a chital.,2020-02-29 16:32,2020,ASIA,IN,Uttarakhand,"Uttarakhand, IN",29.592904,78.921154,2023-06-12 20:38:54,130793
4130213527,,,,,2023-05-30 7:05,2023,ASIA,IN,Rajasthan,"Sawai Madhopur, IN-RJ, IN",26.11035,76.556229,2023-06-04 14:10:13,130793
4130141172,,,,,2023-05-30 7:03,2023,ASIA,IN,Rajasthan,"Sawai Madhopur, IN-RJ, IN",26.164586,76.50989,2023-06-04 14:10:39,130793
4130053681,,,,,2023-05-30 7:10,2023,ASIA,IN,Rajasthan,"Sawai Madhopur, IN-RJ, IN",26.190287,76.558895,2023-06-04 14:09:28,130793
4130039868,,,,,2023-05-28 16:04,2023,ASIA,IN,Rajasthan,"Sawai Madhopur, IN-RJ, IN",26.034607,76.560909,2023-06-04 13:54:35,130793
4130038356,,,,,2023-04-08 11:04,2023,ASIA,IN,Madhya Pradesh,"Madhya Pradesh, IN",22.040577,80.636701,2023-06-03 12:14:09,130793
4129981693,,,,,2023-02-09 15:53,2023,ASIA,IN,Rajasthan,"Rajasthan, IN",25.996864,76.599552,2023-05-31 1:17:34,130793
4129835202,,,,,2023-04-07 17:42,2023,ASIA,IN,Madhya Pradesh,"Madhya Pradesh, IN",22.330584,80.674815,2023-06-01 17:08:48,130793
4129779826,,,,,2023-02-09 16:13,2023,ASIA,IN,Rajasthan,"Rajasthan, IN",25.906545,76.547771,2023-05-31 1:17:34,130793
4129724720,,,,,2023-04-08 9:06,2023,ASIA,IN,Madhya Pradesh,"Madhya Pradesh, IN",22.310787,80.623358,2023-06-01 20:22:47,130793
4127413378,,,,,2023-04-06 17:13,2023,ASIA,IN,Madhya Pradesh,"Madhya Pradesh, IN",22.353072,80.714463,2023-05-26 19:24:27,130793
4127351988,,,,,2023-05-14 7:55:42,2023,ASIA,IN,Rajasthan,"Sawai Madhopur, IN-RJ, IN",26.105268,76.596858,2023-05-26 1:45:03,130793
4127339935,,,,,2023-02-08 17:26,2023,ASIA,IN,Rajasthan,"Sawai Madhopur, IN-RJ, IN",25.965313,76.500369,2023-05-29 15:58:36,130793
4127242606,,,,,2023-03-22 11:23,2023,ASIA,IN,Madhya Pradesh,"Madhya Pradesh, IN",21.691352,79.362149,2023-05-30 19:45:57,130793
4127019489,,,,,2023-02-08 17:36,2023,ASIA,IN,Rajasthan,"Sawai Madhopur, IN-RJ, IN",26.186961,76.535516,2023-05-29 15:58:37,130793
4121482415,,Male,Adult,Janjir Male,2023-05-22 18:15,2023,ASIA,IN,Maharashtra,"Yavatmal, IN-MH, IN",19.845634,78.581423,2023-05-22 15:45:58,130793
4121437589,,Male,,Sub adult 2,2023-05-21 8:10,2023,ASIA,IN,Maharashtra,"Yavatmal, IN-MH, IN",19.934232,78.582937,2023-05-22 16:02:54,130793
4120853682,,Female,,Babli With 3 Cubs,2023-05-23 16:02:56,2023,ASIA,IN,Maharashtra,"Chandrapur, IN-MH, IN",20.497392,79.389922,2023-05-23 20:28:38,130793
4116500162,,,,,2018-02-23 7:59,2018,ASIA,IN,Uttarakhand,"Uttarakhand, IN",29.559115,78.863024,2023-05-12 3:44:45,130793
4116418419,,,,,2018-02-23 15:39,2018,ASIA,IN,Uttarakhand,"Uttarakhand, IN",29.504971,78.879229,2023-05-12 3:44:19,130793
4116326447,,,,,2016-11-11 7:12,2016,ASIA,IN,Maharashtra,"Chandrapur, IN-MH, IN",20.273315,79.435338,2023-05-12 7:17:35,130793
4116296266,,,,,2018-02-23 7:59,2018,ASIA,IN,Uttarakhand,"Uttarakhand, IN",29.468396,78.981143,2023-05-12 3:44:32,130793
4112123876,,,,,2023-03-18 17:56,2023,ASIA,IN,Madhya Pradesh,"Madhya Pradesh, IN",24.16841,81.525541,2023-05-03 8:27:55,130793
4112011598,,,,,2023-04-30 18:10,2023,ASIA,IN,Madhya Pradesh,"Madhya Pradesh, IN",24.003459,81.401651,2023-05-06 14:55:05,130793
4111869392,,Male,Adult,,2023-04-04 17:29,2023,ASIA,IN,Madhya Pradesh,"Umaria, IN-MP, IN",23.684234,80.97754,2023-05-05 19:32:45,130793
4111775885,,,,,2023-03-17 16:44,2023,ASIA,IN,Madhya Pradesh,"Madhya Pradesh, IN",24.077899,81.530326,2023-05-03 8:26:35,130793
4111695873,,,,,2023-03-18 15:58,2023,ASIA,IN,Madhya Pradesh,"Madhya Pradesh, IN",24.024692,81.472865,2023-05-03 8:28:05,130793
4111667198,"{""evidenceOfPresence"":""organism""}",Female,Adult,,2023-04-04 16:37,2023,ASIA,IN,Madhya Pradesh,"Umaria, IN-MP, IN",23.681384,80.86999,2023-05-04 20:29:13,130793
4111629134,,,,,2023-02-05 7:13,2023,ASIA,IN,Uttarakhand,"Uttarakhand, IN",29.527782,78.989111,2023-05-04 6:13:40,130793
4103479518,,,,,2006-02-26 7:39,2006,ASIA,IN,Madhya Pradesh,"Madhya Pradesh, IN",23.61413,81.125558,2023-05-02 9:14:50,130793
4103279768,,,,,2023-04-04 7:53,2023,ASIA,IN,Madhya Pradesh,"Madhya Pradesh, IN",23.718396,81.137959,2023-04-30 11:18:38,130793
4103274692,,,,,2023-04-04 6:49,2023,ASIA,IN,Madhya Pradesh,"Madhya Pradesh, IN",23.637192,81.171559,2023-04-30 5:15:44,130793
4103189969,"{""evidenceOfPresence"":""organism""}",,,,2014-06-08 6:56,2014,ASIA,IN,Madhya Pradesh,"Balaghat, IN-MP, IN",22.129816,80.68662,2023-04-28 5:09:27,130793
4102693924,"{""evidenceOfPresence"":""organism""}",,,,2014-06-08 8:48,2014,ASIA,IN,Madhya Pradesh,"Balaghat, IN-MP, IN",22.11757,80.734908,2023-04-28 5:09:10,130793
4102652982,"{""evidenceOfPresence"":""organism""}",,,,2014-06-06 17:46,2014,ASIA,IN,Madhya Pradesh,"Balaghat, IN-MP, IN",22.061846,80.601369,2023-04-28 5:13:10,130793
4102637986,"{""evidenceOfPresence"":""organism""}",,,,2014-06-08 6:26,2014,ASIA,IN,Madhya Pradesh,"Balaghat, IN-MP, IN",22.149042,80.726848,2023-04-28 5:09:41,130793
4102580209,,Male,Adult,,2023-04-03 17:34,2023,ASIA,IN,Madhya Pradesh,"Umaria, IN-MP, IN",23.651531,80.910102,2023-04-28 20:08:25,130793
4102572971,"{""evidenceOfPresence"":""organism""}",,,,2014-06-08 9:18,2014,ASIA,IN,Madhya Pradesh,"Balaghat, IN-MP, IN",22.186627,80.681648,2023-04-28 5:18:29,130793
4097007437,,Female,Juvenile,,2023-04-03 16:48,2023,ASIA,IN,Madhya Pradesh,"Umaria, IN-MP, IN",23.797925,80.974218,2023-04-23 14:42:01,130793
4096826136,,,,,2023-04-03 10:15,2023,ASIA,IN,Madhya Pradesh,"Umaria, IN-MP, IN",23.722251,80.822543,2023-04-21 19:03:58,130793
4091621427,,,,,2023-04-05 17:36,2023,ASIA,IN,Rajasthan,"Rajasthan, IN",25.935825,76.377935,2023-04-16 23:56:11,130793
4091484784,,,,,2023-04-03 8:12,2023,ASIA,IN,Madhya Pradesh,"Madhya Pradesh, IN",23.609779,80.993488,2023-04-18 20:28:01,130793
4089158761,,,,Perpendicular distance = 0; Freshness = NA; rawNumber = NA; DetectionType = Faeces; Height = NA; Remarks = Fresh,2005-09-03,2005,ASIA,IN,Tamil Nadu,,10.3972,76.888617,,
4089158750,,,,Perpendicular distance = NA; Freshness = old; rawNumber = NA; DetectionType = Faeces; Height = NA; Remarks = NA,2006-01-25,2006,ASIA,IN,Tamil Nadu,,10.470351,76.835971,,
4089158735,,,,Perpendicular distance = NA; Freshness = old; rawNumber = NA; DetectionType = Track; Height = NA; Remarks = NA,2005-12-09,2005,ASIA,IN,Tamil Nadu,,10.485583,76.83015,,
4089158688,,,,Perpendicular distance = NA; Freshness = NA; rawNumber = NA; DetectionType = Faeces; Height = NA; Remarks = NA,2005-10-18,2005,ASIA,IN,Tamil Nadu,,10.485583,76.83015,,
4089158656,,,,Perpendicular distance = NA; Freshness = old; rawNumber = NA; DetectionType = Faeces; Height = NA; Remarks = NA,2006-01-26,2006,ASIA,IN,Tamil Nadu,,10.485583,76.83015,,
4089158647,,,,Perpendicular distance = NA; Freshness = NA; rawNumber = NA; DetectionType = Track; Height = NA; Remarks = NA,2005-12-09,2005,ASIA,IN,Tamil Nadu,,10.484307,76.838298,,
4089157054,,,,Perpendicular distance = NA; Freshness = old; rawNumber = NA; DetectionType = Faeces; Height = NA; Remarks = NA,2005-12-28,2005,ASIA,IN,Tamil Nadu,,10.326504,77.061729,,
4089156970,,,,Perpendicular distance = NA; Freshness = NA; rawNumber = NA; DetectionType = Track; Height = NA; Remarks = at large stream; wet mud,2006-02-10,2006,ASIA,IN,Tamil Nadu,,10.3338,77.020633,,
4089156889,,,,Perpendicular distance = NA; Freshness = fresh; rawNumber = NA; DetectionType = Track; Height = NA; Remarks = wasn't included as transect because of heavy drizzle,2005-10-22,2005,ASIA,IN,Tamil Nadu,,10.424551,76.875527,,
4089156403,,,,Perpendicular distance = NA; Freshness = old; rawNumber = NA; DetectionType = Faeces; Height = NA; Remarks = NA,2006-01-26,2006,ASIA,IN,Tamil Nadu,,10.485583,76.83015,,
4089156372,,,,Perpendicular distance = NA; Freshness = NA; rawNumber = 1; DetectionType = Faeces; Height = NA; Remarks = NA,2005-12-09,2005,ASIA,IN,Tamil Nadu,,10.484307,76.838298,,
4089156264,,,,Perpendicular distance = NA; Freshness = NA; rawNumber = NA; DetectionType = Track; Height = NA; Remarks = on main path; wet sand,2005-11-15,2005,ASIA,IN,Tamil Nadu,,10.369885,76.994088,,
4089156154,,,,Perpendicular distance = NA; Freshness = fresh; rawNumber = NA; DetectionType = Track; Height = NA; Remarks = NA,2005-10-22,2005,ASIA,IN,Tamil Nadu,,10.424551,76.875527,,
4089155608,,,,Perpendicular distance = NA; Freshness = fresh; rawNumber = NA; DetectionType = Faeces; Height = NA; Remarks = near Kumatty; on road,2006-01-31,2006,ASIA,IN,Tamil Nadu,,10.408147,76.876337,,
4080962562,"{""evidenceOfPresence"":""track""}",,,,2020-02-04 7:05:06,2020,ASIA,IN,Madhya Pradesh,"Madhya Pradesh, IN",23.768675,81.034739,2023-04-02 10:03:40,41967
4080596139,,,,,2023-04-05 18:08,2023,ASIA,IN,Rajasthan,"Rajasthan, IN",25.810396,76.583902,2023-04-08 17:00:28,130793
4080511979,,,,,2003-12-04 8:03,2003,ASIA,IN,Rajasthan,"Sawai Madhopur, IN-RJ, IN",26.158529,76.367518,2023-04-07 6:53:10,130793
4076335331,,,,,2008-04-03 5:25,2008,ASIA,IN,Madhya Pradesh,"Madhya Pradesh, IN",23.616377,81.112741,2023-03-24 4:37:23,130793
4076100898,,,,,2010-02-18 16:39:02,2010,ASIA,IN,Madhya Pradesh,"Madhya Pradesh, IN",23.74367,81.185409,2023-04-04 14:42:41,130793
4076072731,,,,,2010-02-18 16:38:28,2010,ASIA,IN,Madhya Pradesh,"Madhya Pradesh, IN",23.6723,81.115944,2023-04-04 10:47:23,130793
4075959339,,,,,2008-03-31 19:42,2008,ASIA,IN,Madhya Pradesh,"Balaghat, IN-MP, IN",22.098048,80.632188,2023-03-24 4:37:22,130793
4075884991,,,,,2023-03-29 9:17:01,2023,ASIA,IN,Maharashtra,"Chandrapur, IN-MH, IN",20.310843,79.300364,2023-03-30 2:05:18,130793
4075789332,,,,,2008-04-03 5:48,2008,ASIA,IN,Madhya Pradesh,"Madhya Pradesh, IN",23.790218,81.069841,2023-03-24 4:37:25,130793
4075601043,,,,,2012-02-22 19:54,2012,ASIA,IN,Rajasthan,"Sawai Madhopur, IN-RJ, IN",26.101154,76.519875,2023-03-23 22:48:48,130793
4067614029,"{""evidenceOfPresence"":""organism""}",Female,Adult,"Solo, daughter of Raj Bhera, Sir David Attenborough's Dynasties' tigress.",2020-02-03 18:17,2020,ASIA,IN,Madhya Pradesh,"Madhya Pradesh, IN",23.775805,81.141719,2023-03-17 14:18:43,130793
4067259092,"{""evidenceOfPresence"":""organism""}",,Juvenile,One of Solo's cubs.,2020-02-03 18:19,2020,ASIA,IN,Madhya Pradesh,"Madhya Pradesh, IN",23.621144,81.111537,2023-03-17 14:22:02,130793
4062774529,,,,,2022-06-24 7:17:21,2022,ASIA,IN,Kerala,"Kerala, IN",11.629842,76.148,2023-02-09 4:55:12,130793
4055066518,"{""evidenceOfPresence"":""track""}",,,,2023-01-28 8:42:04,2023,ASIA,IN,Kerala,"Kerala, IN",9.423138,77.153086,2023-03-07 13:30:20,130793
4055053561,,,,,2023-02-11 9:51:31,2023,ASIA,IN,Karnataka,"Karnataka, IN",12.02606,76.186989,2023-02-13 8:40:19,41967
4054870536,,,,,2023-01-15 7:59:31,2023,ASIA,IN,Maharashtra,"Maharashtra, IN",21.589605,79.387584,2023-02-11 7:18:55,41967
4037394544,,,,,2019-02-03,2019,ASIA,IN,,,12.34628,77.46288,,
4034983369,,,,,2023-02-13 7:55:12,2023,ASIA,IN,Madhya Pradesh,"Panna, IN-MP, IN",24.699237,80.068908,2023-02-13 11:53:25,130793
4034973464,"{""evidenceOfPresence"":""organism""}",,Adult,,2023-01-19 16:19,2023,ASIA,IN,Tamil Nadu,"Tamil Nadu, IN",11.314283,76.42515,2023-02-14 11:46:20,130793
4029244665,"{""evidenceOfPresence"":""scat""}",,,,2023-01-27 9:33:18,2023,ASIA,IN,Madhya Pradesh,"Madhya Pradesh, IN",21.663802,79.378159,2023-01-31 18:46:52,41967
4029176726,,,,,2022-12-20 17:28,2022,ASIA,IN,Maharashtra,"Chandrapur, IN-MH, IN",20.035143,79.200113,2023-02-06 13:30:02,130793
4029132501,,,,,2022-12-20 17:49,2022,ASIA,IN,Maharashtra,"Chandrapur, IN-MH, IN",20.369963,79.395689,2023-01-31 9:33:19,130793
4028636159,,,,,2022-12-20 17:16,2022,ASIA,IN,Maharashtra,"Chandrapur, IN-MH, IN",20.149108,79.321946,2023-02-06 13:48:50,130793
4022319261,,Female,,,2018-03-22 8:07,2018,ASIA,IN,Madhya Pradesh,"Madhya Pradesh, IN",22.370292,80.682171,2023-01-20 18:07:25,130793
4022235467,,,,,2023-01-22 17:16:26,2023,ASIA,IN,Rajasthan,"Sawai Madhopur, IN-RJ, IN",26.031634,76.503037,2023-01-22 15:22:48,130793
4021971107,,,,,2023-01-13 10:55,2023,ASIA,IN,Uttar Pradesh,"Uttar Pradesh, IN",28.612309,80.126047,2023-03-21 7:49:07,130793
4018396417,"{""evidenceOfPresence"":""organism""}",Female,Juvenile,,2021-02-02 9:45,2021,ASIA,IN,Madhya Pradesh,"Balaghat, IN-MP, IN",22.130684,80.785211,2023-01-17 7:42:55,130793
4018312186,,,,,2023-01-14 7:35,2023,ASIA,IN,Karnataka,"Karnataka, IN",11.889419,76.328923,2023-01-14 15:17:53,130793
4015220831,,,,,2022-10-18 15:44:30,2022,ASIA,IN,Rajasthan,"Rajasthan, IN",25.938126,76.480765,2023-01-04 15:13:39,130793
4015193858,"{""evidenceOfPresence"":""hair""}",Indeterminate,,,2019-12-21 11:00,2019,ASIA,IN,Tamil Nadu,"Tamil Nadu, IN",10.29622,76.919893,2023-01-08 12:18:01,130793
4015058402,"{""evidenceOfPresence"":""organism""}",,Adult,,2022-12-26,2022,ASIA,IN,Madhya Pradesh,"Madhya Pradesh, IN",22.202735,80.719904,2023-01-09 16:50:28,130793
4015017014,,,,,2023-01-03 6:45,2023,ASIA,IN,Karnataka,"Karnataka, IN",12.029584,76.172082,2023-01-06 17:00:33,130793
4015010126,,,,,2022-12-23 1:53:31,2022,ASIA,IN,Rajasthan,"Sawai Madhopur, IN-RJ, IN",26.185429,76.515733,2023-01-07 20:08:48,130793
3966391232,,,,,2022-04-06 8:26:45,2022,ASIA,IN,Karnataka,"Mysore, IN-KA, IN",12.016903,76.631521,2022-11-14 11:35:24,130793
3963623168,,,,gw36_38.jpg,2004-10-28 8:01,2004,ASIA,IN,Rajasthan,"Sawai Madhopur, IN-RJ, IN",26.177899,76.40045,2022-11-06 20:14:26,130793
3963510194,,,,gw38_17.jpg,2004-10-29 8:00,2004,ASIA,IN,Rajasthan,"Sawai Madhopur, IN-RJ, IN",26.032897,76.437764,2022-11-06 20:20:47,130793
3963380793,,,,,2022-10-31 16:30,2022,ASIA,IN,Maharashtra,"Chandrapur, IN-MH, IN",20.356792,79.274308,2022-11-03 12:11:16,130793
3961366605,"{""evidenceOfPresence"":""track""}",,,Pug marks of a Bengal Tiger.,2022-07-05 16:31:35,2022,ASIA,IN,Andhra Pradesh,"Visakhapatnam, IN-AP, IN",17.63399,82.952372,2022-10-08 12:21:40,130793
3961239755,"{""evidenceOfPresence"":""organism""}",Male,,,2022-10-20 7:16,2022,ASIA,IN,Rajasthan,"Sawai Madhopur, IN-RJ, IN",26.185827,76.421217,2022-10-26 20:46:00,130793
3961120779,"{""evidenceOfPresence"":""organism""}",Female,Adult,,2022-10-20 7:17,2022,ASIA,IN,Rajasthan,"Sawai Madhopur, IN-RJ, IN",26.069403,76.469465,2022-10-26 20:46:16,130793
3961079352,,,,,2022-10-28 8:15,2022,ASIA,IN,Madhya Pradesh,"Madhya Pradesh, IN",23.546186,81.021652,2022-10-30 18:55:15,130793
3947604078,"{""evidenceOfPresence"":""organism""}",,,,2016-06-14 19:39,2016,ASIA,IN,Kerala,"Kerala, IN",11.840757,76.050804,2022-10-12 8:27:08,130793
3923403708,"{""evidenceOfPresence"":""organism""}",,,,2022-09-27 10:45:10,2022,ASIA,IN,Madhya Pradesh,"Madhya Pradesh, IN",23.275259,77.246597,2022-10-26 20:45:14,130793
3915630986,"{""evidenceOfPresence"":""organism""}",Male,Adult,,2022-05-21 17:58:56,2022,ASIA,IN,Karnataka,"Karnataka, IN",11.927693,76.085861,2022-09-26 4:13:54,130793
3912467339,,,,Jharani's Cub 2,2022-03-01 7:07,2022,ASIA,IN,Maharashtra,"Chandrapur, IN-MH, IN",20.252553,79.376707,2022-09-18 18:47:52,130793
3912451776,,,,,2022-05-08 21:14,2022,ASIA,IN,Maharashtra,"Chandrapur, IN-MH, IN",20.256869,79.328606,2022-09-20 11:56:44,130793
3912446816,"{""evidenceOfPresence"":""organism""}",Male,Adult,,2022-05-20 9:16,2022,ASIA,IN,Madhya Pradesh,"Balaghat, IN-MP, IN",22.013181,80.719624,2022-09-20 14:24:26,130793
3912439746,"{""evidenceOfPresence"":""organism""}",,Juvenile,,2022-05-20 17:43,2022,ASIA,IN,Madhya Pradesh,"Balaghat, IN-MP, IN",22.060908,80.784834,2022-09-20 14:24:28,130793
3912337325,,,,Jharani's Cub 1,2022-03-01 7:06,2022,ASIA,IN,Maharashtra,"Chandrapur, IN-MH, IN",20.371746,79.300316,2022-09-18 18:47:36,130793
3912307595,"{""evidenceOfPresence"":""organism""}",Male,Adult,,2022-05-20 8:29,2022,ASIA,IN,Madhya Pradesh,"Balaghat, IN-MP, IN",22.010372,80.672689,2022-09-20 14:24:26,130793
3912249382,,,,,2022-02-27 14:21,2022,ASIA,IN,Maharashtra,"Chandrapur, IN-MH, IN",20.200613,79.359716,2022-09-16 15:47:57,130793
3912240186,"{""evidenceOfPresence"":""organism""}",,Juvenile,Jharani's Cub 3,2022-03-01 7:07,2022,ASIA,IN,Maharashtra,"Chandrapur, IN-MH, IN",20.273355,79.388353,2022-09-18 18:46:31,130793
3912206819,,,,Jharani Tigress,2022-03-01 7:06,2022,ASIA,IN,Maharashtra,"Chandrapur, IN-MH, IN",20.350338,79.308809,2022-09-18 18:47:22,130793
3912197273,"{""evidenceOfPresence"":""organism""}",Male,Adult,,2022-05-20 18:13,2022,ASIA,IN,Madhya Pradesh,"Balaghat, IN-MP, IN",22.195234,80.600922,2022-09-20 14:24:29,130793
3911977083,"{""evidenceOfPresence"":""organism""}",,Adult,,2016-05-09,2016,ASIA,IN,Rajasthan,"Sawai Madhopur, IN-RJ, IN",26.128552,76.520954,2022-09-15 15:58:06,130793
3903441894,,,,,2021-10-18 10:12:23,2021,ASIA,IN,Madhya Pradesh,"Madhya Pradesh, IN",23.721949,81.17557,2022-09-12 5:28:08,130793
3903406498,,,,,2021-02-09 23:48,2021,ASIA,IN,Madhya Pradesh,"Madhya Pradesh, IN",22.272682,80.626093,2022-09-05 23:17:31,130793
3903391130,,,,,2018-04-10 23:48,2018,ASIA,IN,Madhya Pradesh,"Madhya Pradesh, IN",22.332484,80.61063,2022-09-05 23:17:19,130793
3903376989,,,,,2021-12-23 23:48,2021,ASIA,IN,Madhya Pradesh,"Madhya Pradesh, IN",22.222141,80.619076,2022-09-05 23:17:54,130793
3903324886,,,,,2022-04-11 23:48,2022,ASIA,IN,Madhya Pradesh,"Madhya Pradesh, IN",22.324075,80.670521,2022-09-05 23:19:15,130793
3903221333,,,,,2021-12-11 20:38,2021,ASIA,IN,Madhya Pradesh,"Madhya Pradesh, IN",23.684879,81.014654,2022-09-12 5:29:53,130793
3903191501,,,,,2022-04-18 20:38,2022,ASIA,IN,Madhya Pradesh,"Madhya Pradesh, IN",23.778549,81.157714,2022-09-12 5:30:13,130793
3903164851,,,,,2022-01-14 23:48,2022,ASIA,IN,Madhya Pradesh,"Madhya Pradesh, IN",22.24507,80.63363,2022-09-05 23:19:40,130793
3903164815,,,,,2022-06-19 20:38,2022,ASIA,IN,Madhya Pradesh,"Madhya Pradesh, IN",22.297653,80.734309,2022-09-12 5:29:38,130793
3903026009,"{""evidenceOfPresence"":""organism""}",Female,Adult,,2015-11-12 21:53,2015,ASIA,IN,Maharashtra,"Chandrapur, IN-MH, IN",20.329627,79.354002,2022-09-05 23:20:23,130793
3902731013,,,,,2022-03-23 20:38,2022,ASIA,IN,Madhya Pradesh,"Madhya Pradesh, IN",22.353532,80.607857,2022-09-05 23:20:41,130793
3902699524,,,,,2022-02-18 15:11,2022,ASIA,IN,Madhya Pradesh,"Madhya Pradesh, IN",21.752022,79.341928,2022-08-24 6:26:36,130793
3902622107,,,,,2022-02-17 16:29,2022,ASIA,IN,Madhya Pradesh,"Madhya Pradesh, IN",21.609281,79.333756,2022-08-24 6:26:58,130793
3902529156,,,,,2022-03-12 17:31,2022,ASIA,IN,West Bengal,"West Bengal, IN",21.988144,88.885129,2022-08-23 17:16:27,130793
3902345288,"{""evidenceOfPresence"":""organism""}",,Adult,Photo credits: Divakara Shivappa,2018-03-28 21:21:16,2018,ASIA,IN,Karnataka,"Karnataka, IN",12.026032,76.027737,2022-08-20 19:10:52,130793
3902149833,,,,,2012-01-06 9:04,2012,ASIA,IN,Madhya Pradesh,"Madhya Pradesh, IN",23.688804,81.060484,2022-06-10 15:07:54,130793
3902108226,,,,,2007-04-25 9:42:57,2007,ASIA,IN,Uttarakhand,"Uttarakhand, IN",29.661265,78.788107,2022-08-20 11:49:26,130793
3898269831,,,,,2017-09-24,2017,ASIA,IN,,"Madhya Pradesh, IN",23.331411,77.475792,,263847
3892594067,,,,,2018-05-07 5:57,2018,ASIA,IN,Maharashtra,"Chandrapur, IN-MH, IN",20.214776,79.396145,2022-08-14 17:38:37,130793
3892577890,,,,,2018-05-06 6:28,2018,ASIA,IN,Maharashtra,"Chandrapur, IN-MH, IN",20.34902,79.307743,2022-08-13 8:59:24,130793
3892563729,,,,,2018-05-04 18:18,2018,ASIA,IN,Maharashtra,"Chandrapur, IN-MH, IN",20.371587,79.369378,2022-08-11 15:44:23,130793
3892551851,,,,,2018-05-06 6:14,2018,ASIA,IN,Maharashtra,"Chandrapur, IN-MH, IN",20.21302,79.393641,2022-08-13 8:59:25,130793
3892480846,,,,,2018-05-06 7:08,2018,ASIA,IN,Maharashtra,"Chandrapur, IN-MH, IN",20.220161,79.249827,2022-08-13 8:59:24,130793
3892400050,,,,,2018-05-06 18:09,2018,ASIA,IN,Maharashtra,"Chandrapur, IN-MH, IN",20.213367,79.374487,2022-08-14 17:38:34,130793
3892397861,,,,,2018-05-06 6:36,2018,ASIA,IN,Maharashtra,"Chandrapur, IN-MH, IN",20.292565,79.240225,2022-08-13 8:59:24,130793
3892338764,,,,,2018-05-05 7:03,2018,ASIA,IN,Maharashtra,"Chandrapur, IN-MH, IN",20.347069,79.393271,2022-08-11 19:21:15,130793
3892306867,,,,,2018-05-06 6:22,2018,ASIA,IN,Maharashtra,"Chandrapur, IN-MH, IN",20.230087,79.397735,2022-08-13 8:59:23,130793
3892300988,,,,,2018-05-06 17:40,2018,ASIA,IN,Maharashtra,"Chandrapur, IN-MH, IN",20.387498,79.325424,2022-08-14 17:38:34,130793
3892291743,,,,,2018-05-05 6:49,2018,ASIA,IN,Maharashtra,"Chandrapur, IN-MH, IN",20.396719,79.347127,2022-08-11 19:21:13,130793
3892273071,"{""evidenceOfPresence"":""organism""}",,Adult,,2018-05-06 17:33,2018,ASIA,IN,Maharashtra,"Chandrapur, IN-MH, IN",20.307825,79.223154,2022-08-14 17:38:34,130793
3891411155,,,,,2017-01-25,2017,ASIA,IN,Tamil Nadu,Manamboli,10.363361,76.884995,,
3891411150,,,,Sign - Scat/Dung | TR boundary,2016-10-12,2016,ASIA,IN,Tamil Nadu,Senthil Estate,10.376911,76.931464,,
3891411047,,,,,2016-12-04,2016,ASIA,IN,Tamil Nadu,Varattuparai,10.381044,76.934814,,
3891410459,,,,Sign - Track/Pugmark | Along riverbed,2017-01-24,2017,ASIA,IN,Tamil Nadu,Manamboli,10.362669,76.88456,,
3891410119,,,,,2017-03-29,2017,ASIA,IN,Tamil Nadu,Manambolly,10.360611,76.882492,,
3891409978,,,,"Death | Adult female. Really old.  Killed a porcupine, ate a foot and was found dead close to the porcupine. Post-mortem revealed a lot of quills in the stomach causing internal bleeding. Siva coffee: tea estate field #6",2016-07-14,2016,ASIA,IN,Tamil Nadu,Siva Coffee,10.316207,76.904956,,
3891409973,,,,"Sighting | Two tigers, possibly male and female.",2017-01-20,2017,ASIA,IN,Tamil Nadu,"Nursery Mattam, Kadavusatti road",10.4469,76.869148,,
3891409913,,,,,2017-10-07,2017,ASIA,IN,Kerala,Thaniyali top,10.486073,76.63355,,
3889077640,,,,,2022-06-05 18:09,2022,ASIA,IN,Rajasthan,"Sawai Madhopur, IN-RJ, IN",26.004643,76.546428,2022-08-09 17:29:13,130793
3889011932,"{""evidenceOfPresence"":""organism""}",,,,2022-06-07 7:25,2022,ASIA,IN,Rajasthan,"Sawai Madhopur, IN-RJ, IN",26.150699,76.57217,2022-08-09 17:27:21,130793
3889011058,,,,,2022-06-07 7:59,2022,ASIA,IN,Rajasthan,"Sawai Madhopur, IN-RJ, IN",26.154647,76.515321,2022-08-09 17:07:41,130793
3888965288,,,,,2022-06-06 8:10,2022,ASIA,IN,Rajasthan,"Sawai Madhopur, IN-RJ, IN",26.059459,76.505505,2022-08-09 17:07:25,130793
3888961902,,,,,2022-06-07 7:40,2022,ASIA,IN,Rajasthan,"Sawai Madhopur, IN-RJ, IN",26.096616,76.575548,2022-08-09 17:26:46,130793
3888948945,,,,,2022-06-11 7:13,2022,ASIA,IN,Uttarakhand,"Uttarakhand, IN",29.521672,79.149535,2022-08-09 21:18:36,130793
3887847606,,Female,Subadult,,2020,2020,ASIA,IN,Uttarakhand,,29.563036,78.892366,,
3887847605,,,Subadult,,2021,2021,ASIA,IN,Uttarakhand,,29.563036,78.892366,,
3887847604,,Female,Adult,,2021-04,2021,ASIA,IN,Maharashtra,,20.26666,79.4,,
3887847603,,Female,Adult,,2021,2021,ASIA,IN,Maharashtra,,20.26666,79.4,,
3887847602,,,,,2021-04,2021,ASIA,IN,Maharashtra,,20.26666,79.4,,
3887847601,,Female,Adult,,2021,2021,ASIA,IN,Uttarakhand,,29.438819,79.220036,,
3887847600,,,,,2021-04,2021,ASIA,IN,Maharashtra,,20.26666,79.4,,
3887847599,,,Subadult,,2021,2021,ASIA,IN,Maharashtra,,20.26666,79.4,,
3887847598,,Female,Adult,,2021-01,2021,ASIA,IN,Uttarakhand,,29.563036,78.892366,,
3887847597,,Female,Adult,,2021-03,2021,ASIA,IN,Uttarakhand,,29.446924,78.993961,,
3887847596,,,Subadult,,2020-12,2020,ASIA,IN,Maharashtra,,20.26666,79.4,,
3887847595,,Female,Adult,,2021,2021,ASIA,IN,Uttarakhand,,29.534069,79.069799,,
3887847594,,,,,2021-04,2021,ASIA,IN,Maharashtra,,20.26666,79.4,,
3887847593,,,Juvenile,,2021,2021,ASIA,IN,Maharashtra,,20.26666,79.4,,
3887847592,,Male,Adult,,2021,2021,ASIA,IN,Uttarakhand,,29.554046,79.044354,,
3887847591,,Female,Subadult,,2021,2021,ASIA,IN,Uttarakhand,,29.563036,78.892366,,
3887847590,,Male,Adult,,2021,2021,ASIA,IN,Maharashtra,,20.26666,79.4,,
3887847589,,Male,Adult,,2021,2021,ASIA,IN,Maharashtra,,20.26666,79.4,,
3887847588,,,Subadult,,2021,2021,ASIA,IN,Maharashtra,,20.366017,79.398552,,
3887847587,,Female,Adult,,2021,2021,ASIA,IN,Uttarakhand,,29.563036,78.892366,,
3887847586,,Female,Adult,,2021,2021,ASIA,IN,Uttarakhand,,29.563036,78.892366,,
3887847585,,Female,Adult,,2021,2021,ASIA,IN,Uttarakhand,,29.534069,79.069799,,
3887847584,,Female,Adult,,2021,2021,ASIA,IN,Maharashtra,,20.26666,79.4,,
3887847583,,Female,Adult,,2021,2021,ASIA,IN,Uttarakhand,,29.438819,79.220036,,
3887847582,,,Subadult,,2021-04,2021,ASIA,IN,Uttarakhand,,29.563036,78.892366,,
3887847581,,Male,Adult,,2021,2021,ASIA,IN,Maharashtra,,20.26666,79.4,,
3887847580,,Male,Subadult,,2021,2021,ASIA,IN,Maharashtra,,20.122018,79.435413,,
3887847579,,Female,Adult,,2018-05,2018,ASIA,IN,Maharashtra,,20.26666,79.4,,
3887847578,,Male,Subadult,,2021-04,2021,ASIA,IN,Uttarakhand,,29.563036,78.892366,,
3887847577,,Female,Adult,,2021-01,2021,ASIA,IN,Uttarakhand,,29.563036,78.892366,,
3887847576,,Female,Adult,,2021-02-23,2021,ASIA,IN,Madhya Pradesh,,24.590517,79.941659,,
3887847575,,,Subadult,,2021-04,2021,ASIA,IN,Uttarakhand,,29.563036,78.892366,,
3887847574,,Male,,,2021,2021,ASIA,IN,Maharashtra,,20.298737,79.479268,,
3887847573,,,Subadult,,2021-01-31,2021,ASIA,IN,Madhya Pradesh,,24.590517,79.941665,,
3887847572,,Male,Adult,,2021,2021,ASIA,IN,Maharashtra,,20.26666,79.4,,
3887847571,,Female,Adult,,2021-02,2021,ASIA,IN,Madhya Pradesh,,24.590517,79.941659,,
3887847570,,Female,Adult,,2021-02,2021,ASIA,IN,Uttarakhand,,29.534069,79.069799,,
3887847569,,,,,2021-03,2021,ASIA,IN,Maharashtra,,20.26666,79.4,,
3887847568,,,,,2021,2021,ASIA,IN,Maharashtra,,20.26666,79.4,,
3887847567,,Female,Subadult,,2021-04-23,2021,ASIA,IN,Uttarakhand,,29.534069,79.069799,,
3887847566,,Female,Adult,,2021-02-23,2021,ASIA,IN,Madhya Pradesh,,24.590517,79.941659,,
3887847565,,Female,Adult,,2021-03-07,2021,ASIA,IN,Madhya Pradesh,,24.590517,79.941659,,
3887847564,,Female,Subadult,,2021,2021,ASIA,IN,Uttarakhand,,29.563036,78.892366,,
3887847563,,,Subadult,,2021,2021,ASIA,IN,Maharashtra,,20.26666,79.4,,
3887847562,,,Juvenile,,2021-01,2021,ASIA,IN,Maharashtra,,20.26666,79.4,,
3887847561,,Female,Subadult,,2021-04-23,2021,ASIA,IN,Uttarakhand,,29.534069,79.069799,,
3887847560,,Female,Adult,,2021-04,2021,ASIA,IN,Uttarakhand,,29.563036,78.892366,,
3887847559,,Female,Adult,,2021-02-06,2021,ASIA,IN,Madhya Pradesh,,24.590517,79.941665,,
3887847558,,Female,Adult,,2021,2021,ASIA,IN,Maharashtra,,24.590517,79.941659,,
3887847557,,Female,Subadult,,2021-04,2021,ASIA,IN,Uttarakhand,,29.534069,79.069799,,
3887847556,,Female,Adult,,2021-02,2021,ASIA,IN,Maharashtra,,24.590517,79.941659,,
3887847555,,Female,,,2021,2021,ASIA,IN,Maharashtra,,20.26666,79.4,,
3887847554,,Female,Adult,,2021,2021,ASIA,IN,Madhya Pradesh,,24.590517,79.941659,,
3887847553,,Female,Adult,,2021,2021,ASIA,IN,Maharashtra,,24.590517,79.941659,,
3887847552,,Female,,,2018-05,2018,ASIA,IN,Maharashtra,,20.26666,79.4,,
3887847551,,Female,Subadult,,2021-04-23,2021,ASIA,IN,Uttarakhand,,29.534069,79.069799,,
3887847550,,Female,Adult,,2021-04-22,2021,ASIA,IN,Maharashtra,,20.405937,79.317614,,
3887847549,,Female,Adult,,2021,2021,ASIA,IN,Maharashtra,,24.590517,79.941659,,
3887847548,,Female,Adult,,2020-02,2020,ASIA,IN,Uttarakhand,,29.562076,78.759586,,
3887847547,,Male,Juvenile,,2021-04-22,2021,ASIA,IN,Maharashtra,,20.405937,79.317614,,
3887847546,,Female,Subadult,,2021,2021,ASIA,IN,Uttarakhand,,29.534069,79.069799,,
3887847545,,Female,Adult,,2021,2021,ASIA,IN,Maharashtra,,24.590517,79.941659,,
3887847544,,Female,Juvenile,,2021-04-22,2021,ASIA,IN,Maharashtra,,20.405937,79.317614,,
3887847543,,Female,Subadult,,2018,2018,ASIA,IN,Uttarakhand,,29.554046,79.044354,,
3887847542,,Male,Juvenile,,2021-04-22,2021,ASIA,IN,Maharashtra,,20.405937,79.317614,,
3887847541,,Female,Subadult,,2020-02,2020,ASIA,IN,Uttarakhand,,29.563036,78.892366,,
3887847540,,Male,Subadult,,2021-04-22,2021,ASIA,IN,Maharashtra,,20.405937,79.317614,,
3887847539,,Male,Adult,,2021-03-14,2021,ASIA,IN,Maharashtra,,24.590517,79.941659,,
3887847538,,,Adult,,2021,2021,ASIA,IN,Madhya Pradesh,,24.590517,79.941659,,
3887847537,,Female,Subadult,,2020-02,2020,ASIA,IN,Uttarakhand,,29.563036,78.892366,,
3887847536,,Female,Adult,,2021-03,2021,ASIA,IN,Maharashtra,,24.590517,79.941659,,
3887847535,,Male,Adult,,2021-03-17,2021,ASIA,IN,Madhya Pradesh,,24.590517,79.941659,,
3887847534,,Female,,,2021,2021,ASIA,IN,Maharashtra,,20.26666,79.4,,
3887847533,,Male,Subadult,,2018-04-22,2018,ASIA,IN,Maharashtra,,20.405937,79.317614,,
3887847532,,Male,Adult,,2020-11,2020,ASIA,IN,Maharashtra,,20.26666,79.4,,
3887847531,,Female,Adult,,2020-02,2020,ASIA,IN,Uttarakhand,,29.563036,78.892366,,
3887847530,,Female,Adult,,2021-02-06,2021,ASIA,IN,Madhya Pradesh,,24.590517,79.941659,,
3887847529,,Female,Subadult,,2021,2021,ASIA,IN,Uttarakhand,,29.563036,78.892366,,
3887847528,,Female,Adult,,2021-03,2021,ASIA,IN,Uttarakhand,,29.563036,78.892366,,
3887847527,,Female,Subadult,,2021,2021,ASIA,IN,Uttarakhand,,29.563036,78.892366,,
3887847526,,Female,Adult,,2021-04-22,2021,ASIA,IN,Maharashtra,,20.405937,79.317614,,
3887847525,,Male,,,2020-12,2020,ASIA,IN,Maharashtra,,20.26666,79.4,,
3887847524,,,Adult,,2021,2021,ASIA,IN,Madhya Pradesh,,24.590517,79.941659,,
3887847523,,Female,Adult,,2021,2021,ASIA,IN,Madhya Pradesh,,24.590517,79.941659,,
3887847522,,Male,Subadult,,2021-03,2021,ASIA,IN,Madhya Pradesh,,24.590517,79.941659,,
3887847521,,Male,Adult,,2021-03-17,2021,ASIA,IN,Madhya Pradesh,,24.621543,80.136684,,
3887847520,,,Juvenile,,2020-01-09,2020,ASIA,IN,Maharashtra,,20.405937,79.317614,,
3887847519,,,Juvenile,,2020-01-09,2020,ASIA,IN,Maharashtra,,20.405937,79.317614,,
3887847518,,Female,Adult,,2021-02-06,2021,ASIA,IN,Madhya Pradesh,,24.590517,79.941659,,
3887847517,,,Adult,,2021,2021,ASIA,IN,Madhya Pradesh,,24.590517,79.941659,,
3887847516,,,Juvenile,,2020-01-09,2020,ASIA,IN,Maharashtra,,20.405937,79.317614,,
3887847515,,Male,Subadult,,2021-04-15,2021,ASIA,IN,Madhya Pradesh,,24.590517,79.941659,,
3887847514,,Female,Adult,,2019,2019,ASIA,IN,Madhya Pradesh,,24.590517,79.941659,,
3887847513,,,Subadult,,2021,2021,ASIA,IN,Madhya Pradesh,,24.590517,79.941659,,
3887847512,,,Juvenile,,2020-01-09,2020,ASIA,IN,Maharashtra,,20.405937,79.317614,,
3887847511,,Male,Adult,,2021,2021,ASIA,IN,Madhya Pradesh,,24.590517,79.941659,,
3887847510,,Female,Subadult,,2021,2021,ASIA,IN,Maharashtra,,20.26666,79.4,,
3887847509,,,Subadult,,2021,2021,ASIA,IN,Madhya Pradesh,,24.590517,79.941659,,
3887847508,,Female,Adult,,2021,2021,ASIA,IN,Maharashtra,,20.26666,79.4,,
3887847507,,,,,2021,2021,ASIA,IN,Maharashtra,,20.196902,79.366946,,
3887847506,,Female,Adult,,2019-04-19,2019,ASIA,IN,Madhya Pradesh,,24.590517,79.941659,,
3887847505,,Female,Subadult,,2021,2021,ASIA,IN,Maharashtra,,20.26666,79.4,,
3887847504,,Male,Adult,,2021,2021,ASIA,IN,Madhya Pradesh,,24.590517,79.941659,,
3887847503,,Female,Adult,,2020-01-09,2020,ASIA,IN,Maharashtra,,20.405937,79.317614,,
3887847502,,,Adult,,2021,2021,ASIA,IN,Maharashtra,,20.26666,79.4,,
3887847501,,,Juvenile,,2018-12,2018,ASIA,IN,Maharashtra,,20.26666,79.4,,
3887847500,,,Juvenile,,2021-02-28,2021,ASIA,IN,Maharashtra,,20.26666,79.4,,
3887847499,,Female,Adult,,2021-03,2021,ASIA,IN,Madhya Pradesh,,24.590517,79.941659,,
3887847498,,Male,Adult,,2021-02,2021,ASIA,IN,Madhya Pradesh,,24.590517,79.941659,,
3887847497,,Female,Adult,,2021-02-28,2021,ASIA,IN,Maharashtra,,20.26666,79.4,,
3887847496,,,Juvenile,,2018-12,2018,ASIA,IN,Maharashtra,,20.26666,79.4,,
3887847495,,Female,Adult,,2018-03,2018,ASIA,IN,Madhya Pradesh,,24.590517,79.941659,,
3887847494,,Male,Subadult,,2021,2021,ASIA,IN,Maharashtra,,20.298737,79.479268,,
3887847493,,,Juvenile,,2021-02-28,2021,ASIA,IN,Maharashtra,,20.26666,79.4,,
3887847492,,Female,Adult,,2018-02,2018,ASIA,IN,Madhya Pradesh,,24.590517,79.941659,,
3887847491,,,,,2021-04,2021,ASIA,IN,Maharashtra,,20.26666,79.4,,
3887847490,,,Juvenile,,2021-02-28,2021,ASIA,IN,Maharashtra,,20.26666,79.4,,
3887847489,,Male,Juvenile,,2021-02-18,2021,ASIA,IN,Maharashtra,,20.405937,79.317614,,
3887847488,,Male,Adult,,2021-02,2021,ASIA,IN,Madhya Pradesh,,24.590517,79.941659,,
3887847487,,Male,Juvenile,,2020-01-06,2020,ASIA,IN,Maharashtra,,20.298737,79.479268,,
3887847486,,Male,Juvenile,,2020-01-06,2020,ASIA,IN,Maharashtra,,20.298737,79.479268,,
3887847485,,Female,Adult,,2020-02,2020,ASIA,IN,Madhya Pradesh,,24.590517,79.941659,,
3887847484,,Female,Adult,,2021,2021,ASIA,IN,Maharashtra,,20.26666,79.4,,
3887847483,,Female,Adult,,2021-02-18,2021,ASIA,IN,Maharashtra,,20.405937,79.317614,,
3887847482,,Female,Adult,,2021,2021,ASIA,IN,Madhya Pradesh,,24.590517,79.941659,,
3887847481,,,Adult,,2018-02,2018,ASIA,IN,Madhya Pradesh,,24.334513,80.611513,,
3887847480,,,,,2021,2021,ASIA,IN,Maharashtra,,20.113899,79.319123,,
3887847479,,Male,,,2021,2021,ASIA,IN,Maharashtra,,20.26666,79.4,,
3887847478,,,,,2021,2021,ASIA,IN,Maharashtra,,20.196902,79.366946,,
3887847477,,Male,Juvenile,,2021,2021,ASIA,IN,Maharashtra,,20.26666,79.4,,
3887847476,,Female,Adult,,2019,2019,ASIA,IN,Madhya Pradesh,,24.590517,79.941659,,
3887847475,,Female,Adult,,2018,2018,ASIA,IN,Madhya Pradesh,,24.590517,79.941659,,
3887847474,,Female,Adult,,2018-12,2018,ASIA,IN,Maharashtra,,20.26666,79.4,,
3887847473,,Male,Subadult,,2021,2021,ASIA,IN,Maharashtra,,20.366017,79.398552,,
3887847472,,Male,Adult,,2021,2021,ASIA,IN,Madhya Pradesh,,24.590517,79.941659,,
3887847471,,,Juvenile,,2021-06-11,2021,ASIA,IN,Madhya Pradesh,,24.590517,79.941659,,
3887847470,,Female,Adult,,2021-02,2021,ASIA,IN,Maharashtra,,20.26666,79.4,,
3887847469,,Female,Adult,,2021,2021,ASIA,IN,Maharashtra,,20.113899,79.319123,,
3887847468,,,Subadult,,2021-04,2021,ASIA,IN,Maharashtra,,20.26666,79.4,,
3887847467,,Male,Adult,,2021-04,2021,ASIA,IN,Maharashtra,,20.26666,79.4,,
3887847466,,Male,Adult,,2021-03-30,2021,ASIA,IN,Madhya Pradesh,,24.590517,79.941659,,
3887847465,,,Juvenile,,2021-02-18,2021,ASIA,IN,Maharashtra,,20.405937,79.317614,,
3887847464,,Female,Adult,,2021-02,2021,ASIA,IN,Maharashtra,,20.26666,79.4,,
3887847463,,Female,Adult,,2021,2021,ASIA,IN,Maharashtra,,20.26666,79.4,,
3887847462,,,Subadult,,2021-06,2021,ASIA,IN,Madhya Pradesh,,24.590517,79.941659,,
3887847461,,Female,Adult,,2021,2021,ASIA,IN,Karnataka,,12.034326,76.120628,,
3887847460,,Male,Subadult,,2021-02,2021,ASIA,IN,Maharashtra,,20.26666,79.4,,
3887847459,,,,,2021-02,2021,ASIA,IN,Maharashtra,,20.26666,79.4,,
3887847458,,,Juvenile,,2021,2021,ASIA,IN,Maharashtra,,20.26666,79.4,,
3887847457,,Male,Subadult,,2021,2021,ASIA,IN,Maharashtra,,21.24817,79.986591,,
3887847456,,,Juvenile,,2021,2021,ASIA,IN,Maharashtra,,20.26666,79.4,,
3887847455,,Male,Adult,,2021,2021,ASIA,IN,Maharashtra,,20.26666,79.4,,
3887847454,,,Juvenile,,2021-02,2021,ASIA,IN,Maharashtra,,20.26666,79.4,,
3887847453,,,Subadult,,2021-02,2021,ASIA,IN,Karnataka,,11.991231,76.178437,,
3887847452,,,Adult,,2021-02,2021,ASIA,IN,Karnataka,,11.991231,76.178437,,
3887847451,,,Juvenile,,2021,2021,ASIA,IN,Maharashtra,,20.26666,79.4,,
3887847450,,Male,Juvenile,,2020-01-06,2020,ASIA,IN,Maharashtra,,20.298737,79.479268,,
3887847449,,,Juvenile,,2021-02-18,2021,ASIA,IN,Maharashtra,,20.405937,79.317614,,
3887847448,,,Subadult,,2021-03,2021,ASIA,IN,Maharashtra,,20.26666,79.4,,
3887847447,,,Juvenile,,2021-02-18,2021,ASIA,IN,Maharashtra,,20.405937,79.317614,,
3887847446,,Male,Adult,,2021,2021,ASIA,IN,Maharashtra,,20.26666,79.4,,
3887847445,,Male,Juvenile,,2021-01-06,2021,ASIA,IN,Maharashtra,,20.298737,79.479268,,
3887847444,,,Juvenile,,2021-06-11,2021,ASIA,IN,Madhya Pradesh,,24.590517,79.941659,,
3887847443,,,Juvenile,,2021-02-18,2021,ASIA,IN,Maharashtra,,20.405937,79.317614,,
3887847442,,,Subadult,,2021-03,2021,ASIA,IN,Karnataka,,11.991231,76.178437,,
3887847441,,Male,Adult,,2020-01-07,2020,ASIA,IN,Maharashtra,,20.405937,79.317614,,
3887847440,,Female,Adult,,2021-02-18,2021,ASIA,IN,Maharashtra,,20.405937,79.317614,,
3887847439,,Male,Adult,,2021-02-18,2021,ASIA,IN,Maharashtra,,20.405937,79.317614,,
3887847438,,Male,Adult,,2021,2021,ASIA,IN,Maharashtra,,20.26666,79.4,,
3887847437,,Male,Adult,,2021-06,2021,ASIA,IN,Madhya Pradesh,,24.590517,79.941659,,
3887847436,,Female,Adult,,2021-02-18,2021,ASIA,IN,Maharashtra,,20.405937,79.317614,,
3887847435,,Female,Adult,,2020-12,2020,ASIA,IN,Karnataka,,11.991231,76.178437,,
3887847434,,Male,Adult,,2021-01,2021,ASIA,IN,Karnataka,,12.034326,76.120628,,
3887847433,,,Adult,,2021,2021,ASIA,IN,Karnataka,,12.034326,76.120628,,
3887847432,,Female,Subadult,,2021,2021,ASIA,IN,Maharashtra,,20.446563,79.275322,,
3887847431,,Female,Adult,,2021,2021,ASIA,IN,Karnataka,,12.034326,76.120628,,
3887847430,,Male,Adult,,2021-02,2021,ASIA,IN,Karnataka,,11.991231,76.178437,,
3887847429,,,Subadult,,2020-12,2020,ASIA,IN,Karnataka,,11.991231,76.178437,,
3887847428,,Male,Adult,,2021,2021,ASIA,IN,Maharashtra,,20.26666,79.4,,
3887847427,,Female,Adult,,2021-02-18,2021,ASIA,IN,Maharashtra,,20.405937,79.317614,,
3887847426,,Female,Adult,,2021,2021,ASIA,IN,Maharashtra,,20.26666,79.4,,
3887847425,,,Subadult,,2021-02,2021,ASIA,IN,Karnataka,,11.991231,76.178437,,
3887847424,,Female,Adult,,2021-02,2021,ASIA,IN,Karnataka,,11.991231,76.178437,,
3887847423,,Female,Adult,,2020-12,2020,ASIA,IN,Karnataka,,12.034326,76.120628,,
3887847422,,,Juvenile,,2021-02-18,2021,ASIA,IN,Maharashtra,,20.405937,79.317614,,
3887847421,,Male,Adult,,2021,2021,ASIA,IN,Karnataka,,12.034326,76.120628,,
3887847420,,Female,Adult,,2017-08,2017,ASIA,IN,Maharashtra,,20.26666,79.4,,
3887847419,,Male,Adult,,2017-06,2017,ASIA,IN,Maharashtra,,20.26666,79.4,,
3887847418,,Female,Adult,,2021,2021,ASIA,IN,Karnataka,,11.877029,76.247461,,
3887847417,,,Adult,,2021-03,2021,ASIA,IN,Karnataka,,11.991231,76.178437,,
3887847416,,Female,Adult,,2021,2021,ASIA,IN,Maharashtra,,20.152123,79.457434,,
3887847415,,,Juvenile,,2021,2021,ASIA,IN,Karnataka,,11.991231,76.178437,,
3887847414,,Male,Adult,,2021-03,2021,ASIA,IN,Karnataka,,11.991231,76.178437,,
3887847413,,Male,Adult,,2017-06,2017,ASIA,IN,Maharashtra,,20.26666,79.4,,
3887847412,,,Juvenile,,2021-02,2021,ASIA,IN,Maharashtra,,20.26666,79.4,,
3887847411,,Male,Adult,,2021,2021,ASIA,IN,Karnataka,,12.034326,76.120628,,
3887847410,,,Juvenile,,2021-02,2021,ASIA,IN,Maharashtra,,20.26666,79.4,,
3887847409,,Male,Juvenile,,2021,2021,ASIA,IN,Maharashtra,,20.26666,79.4,,
3887847408,,Male,Adult,,2021-01,2021,ASIA,IN,Maharashtra,,20.26666,79.4,,
3887847407,,,Subadult,,2017-06,2017,ASIA,IN,Karnataka,,11.991231,76.178437,,
3887847406,,Female,Adult,,2021,2021,ASIA,IN,Karnataka,,11.991231,76.178437,,
3887847405,,Female,Subadult,,2021-04,2021,ASIA,IN,Karnataka,,11.991231,76.178437,,
3887847404,,Male,Adult,,2021-01,2021,ASIA,IN,Maharashtra,,20.26666,79.4,,
3887847403,,Male,Adult,,2018-02,2018,ASIA,IN,Maharashtra,,20.26666,79.4,,
3887847402,,Female,Adult,,2021,2021,ASIA,IN,Karnataka,,11.991231,76.178437,,
3887847401,,Female,Adult,,2021-03-05,2021,ASIA,IN,Maharashtra,,20.26666,79.4,,
3887847400,,Male,Juvenile,,2021,2021,ASIA,IN,Maharashtra,,20.366017,79.398552,,
3887847399,,Male,Adult,,2021-04,2021,ASIA,IN,Karnataka,,11.991231,76.178437,,
3887847398,,Male,Adult,,2021,2021,ASIA,IN,Karnataka,,11.991231,76.178437,,
3887847397,,,Juvenile,,2021-03-05,2021,ASIA,IN,Maharashtra,,20.26666,79.4,,
3887847396,,Male,Adult,,2021,2021,ASIA,IN,Karnataka,,11.991231,76.178437,,
3887847395,,Female,Adult,,2021,2021,ASIA,IN,Karnataka,,12.034326,76.120628,,
3887847394,,,Juvenile,,2021-03-05,2021,ASIA,IN,Maharashtra,,20.26666,79.4,,
3887847393,,Female,Adult,,2021-03,2021,ASIA,IN,Maharashtra,,20.227192,79.417836,,
3887847392,,Female,Adult,,2018-04,2018,ASIA,IN,Karnataka,,11.991231,76.178437,,
3887847391,,,Adult,,2021,2021,ASIA,IN,Karnataka,,11.991231,76.178437,,
3887847390,,,Adult,,2021,2021,ASIA,IN,Karnataka,,11.991231,76.178437,,
3887847389,,Female,Adult,,2021,2021,ASIA,IN,Maharashtra,,20.26666,79.4,,
3887847388,,,Adult,,2020-10,2020,ASIA,IN,Karnataka,,12.034326,76.120628,,
3887847387,,Female,Adult,,2021-02,2021,ASIA,IN,Maharashtra,,20.26666,79.4,,
3887847386,,Male,Adult,,2021-02,2021,ASIA,IN,Maharashtra,,20.26666,79.4,,
3887847385,,Female,Adult,,2021,2021,ASIA,IN,Maharashtra,,20.26666,79.4,,
3887847384,,Female,Adult,,2021,2021,ASIA,IN,Karnataka,,12.034326,76.120628,,
3887847383,,Female,Adult,,2020-10,2020,ASIA,IN,Karnataka,,12.034326,76.120628,,
3887847382,,Male,Adult,,2021-03-20,2021,ASIA,IN,Assam,,26.375851,93.460525,,
3887847381,,Male,Adult,,2021,2021,ASIA,IN,Maharashtra,,20.152123,79.457434,,
3887847380,,,Subadult,,2021,2021,ASIA,IN,Rajasthan,,26.013898,76.504682,,
3887847379,,,Adult,,2021,2021,ASIA,IN,Assam,,26.375851,93.460525,,
3887847378,,Male,Adult,,2020-10,2020,ASIA,IN,Maharashtra,,20.196902,79.366946,,
3887847377,,Male,Adult,,2021-04,2021,ASIA,IN,Rajasthan,,26.013898,76.504682,,
3887847376,,Male,Subadult,,2021-04,2021,ASIA,IN,Rajasthan,,26.013898,76.504682,,
3887847375,,,Subadult,,2021,2021,ASIA,IN,Maharashtra,,20.26666,79.4,,
3887847374,,Male,Adult,,2021-06-02,2021,ASIA,IN,Assam,,26.375851,93.460525,,
3887847373,,Female,Adult,,2021-03-20,2021,ASIA,IN,Assam,,26.375851,93.460525,,
3887847372,,Female,Adult,,2021-01,2021,ASIA,IN,Maharashtra,,20.26666,79.4,,
3887847371,,Female,Subadult,,2021-04,2021,ASIA,IN,Rajasthan,,26.013898,76.504682,,
3887847370,,Male,Adult,,2020-02-10,2020,ASIA,IN,Uttar Pradesh,,28.388555,80.408085,,
3887847369,,Male,Adult,,2021-03,2021,ASIA,IN,Maharashtra,,20.26666,79.4,,
3887847368,,Male,Adult,,2021-04,2021,ASIA,IN,Rajasthan,,26.109356,76.518211,,
3887847367,,Female,Adult,,2021,2021,ASIA,IN,Rajasthan,,26.013898,76.504682,,
3887847366,,Female,Adult,,2021-02-18,2021,ASIA,IN,Maharashtra,,20.26666,79.4,,
3887847365,,Male,Subadult,,2021-04,2021,ASIA,IN,Rajasthan,,26.013898,76.504682,,
3887847364,,Female,Subadult,,2021-04,2021,ASIA,IN,Rajasthan,,26.013898,76.504682,,
3887847363,,Female,Adult,,2018-04,2018,ASIA,IN,Karnataka,,11.991231,76.178437,,
3887847362,,,Juvenile,,2021-03,2021,ASIA,IN,Maharashtra,,20.227192,79.417836,,
3887847361,,Female,Adult,,2018-04,2018,ASIA,IN,Karnataka,,11.991231,76.178437,,
3887847360,,,Juvenile,,2021-03,2021,ASIA,IN,Maharashtra,,20.227192,79.417836,,
3887847359,,,Juvenile,,2021-03,2021,ASIA,IN,Maharashtra,,20.227192,79.417836,,
3887847358,,Female,Adult,,2021-02,2021,ASIA,IN,Maharashtra,,20.26666,79.4,,
3887847357,,Male,Adult,,2018,2018,ASIA,IN,Assam,,26.375851,93.460525,,
3887847356,,Male,Adult,,2021,2021,ASIA,IN,Uttar Pradesh,,28.388555,80.408085,,
3887847355,,Female,Adult,,2021-04,2021,ASIA,IN,Rajasthan,,26.013898,76.504682,,
3887847354,,Male,Adult,,2021,2021,ASIA,IN,Assam,,26.375851,93.460525,,
3887847353,,Male,Adult,,2021,2021,ASIA,IN,Maharashtra,,20.4277,79.298564,,
3887847352,,Male,Adult,,2021-04,2021,ASIA,IN,Rajasthan,,26.013898,76.504682,,
3887847351,,,,,2017,2017,ASIA,IN,Assam,,26.375851,93.460525,,
3887847350,,Female,Adult,,2021-04,2021,ASIA,IN,Rajasthan,,26.013898,76.504682,,
3887847349,,Male,Adult,,2021,2021,ASIA,IN,Maharashtra,,20.26666,79.4,,
3887847348,,Male,Adult,,2021-01-25,2021,ASIA,IN,Maharashtra,,20.26666,79.4,,
3887847347,,,,,2009,2009,ASIA,IN,Assam,,26.565925,93.290918,,
3887847346,,Male,Adult,,2021,2021,ASIA,IN,Rajasthan,,26.013898,76.504682,,
3887847345,,Male,Subadult,,2021,2021,ASIA,IN,Rajasthan,,26.013898,76.504682,,
3887847344,,Male,Adult,,2021-03,2021,ASIA,IN,Maharashtra,,20.446563,79.275322,,
3887847343,,Male,Subadult,,2021-03,2021,ASIA,IN,Maharashtra,,20.26666,79.4,,
3887847342,,,Juvenile,,2015,2015,ASIA,IN,Assam,,26.375851,93.460525,,
3887847341,,Female,Subadult,,2021,2021,ASIA,IN,Rajasthan,,26.013898,76.504682,,
3887847340,,Male,Adult,,2021-04,2021,ASIA,IN,Rajasthan,,26.013898,76.504682,,
3887847339,,Female,Subadult,,2021-03,2021,ASIA,IN,Rajasthan,,26.039992,76.473327,,
3887847338,,,Subadult,,2020-05-23,2020,ASIA,IN,Assam,,26.487972,93.157999,,
3887847337,,Female,Adult,,2021-04,2021,ASIA,IN,Rajasthan,,26.013898,76.504682,,
3887847336,,,,,2021-03-20,2021,ASIA,IN,Assam,,26.375851,93.460525,,
3887847335,,,Juvenile,,2021-02-18,2021,ASIA,IN,Maharashtra,,20.26666,79.4,,
3887847334,,,Juvenile,,2021-02-18,2021,ASIA,IN,Maharashtra,,20.26666,79.4,,
3887847333,,Male,,,2021,2021,ASIA,IN,Assam,,26.57793,93.171063,,
3887847332,,,,,2021-01,2021,ASIA,IN,Assam,,26.375851,93.460525,,
3887847331,,,,,2021-03-20,2021,ASIA,IN,Assam,,26.375851,93.460525,,
3887847330,,,Juvenile,,2021-03,2021,ASIA,IN,Maharashtra,,20.26666,79.4,,
3887847329,,Female,Subadult,,2021-01,2021,ASIA,IN,Maharashtra,,20.26666,79.4,,
3887847328,,,Juvenile,,2006,2006,ASIA,IN,Assam,,26.565925,93.290918,,
3887847327,,Female,Adult,,2018,2018,ASIA,IN,Rajasthan,,26.109356,76.518211,,
3887847326,,Female,Subadult,,2021,2021,ASIA,IN,Rajasthan,,26.013898,76.504682,,
3887847325,,,Juvenile,,2021-02,2021,ASIA,IN,Maharashtra,,20.26666,79.4,,
3887847324,,,Juvenile,,2006,2006,ASIA,IN,Assam,,26.565925,93.290918,,
3887847323,,Female,Adult,,2021-04,2021,ASIA,IN,Rajasthan,,26.013898,76.504682,,
3887847322,,,Juvenile,,2014,2014,ASIA,IN,Rajasthan,,26.013898,76.504682,,
3887847321,,,Juvenile,,2014,2014,ASIA,IN,Rajasthan,,26.013898,76.504682,,
3887847320,,Female,Adult,,2021-02,2021,ASIA,IN,Maharashtra,,20.26666,79.4,,
3887847319,,,Juvenile,,2014,2014,ASIA,IN,Rajasthan,,26.013898,76.504682,,
3887847318,,Male,Adult,,2021,2021,ASIA,IN,Rajasthan,,26.013898,76.504682,,
3887847317,,Female,Adult,,2015-02-27,2015,ASIA,IN,Maharashtra,,20.26666,79.4,,
3887847316,,Male,Adult,,2021,2021,ASIA,IN,Maharashtra,,20.405937,79.317614,,
3887847315,,Male,Adult,,2021,2021,ASIA,IN,Rajasthan,,26.013898,76.504682,,
3887847314,,,Juvenile,,2015-02-27,2015,ASIA,IN,Maharashtra,,20.26666,79.4,,
3887847313,,Female,Subadult,,2021-05-23,2021,ASIA,IN,Rajasthan,,26.013898,76.504682,,
3887847312,,,Adult,,2021,2021,ASIA,IN,Rajasthan,,26.013898,76.504682,,
3887847311,,Male,Adult,,2021-03,2021,ASIA,IN,Maharashtra,,20.26666,79.4,,
3887847310,,Female,Adult,,2014,2014,ASIA,IN,Rajasthan,,26.013898,76.504682,,
3887847309,,Male,Adult,,2020-11,2020,ASIA,IN,Maharashtra,,20.113899,79.319123,,
3887847308,,Male,Juvenile,,2021,2021,ASIA,IN,Maharashtra,,20.26666,79.4,,
3887847307,,Male,Adult,,2021-03,2021,ASIA,IN,Maharashtra,,20.26666,79.4,,
3887847306,,Female,Adult,,2021-03,2021,ASIA,IN,Maharashtra,,20.446563,79.275322,,
3887847305,,,Adult,,2021,2021,ASIA,IN,Rajasthan,,26.013898,76.504682,,
3887847304,,Female,Adult,,2021,2021,ASIA,IN,Maharashtra,,20.26666,79.4,,
3887847303,,,Adult,,2021,2021,ASIA,IN,Rajasthan,,26.013898,76.504682,,
3887847302,,Male,Juvenile,,2021,2021,ASIA,IN,Maharashtra,,20.405937,79.317614,,
3887847301,,Female,Adult,,2021-04,2021,ASIA,IN,Rajasthan,,26.013898,76.504682,,
3887847300,,Male,Adult,,2021,2021,ASIA,IN,Rajasthan,,26.013898,76.504682,,
3887847299,,Male,Adult,,2021-03,2021,ASIA,IN,Maharashtra,,20.26666,79.4,,
3887847298,,Female,Adult,,2021-03,2021,ASIA,IN,Maharashtra,,19.941868,79.392491,,
3887847297,,Female,Subadult,,2021,2021,ASIA,IN,Rajasthan,,26.013898,76.504682,,
3887847296,,Male,Adult,,2021-04,2021,ASIA,IN,Rajasthan,,26.013898,76.504682,,
3887847295,,,Subadult,,2021,2021,ASIA,IN,Rajasthan,,26.013898,76.504682,,
3887847294,,,Juvenile,,2015-02-27,2015,ASIA,IN,Maharashtra,,20.26666,79.4,,
3887847293,,Male,Adult,,2021-02,2021,ASIA,IN,Maharashtra,,20.26666,79.4,,
3887847292,,,Juvenile,,2015-02-27,2015,ASIA,IN,Maharashtra,,20.26666,79.4,,
3887847291,,Male,Adult,,2014,2014,ASIA,IN,Rajasthan,,26.013898,76.504682,,
3887847290,,Female,Adult,,2021,2021,ASIA,IN,Maharashtra,,20.113899,79.319123,,
3887847289,,Male,Subadult,,2021,2021,ASIA,IN,Rajasthan,,26.013898,76.504682,,
3887847288,,Male,Adult,,2021,2021,ASIA,IN,Maharashtra,,20.26666,79.4,,
3887847287,,Female,Adult,,2021-02,2021,ASIA,IN,Maharashtra,,20.26666,79.4,,
3887847286,,Male,Adult,,2019,2019,ASIA,IN,Rajasthan,,26.013898,76.504682,,
3887847285,,Female,Adult,,2021-04,2021,ASIA,IN,Rajasthan,,26.013898,76.504682,,
3887847284,,,Adult,,2021,2021,ASIA,IN,Maharashtra,,20.26666,79.4,,
3887847283,,Female,Subadult,,2021,2021,ASIA,IN,Rajasthan,,26.013898,76.504682,,
3887847282,,,Adult,,2021,2021,ASIA,IN,Maharashtra,,20.26666,79.4,,
3887847281,,Female,Adult,,2016-05,2016,ASIA,IN,Rajasthan,,26.013898,76.504682,,
3887847280,,Male,Juvenile,,2021,2021,ASIA,IN,Maharashtra,,20.26666,79.4,,
3887847279,,Female,Subadult,,2021-03,2021,ASIA,IN,Rajasthan,,26.013898,76.504682,,
3887847278,,Female,Adult,,2021,2021,ASIA,IN,Maharashtra,,20.26666,79.4,,
3887847277,,Male,Adult,,2018-06,2018,ASIA,IN,Rajasthan,,26.013898,76.504682,,
3887847276,,Male,Adult,,2021,2021,ASIA,IN,Maharashtra,,20.26666,79.4,,
3887847275,,Male,Subadult,,2021-01,2021,ASIA,IN,Maharashtra,,20.26666,79.4,,
3887847274,,Male,Adult,,2021,2021,ASIA,IN,Rajasthan,,26.013898,76.504682,,
3887847273,,Female,Adult,,2015-03-21,2015,ASIA,IN,Rajasthan,,26.013898,76.504682,,
3887847272,,Female,Adult,,2014-04,2014,ASIA,IN,Rajasthan,,26.013898,76.504682,,
3887847271,,,Subadult,,2021,2021,ASIA,IN,Maharashtra,,20.26666,79.4,,
3887847270,,,Subadult,,2021,2021,ASIA,IN,Rajasthan,,26.013898,76.504682,,
3887847269,,Female,Adult,,2021-04,2021,ASIA,IN,Rajasthan,,25.968957,76.433812,,
3887847268,,,Juvenile,,2021,2021,ASIA,IN,Maharashtra,,20.26666,79.4,,
3887847267,,Female,Adult,,2019-04,2019,ASIA,IN,Rajasthan,,26.013898,76.504682,,
3887847266,,Male,Subadult,,2021-03,2021,ASIA,IN,Maharashtra,,20.26666,79.4,,
3887847265,,,Juvenile,,2014-04,2014,ASIA,IN,Maharashtra,,20.26666,79.4,,
3887847264,,Male,Adult,,2021,2021,ASIA,IN,Maharashtra,,20.26666,79.4,,
3887847263,,,Adult,,2021-01,2021,ASIA,IN,Maharashtra,,20.26666,79.4,,
3887847262,,,Adult,,2021-04,2021,ASIA,IN,Rajasthan,,26.013898,76.504682,,
3887847261,,Female,Subadult,,2016-05,2016,ASIA,IN,Rajasthan,,26.013898,76.504682,,
3887847260,,,Juvenile,,2020-09,2020,ASIA,IN,Uttarakhand,,29.517615,78.852645,,
3887847259,,Female,Subadult,,2021,2021,ASIA,IN,Rajasthan,,26.013898,76.504682,,
3887847258,,Female,Adult,,2020-09,2020,ASIA,IN,Uttarakhand,,29.517615,78.852645,,
3887847257,,Female,,,2020-12,2020,ASIA,IN,Rajasthan,,26.013898,76.504682,,
3887847256,,,Juvenile,,2020-09,2020,ASIA,IN,Uttarakhand,,29.517615,78.852645,,
3887847255,,Female,Adult,,2021-04,2021,ASIA,IN,Uttarakhand,,29.563036,78.892366,,
3887847254,,Female,Adult,,2021,2021,ASIA,IN,Uttarakhand,,29.563036,78.892366,,
3887847253,,Female,Subadult,,2020-02,2020,ASIA,IN,Uttarakhand,,29.563036,78.892366,,
3887847252,,,Subadult,,2021-04,2021,ASIA,IN,Uttarakhand,,29.563036,78.892366,,
3887847251,,Female,Adult,,2021,2021,ASIA,IN,Uttar Pradesh,,28.43567,80.570329,,
3887847250,,,,,2021-04,2021,ASIA,IN,Rajasthan,,26.013898,76.504682,,
3887847249,,Male,Adult,,2021-04,2021,ASIA,IN,Rajasthan,,26.013898,76.504682,,
3887847248,,Female,Adult,,2021-04,2021,ASIA,IN,Rajasthan,,26.013898,76.504682,,
3887847247,,Male,Adult,,2021,2021,ASIA,IN,Rajasthan,,26.013898,76.504682,,
3887847246,,Male,Adult,,2018,2018,ASIA,IN,Uttarakhand,,29.534069,79.069799,,
3887847245,,,,,2021,2021,ASIA,IN,Rajasthan,,26.013898,76.504682,,
3887847244,,Female,Subadult,,2020-02,2020,ASIA,IN,Uttarakhand,,29.534069,79.069799,,
3887847243,,,Adult,,2021,2021,ASIA,IN,Rajasthan,,26.013898,76.504682,,
3887847242,,Female,Subadult,,2020-02,2020,ASIA,IN,Uttarakhand,,29.563036,78.892366,,
3887847241,,Male,Adult,,2021,2021,ASIA,IN,Uttar Pradesh,,28.434567,80.570329,,
3887847240,,Male,Adult,,2021,2021,ASIA,IN,Rajasthan,,26.013898,76.504682,,
3887847239,,,Adult,,2021,2021,ASIA,IN,Rajasthan,,26.013898,76.504682,,
3887847238,,Female,Adult,,2021,2021,ASIA,IN,Rajasthan,,26.013898,76.504682,,
3887847237,,Female,Adult,,2021,2021,ASIA,IN,Uttar Pradesh,,28.434567,80.570329,,
3887847236,,Male,Adult,,2021-04,2021,ASIA,IN,Uttar Pradesh,,28.434567,80.570329,,
3887847235,,Female,Adult,,2021,2021,ASIA,IN,Uttar Pradesh,,28.434567,80.570329,,
3887847234,,Male,Adult,,2021,2021,ASIA,IN,Rajasthan,,26.013898,76.504682,,
3887847233,,,Subadult,,2021-04,2021,ASIA,IN,Uttarakhand,,29.563036,78.892366,,
3887847232,,Female,Subadult,,2021,2021,ASIA,IN,Rajasthan,,26.013898,76.504682,,
3887847231,,,Subadult,,2021-04,2021,ASIA,IN,Uttarakhand,,29.563036,78.892366,,
3887847230,,Female,Adult,,2019-04,2019,ASIA,IN,Rajasthan,,26.013898,76.504682,,
3887847229,,,,,2021,2021,ASIA,IN,Rajasthan,,26.013898,76.504682,,
3887847228,,,Adult,,2021,2021,ASIA,IN,Maharashtra,,21.20227,79.01863,,
3887847227,,Female,Adult,,2021,2021,ASIA,IN,Rajasthan,,26.013898,76.504682,,
3887847226,,Female,Adult,,2021,2021,ASIA,IN,Rajasthan,,26.013898,76.504682,,
3887847225,,Female,Adult,,2021,2021,ASIA,IN,Uttar Pradesh,,28.434567,80.570329,,
3887847224,,Female,,,2021-04,2021,ASIA,IN,Rajasthan,,26.013898,76.504682,,
3887847223,,,,,2021,2021,ASIA,IN,Rajasthan,,26.013898,76.504682,,
3887847222,,Female,Adult,,2021,2021,ASIA,IN,Uttar Pradesh,,28.434567,80.570329,,
3887847221,,,Adult,,2021,2021,ASIA,IN,Rajasthan,,26.013898,76.504682,,
3887847220,,Female,Adult,,2021,2021,ASIA,IN,Rajasthan,,26.013898,76.504682,,
3887847219,,Female,Subadult,,2021,2021,ASIA,IN,Rajasthan,,26.013898,76.504682,,
3887847218,,Female,Adult,,2021,2021,ASIA,IN,Rajasthan,,26.013898,76.504682,,
3887847217,,Female,Adult,,2021-04,2021,ASIA,IN,Rajasthan,,26.109356,76.518211,,
3887847216,,Male,Adult,,2021-04,2021,ASIA,IN,Rajasthan,,26.109356,76.518211,,
3887847215,,Female,Adult,,2021-03,2021,ASIA,IN,Rajasthan,,26.013898,76.504682,,
3887847214,,Female,Adult,,2021-04,2021,ASIA,IN,Rajasthan,,26.109356,76.518211,,
3887847213,,Male,Adult,,2018-03-31,2018,ASIA,IN,Rajasthan,,25.984273,76.364792,,
3887847212,,Female,Subadult,,2021,2021,ASIA,IN,Rajasthan,,26.013898,76.504682,,
3887847211,,,Adult,,2021-04,2021,ASIA,IN,Rajasthan,,26.013898,76.504682,,
3887847210,,Female,Adult,,2021,2021,ASIA,IN,Rajasthan,,26.013898,76.504682,,
3887847209,,Female,Adult,,2021,2021,ASIA,IN,Rajasthan,,26.013898,76.504682,,
3887847208,,Female,Subadult,,2021,2021,ASIA,IN,Rajasthan,,26.013898,76.504682,,
3887847207,,Female,Adult,,2021-04,2021,ASIA,IN,Rajasthan,,26.013898,76.504682,,
3887847206,,Male,Adult,,2019,2019,ASIA,IN,Rajasthan,,26.013898,76.504682,,
3887847205,,Male,Adult,,2021-04,2021,ASIA,IN,Rajasthan,,26.013898,76.504682,,
3887847204,,Female,Adult,,2021-04,2021,ASIA,IN,Rajasthan,,26.013898,76.504682,,
3887847203,,Female,Adult,,2021-04,2021,ASIA,IN,Rajasthan,,26.013898,76.504682,,
3887847202,,Male,Adult,,2021-04,2021,ASIA,IN,Rajasthan,,26.013898,76.504682,,
3887847201,,Male,,,2021,2021,ASIA,IN,Rajasthan,,26.013898,76.504682,,
3887847200,,Female,Adult,,2019-06,2019,ASIA,IN,Rajasthan,,26.013898,76.504682,,
3887847199,,Female,Adult,,2019-06,2019,ASIA,IN,Rajasthan,,26.013898,76.504682,,
3887847198,,Female,Adult,,2019-06,2019,ASIA,IN,Rajasthan,,26.013898,76.504682,,
3887847197,,,Subadult,,2019-06,2019,ASIA,IN,Rajasthan,,26.013898,76.504682,,
3887847196,,,Juvenile,,2019-06,2019,ASIA,IN,Rajasthan,,26.013898,76.504682,,
3887847195,,,Juvenile,,2019-06,2019,ASIA,IN,Rajasthan,,26.013898,76.504682,,
3887847194,,Female,Adult,,2021-04,2021,ASIA,IN,Rajasthan,,26.013898,76.504682,,
3887847193,,Female,Adult,,2021,2021,ASIA,IN,Rajasthan,,26.013898,76.504682,,
3887847192,,Female,Adult,,2021-04,2021,ASIA,IN,Rajasthan,,26.013898,76.504682,,
3887847191,,Female,Adult,,2019-06,2019,ASIA,IN,Rajasthan,,26.013898,76.504682,,
3887847190,,,Subadult,,2021-04,2021,ASIA,IN,Rajasthan,,26.013898,76.504682,,
3887847189,,Female,Subadult,,2021,2021,ASIA,IN,Rajasthan,,26.013898,76.504682,,
3887847188,,Female,Subadult,,2019-06,2019,ASIA,IN,Rajasthan,,26.013898,76.504682,,
3887847187,,Female,Adult,,2021,2021,ASIA,IN,Rajasthan,,26.013898,76.504682,,
3887847186,,Female,Adult,,2021,2021,ASIA,IN,Rajasthan,,26.039992,76.473327,,
3887847185,,Female,Adult,,2014-05,2014,ASIA,IN,Rajasthan,,26.013898,76.504682,,
3887847184,,Female,Subadult,,2014-05,2014,ASIA,IN,Rajasthan,,26.013898,76.504682,,
3887847183,,Female,Adult,,2021-04-15,2021,ASIA,IN,Rajasthan,,26.013898,76.504682,,
3887847182,,Female,Adult,,2021,2021,ASIA,IN,Rajasthan,,26.039992,76.473327,,
3887847181,,Female,Adult,,2021-04,2021,ASIA,IN,Rajasthan,,26.013898,76.504682,,
3887847180,,Female,Adult,,2021-04-14,2021,ASIA,IN,Rajasthan,,26.013898,76.504682,,
3887847179,,Female,Adult,,2021,2021,ASIA,IN,Rajasthan,,26.013898,76.504682,,
3887847178,,Female,Adult,,2021-04,2021,ASIA,IN,Rajasthan,,26.013898,76.504682,,
3887847177,,Female,Adult,,2021,2021,ASIA,IN,Rajasthan,,26.013898,76.504682,,
3887847176,,Female,Adult,,2021-04,2021,ASIA,IN,Rajasthan,,26.013898,76.504682,,
3887847175,,Female,Adult,,2017,2017,ASIA,IN,Rajasthan,,26.013898,76.504682,,
3887847174,,Female,Adult,,2021-04,2021,ASIA,IN,Rajasthan,,26.109356,76.518211,,
3887847173,,Female,Adult,,2021,2021,ASIA,IN,Rajasthan,,26.013898,76.504682,,
3887847172,,Female,Subadult,,2021,2021,ASIA,IN,Rajasthan,,26.013898,76.504682,,
3887847171,,Female,Subadult,,2021,2021,ASIA,IN,Uttarakhand,,29.563036,78.892366,,
3887847170,,,Subadult,,2021,2021,ASIA,IN,Uttarakhand,,29.563036,78.892366,,
3887847169,,,Adult,,2021-04,2021,ASIA,IN,Uttarakhand,,29.563036,78.892366,,
3887847168,,Female,Adult,,2021,2021,ASIA,IN,Uttarakhand,,29.563036,78.892366,,
3887847167,,Female,Adult,,2021-01,2021,ASIA,IN,Uttarakhand,,29.563036,78.892366,,
3887847166,,Male,Adult,,2021-02,2021,ASIA,IN,Uttarakhand,,29.534069,79.069799,,
3887847165,,,Subadult,,2021-04,2021,ASIA,IN,Uttarakhand,,29.563036,78.892366,,
3887847164,,Female,Adult,,2021-04,2021,ASIA,IN,Uttarakhand,,29.563036,78.892366,,
3887847163,,,Subadult,,2021-04,2021,ASIA,IN,Uttarakhand,,29.563036,78.892366,,
3887847162,,Female,Subadult,,2021-01-19,2021,ASIA,IN,Uttarakhand,,29.563036,78.892366,,
3887847161,,,Subadult,,2021-04,2021,ASIA,IN,Uttarakhand,,29.563036,78.892366,,
3887847160,,,Subadult,,2021-04,2021,ASIA,IN,Uttarakhand,,29.534069,79.069799,,
3887847159,,Female,Adult,,2021,2021,ASIA,IN,Uttarakhand,,29.563036,78.892366,,
3887847158,,Female,Adult,,2017,2017,ASIA,IN,Uttarakhand,,29.554046,79.044354,,
3887847157,,Female,Adult,,2021-04,2021,ASIA,IN,Uttarakhand,,29.534069,79.069799,,
3887847156,,Female,Adult,,2021-03,2021,ASIA,IN,Uttarakhand,,29.563036,78.892366,,
3887847155,,Female,Adult,,2021-04,2021,ASIA,IN,Uttarakhand,,29.563036,78.892366,,
3887847154,,Female,Adult,,2015-12,2015,ASIA,IN,Uttarakhand,,29.563036,78.892366,,
3887847153,,,Subadult,,2021,2021,ASIA,IN,Uttarakhand,,29.563036,78.892366,,
3887847152,,Female,Adult,,2021-02,2021,ASIA,IN,Uttarakhand,,29.563036,78.892366,,
3887847151,,Female,Adult,,2015-12,2015,ASIA,IN,Uttarakhand,,29.554046,79.044354,,
3887847150,,,Adult,,2021-02,2021,ASIA,IN,Uttarakhand,,29.534069,79.069799,,
3887847149,,,Subadult,,2021,2021,ASIA,IN,Uttarakhand,,29.563036,78.892366,,
3887847148,,,Adult,,2021,2021,ASIA,IN,Uttarakhand,,29.563036,78.892366,,
3887847147,,,Subadult,,2021-02,2021,ASIA,IN,Uttarakhand,,29.563036,78.892366,,
3887847146,,,Adult,,2021-04,2021,ASIA,IN,Uttarakhand,,29.563036,78.892366,,
3887847145,,Female,Adult,,2021-04-27,2021,ASIA,IN,Uttarakhand,,29.563036,78.892366,,
3887847144,,Female,Adult,,2021-04,2021,ASIA,IN,Uttarakhand,,29.563036,78.892366,,
3887847143,,Female,Adult,,2021,2021,ASIA,IN,Uttarakhand,,29.563036,78.892366,,
3887847142,,,Adult,,2021-04,2021,ASIA,IN,Uttarakhand,,29.563036,78.892366,,
3887847141,,Female,Subadult,,2021,2021,ASIA,IN,Maharashtra,,20.26666,79.4,,
3887847140,,Female,Adult,,2021,2021,ASIA,IN,Uttarakhand,,29.563036,78.892366,,
3887847139,,Female,Adult,,2021-04,2021,ASIA,IN,Uttarakhand,,29.563036,78.892366,,
3887847138,,Female,Adult,,2021,2021,ASIA,IN,Uttarakhand,,29.563036,78.892366,,
3887847137,,Female,Adult,,2021,2021,ASIA,IN,Uttarakhand,,29.534069,79.069799,,
3887847136,,Male,Subadult,,2021,2021,ASIA,IN,Maharashtra,,20.26666,79.4,,
3887847135,,Male,Subadult,,2021,2021,ASIA,IN,Maharashtra,,20.366017,79.398552,,
3887847134,,,Adult,,2021,2021,ASIA,IN,Uttarakhand,,29.534069,79.069799,,
3887847133,,Male,,,2021,2021,ASIA,IN,Maharashtra,,20.298737,79.479268,,
3887847132,,Female,Adult,,2021,2021,ASIA,IN,Uttarakhand,,29.534069,79.069799,,
3887847131,,Female,Adult,,2021,2021,ASIA,IN,Maharashtra,,20.26666,79.4,,
3887847130,,Female,Adult,,2021,2021,ASIA,IN,Uttarakhand,,29.534069,79.069799,,
3887847129,,Male,Adult,,2021,2021,ASIA,IN,Maharashtra,,20.4277,79.298564,,
3887847128,,Female,Adult,,2020-12,2020,ASIA,IN,Maharashtra,,20.26666,79.4,,
3887847127,,Female,Adult,,2021,2021,ASIA,IN,Uttarakhand,,29.534069,79.069799,,
3887847126,,Male,Adult,,2020-10,2020,ASIA,IN,Maharashtra,,20.26666,79.4,,
3887847125,,Male,Adult,,2009-10,2009,ASIA,IN,Maharashtra,,20.26666,79.4,,
3887847124,,Female,Adult,,2021,2021,ASIA,IN,Uttarakhand,,29.534069,79.069799,,
3887847123,,Female,Adult,,2021-04,2021,ASIA,IN,Uttarakhand,,29.563036,78.892366,,
3887847122,,,,,2021,2021,ASIA,IN,Maharashtra,,20.196902,79.366946,,
3887847121,,Male,Subadult,,2021,2021,ASIA,IN,Uttarakhand,,29.563036,78.892366,,
3887847120,,Female,Adult,,2021,2021,ASIA,IN,Maharashtra,,20.113899,79.319123,,
3887847119,,Male,Adult,,2021,2021,ASIA,IN,Maharashtra,,20.298737,79.479268,,
3887847118,,Female,Adult,,2016-12,2016,ASIA,IN,Uttarakhand,,29.554046,79.044354,,
3887847117,,Female,Adult,,2021,2021,ASIA,IN,Uttarakhand,,29.534069,79.069799,,
3887847116,,Female,Adult,,2021,2021,ASIA,IN,Uttarakhand,,29.534069,79.069799,,
3887847115,,Male,Adult,,2020-10,2020,ASIA,IN,Maharashtra,,20.26666,79.4,,
3887847114,,Female,Adult,,2020-03,2020,ASIA,IN,Uttarakhand,,29.563036,78.892366,,
3887847113,,Female,Adult,,2021,2021,ASIA,IN,Maharashtra,,20.26666,79.4,,
3887847112,,Female,Subadult,,2021,2021,ASIA,IN,Maharashtra,,20.298737,79.479268,,
3887847111,,Female,Adult,,2021-04,2021,ASIA,IN,Uttarakhand,,29.563036,78.892366,,
3887847110,,Female,Adult,,2020-03,2020,ASIA,IN,Uttarakhand,,29.563036,78.892366,,
3887847109,,Female,Subadult,,2021-03,2021,ASIA,IN,Maharashtra,,20.26666,79.4,,
3887847108,,Female,Adult,,2021,2021,ASIA,IN,Uttarakhand,,29.534069,79.069799,,
3887847107,,Female,Adult,,2020-03,2020,ASIA,IN,Maharashtra,,20.26666,79.4,,
3887847106,,Female,Adult,,2021-03,2021,ASIA,IN,Maharashtra,,20.26666,79.4,,
3887847105,,Male,Adult,,2021,2021,ASIA,IN,Maharashtra,,20.26666,79.4,,
3887847104,,Female,Adult,,2021-03,2021,ASIA,IN,Maharashtra,,20.26666,79.4,,
3887847103,,Female,Subadult,,2021,2021,ASIA,IN,Uttarakhand,,29.563036,78.892366,,
3887847102,,,Subadult,,2021,2021,ASIA,IN,Maharashtra,,20.26666,79.4,,
3887847101,,Female,Adult,,2021-02,2021,ASIA,IN,Uttarakhand,,29.563036,78.892366,,
3887847100,,,Adult,,2015-06,2015,ASIA,IN,Uttarakhand,,29.563036,78.892366,,
3887847099,,Female,Adult,,2021,2021,ASIA,IN,Uttarakhand,,29.563036,78.892366,,
3887847098,,Female,Adult,,2021,2021,ASIA,IN,Maharashtra,,20.366017,79.398552,,
3887847097,,,Adult,,2021,2021,ASIA,IN,Uttarakhand,,29.563036,78.892366,,
3887847096,,,Adult,,2021-04,2021,ASIA,IN,Uttarakhand,,29.563036,78.892366,,
3887847095,,Male,Adult,,2021,2021,ASIA,IN,Maharashtra,,20.26666,79.4,,
3887847094,,Female,Adult,,2021,2021,ASIA,IN,Maharashtra,,20.26666,79.4,,
3887847093,,,Subadult,,2021-04,2021,ASIA,IN,Uttarakhand,,29.563036,78.892366,,
3887847092,,Female,Adult,,2021,2021,ASIA,IN,Maharashtra,,20.26666,79.4,,
3887847091,,Female,Subadult,,2021,2021,ASIA,IN,Maharashtra,,20.26666,79.4,,
3887847090,,Male,Adult,,2021-03,2021,ASIA,IN,Uttarakhand,,29.563036,78.892366,,
3887847089,,Female,Adult,,2021-04,2021,ASIA,IN,Uttarakhand,,29.563036,78.892366,,
3887847088,,,Juvenile,,2021,2021,ASIA,IN,Uttarakhand,,29.534069,79.069799,,
3887847087,,,Juvenile,,2021-01,2021,ASIA,IN,Maharashtra,,20.26666,79.4,,
3887847086,,,Adult,,2016,2016,ASIA,IN,Uttarakhand,,29.554046,79.044354,,
3887847085,,Male,Adult,,2021,2021,ASIA,IN,Maharashtra,,20.366643,79.295453,,
3887847084,,Male,Adult,,2021,2021,ASIA,IN,Maharashtra,,20.394272,79.262648,,
3887847083,,,Subadult,,2021,2021,ASIA,IN,Maharashtra,,20.152123,79.457434,,
3887847082,,Female,Adult,,2021,2021,ASIA,IN,Uttarakhand,,29.563036,78.892366,,
3887847081,,Female,Adult,,2021-04,2021,ASIA,IN,Uttarakhand,,29.563036,78.892366,,
3887847080,,Male,Subadult,,2021,2021,ASIA,IN,Maharashtra,,20.26666,79.4,,
3887847079,,Female,Adult,,2021,2021,ASIA,IN,Uttarakhand,,29.563036,78.892366,,
3887847078,,Female,,,2021-03-26,2021,ASIA,IN,Maharashtra,,20.26666,79.4,,
3887847077,,,Juvenile,,2021,2021,ASIA,IN,Uttarakhand,,29.563036,78.892366,,
3887847076,,Male,Subadult,,2021-03,2021,ASIA,IN,Maharashtra,,20.26666,79.4,,
3887847075,,Female,Subadult,,2021,2021,ASIA,IN,Maharashtra,,20.26666,79.4,,
3887847074,,,Juvenile,,2021,2021,ASIA,IN,Uttarakhand,,29.563036,78.892366,,
3887847073,,,Subadult,,2021,2021,ASIA,IN,Uttarakhand,,29.563036,78.892366,,
3887847072,,,Adult,,2021-02,2021,ASIA,IN,Uttarakhand,,29.563036,78.892366,,
3887847071,,,Juvenile,,2021,2021,ASIA,IN,Uttarakhand,,29.563036,78.892366,,
3887847070,,Male,Adult,,2021-02,2021,ASIA,IN,Maharashtra,,20.26666,79.4,,
3887847069,,Male,Subadult,,2021-02,2021,ASIA,IN,Maharashtra,,20.26666,79.4,,
3887847068,,Female,Adult,,2021-02,2021,ASIA,IN,Maharashtra,,20.26666,79.4,,
3887847067,,Female,Adult,,2021,2021,ASIA,IN,Uttarakhand,,29.563036,78.892366,,
3887847066,,Male,Adult,,2014-05-23,2014,ASIA,IN,Maharashtra,,20.26666,79.4,,
3887847065,,Male,Subadult,,2021-03-24,2021,ASIA,IN,Maharashtra,,20.26666,79.4,,
3887847064,,Male,Subadult,,2011,2011,ASIA,IN,Assam,,26.375851,93.460525,,
3887847063,,Male,Subadult,,2021-01,2021,ASIA,IN,Madhya Pradesh,,21.939914,80.642733,,
3887847062,,Male,Adult,,2021,2021,ASIA,IN,Madhya Pradesh,,21.939914,80.642733,,
3887847061,,Male,Adult,,2021-03,2021,ASIA,IN,Assam,,26.375851,93.460525,,
3887847060,,Male,Adult,,2021,2021,ASIA,IN,Maharashtra,,20.196902,79.366946,,
3887847059,,,Subadult,,2020,2020,ASIA,IN,Madhya Pradesh,,21.939914,80.642733,,
3887847058,,Male,Adult,,2021,2021,ASIA,IN,Maharashtra,,20.26666,79.4,,
3887847057,,Male,Adult,,2021,2021,ASIA,IN,Maharashtra,,20.298737,79.479268,,
3887847056,,,Adult,,2021,2021,ASIA,IN,Assam,,26.375851,93.460525,,
3887847055,,Male,Subadult,,2021-01,2021,ASIA,IN,Madhya Pradesh,,21.939914,80.642733,,
3887847054,,Female,Adult,,2021,2021,ASIA,IN,Maharashtra,,20.26666,79.4,,
3887847053,,Female,Adult,,2021-01,2021,ASIA,IN,Madhya Pradesh,,21.939914,80.642733,,
3887847052,,Male,Subadult,,2018-10,2018,ASIA,IN,Maharashtra,,20.26666,79.4,,
3887847051,,,Juvenile,,2021,2021,ASIA,IN,Maharashtra,,20.26666,79.4,,
3887847050,,Female,Adult,,2021-01,2021,ASIA,IN,Madhya Pradesh,,21.939914,80.642733,,
3887847049,,Male,Adult,,2021,2021,ASIA,IN,Maharashtra,,20.26666,79.4,,
3887847048,,Female,Adult,,2021,2021,ASIA,IN,Maharashtra,,20.366643,79.295453,,
3887847047,,,Subadult,,2021,2021,ASIA,IN,Maharashtra,,20.26666,79.4,,
3887847046,,Male,Adult,,2021-06,2021,ASIA,IN,Maharashtra,,20.366017,79.398552,,
3887847045,,Female,Adult,,2020-03,2020,ASIA,IN,Madhya Pradesh,,21.939914,80.642733,,
3887847044,,Male,Adult,,2019-01,2019,ASIA,IN,Madhya Pradesh,,22.288291,80.554967,,
3887847043,,Male,Adult,,2020-03,2020,ASIA,IN,Madhya Pradesh,,21.939914,80.642733,,
3887847042,,,Adult,,2020-12,2020,ASIA,IN,Madhya Pradesh,,21.939914,80.642733,,
3887847041,,Female,Adult,,2020-12,2020,ASIA,IN,Maharashtra,,20.26666,79.4,,
3887847040,,Female,Adult,,2020-02,2020,ASIA,IN,Madhya Pradesh,,21.939914,80.642733,,
3887847039,,,Adult,,2021,2021,ASIA,IN,Madhya Pradesh,,22.022441,80.485881,,
3887847038,,Male,Adult,,2021,2021,ASIA,IN,Madhya Pradesh,,20.298737,79.479268,,
3887847037,,Female,Adult,,2021-01-26,2021,ASIA,IN,Madhya Pradesh,,21.939914,80.642733,,
3887847036,,Male,Adult,,2021,2021,ASIA,IN,Maharashtra,,20.26666,79.4,,
3887847035,,Male,Adult,,2021-07-08,2021,ASIA,IN,Maharashtra,,20.26666,79.4,,
3887847034,,,Adult,,2021,2021,ASIA,IN,Madhya Pradesh,,22.022441,80.485881,,
3887847033,,Female,Adult,,2021-02,2021,ASIA,IN,Madhya Pradesh,,22.022441,80.485881,,
3887847032,,Female,Adult,,2021,2021,ASIA,IN,Maharashtra,,20.26666,79.4,,
3887847031,,Female,Adult,,2019-12,2019,ASIA,IN,Madhya Pradesh,,21.939914,80.642733,,
3887847030,,Male,Adult,,2021-02,2021,ASIA,IN,Madhya Pradesh,,21.939914,80.642733,,
3887847029,,Female,Adult,,2021,2021,ASIA,IN,Maharashtra,,20.26666,79.4,,
3887847028,,Male,Adult,,2021,2021,ASIA,IN,Maharashtra,,20.298737,79.479268,,
3887847027,,Female,Adult,,2021,2021,ASIA,IN,Madhya Pradesh,,21.939914,80.642733,,
3887847026,,,Subadult,,2021,2021,ASIA,IN,Maharashtra,,20.26666,79.4,,
3887847025,,Female,Adult,,2021-02,2021,ASIA,IN,Madhya Pradesh,,21.939914,80.642733,,
3887847024,,,Subadult,,2021,2021,ASIA,IN,Maharashtra,,20.26666,79.4,,
3887847023,,Male,Adult,,2021,2021,ASIA,IN,Maharashtra,,20.26666,79.4,,
3887847022,,Female,Subadult,,2021,2021,ASIA,IN,Maharashtra,,20.26666,79.4,,
3887847021,,Male,Subadult,,2021,2021,ASIA,IN,Madhya Pradesh,,21.939914,80.642733,,
3887847020,,Female,Adult,,2021,2021,ASIA,IN,Madhya Pradesh,,21.939914,80.642733,,
3887847019,,Female,Adult,,2021-02-26,2021,ASIA,IN,Madhya Pradesh,,21.939914,80.642733,,
3887847018,,Female,Juvenile,,2021,2021,ASIA,IN,Maharashtra,,20.26666,79.4,,
3887847017,,Male,Juvenile,,2018,2018,ASIA,IN,Maharashtra,,20.26666,79.4,,
3887847016,,Male,Adult,,2021,2021,ASIA,IN,Madhya Pradesh,,21.939914,80.642733,,
3887847015,,Female,Adult,,2021-01,2021,ASIA,IN,Madhya Pradesh,,21.939914,80.642733,,
3887847014,,Male,Adult,,2021-07,2021,ASIA,IN,Maharashtra,,20.26666,79.4,,
3887847013,,Male,Adult,,2010-04,2010,ASIA,IN,Madhya Pradesh,,21.939914,80.642733,,
3887847012,,,Juvenile,,2021-04,2021,ASIA,IN,Maharashtra,,20.26666,79.4,,
3887847011,,,Juvenile,,2018,2018,ASIA,IN,Maharashtra,,20.26666,79.4,,
3887847010,,Female,Adult,,2021,2021,ASIA,IN,Maharashtra,,20.26666,79.4,,
3887847009,,Female,Adult,,2021-02,2021,ASIA,IN,Madhya Pradesh,,22.022441,80.485881,,
3887847008,,Female,Adult,,2021-03-11,2021,ASIA,IN,Maharashtra,,20.122018,79.435413,,
3887847007,,,Subadult,,2021,2021,ASIA,IN,Madhya Pradesh,,21.939914,80.642733,,
3887847006,,Female,Adult,,2021-03,2021,ASIA,IN,Maharashtra,,20.298737,79.479268,,
3887847005,,,Juvenile,,2020-12-18,2020,ASIA,IN,Maharashtra,,20.26666,79.4,,
3887847004,,,Subadult,,2021,2021,ASIA,IN,Madhya Pradesh,,21.939914,80.642733,,
3887847003,,,,,2021-03,2021,ASIA,IN,Maharashtra,,20.26666,79.4,,
3887847002,,,Subadult,,2021-06,2021,ASIA,IN,Maharashtra,,20.26666,79.4,,
3887847001,,Male,Adult,,2021,2021,ASIA,IN,Madhya Pradesh,,21.939914,80.642733,,
3887847000,,,Subadult,,2021-01,2021,ASIA,IN,Maharashtra,,20.366017,79.398552,,
3887846999,,Female,Adult,,2021-07,2021,ASIA,IN,Maharashtra,,20.26666,79.4,,
3887846998,,,Juvenile,,2020-12-18,2020,ASIA,IN,Maharashtra,,20.26666,79.4,,
3887846997,,,Adult,,2021-01,2021,ASIA,IN,Madhya Pradesh,,21.939914,80.642733,,
3887846996,,Female,Adult,,2021,2021,ASIA,IN,Maharashtra,,20.26666,79.4,,
3887846995,,,Adult,,2021,2021,ASIA,IN,Maharashtra,,20.26666,79.4,,
3887846994,,,Subadult,,2021,2021,ASIA,IN,Madhya Pradesh,,21.939914,80.642733,,
3887846993,,,Subadult,,2021,2021,ASIA,IN,Maharashtra,,20.26666,79.4,,
3887846992,,Female,Adult,,2021,2021,ASIA,IN,Maharashtra,,20.26666,79.4,,
3887846991,,Male,Adult,,2021,2021,ASIA,IN,Maharashtra,,20.446563,79.275322,,
3887846990,,,Subadult,,2021,2021,ASIA,IN,Maharashtra,,20.26666,79.4,,
3887846989,,Female,Adult,,2021,2021,ASIA,IN,Maharashtra,,20.26666,79.4,,
3887846988,,Male,Adult,,2021,2021,ASIA,IN,Madhya Pradesh,,21.939914,80.642733,,
3887846987,,Female,Adult,,2021,2021,ASIA,IN,Maharashtra,,20.26666,79.4,,
3887846986,,Female,Adult,,2021,2021,ASIA,IN,Maharashtra,,20.26666,79.4,,
3887846985,,Male,Adult,,2019-10,2019,ASIA,IN,Maharashtra,,20.26666,79.4,,
3887846984,,Male,Subadult,,2021-03,2021,ASIA,IN,Madhya Pradesh,,21.939914,80.642733,,
3887846983,,Female,Adult,,2016-12-02,2016,ASIA,IN,Maharashtra,,20.26666,79.4,,
3887846982,,Male,Adult,,2021,2021,ASIA,IN,Madhya Pradesh,,21.939914,80.642733,,
3887846981,,Female,Adult,,2021,2021,ASIA,IN,Maharashtra,,20.26666,79.4,,
3887846980,,,Adult,,2021,2021,ASIA,IN,Madhya Pradesh,,21.939914,80.642733,,
3887846979,,Male,Subadult,,2021,2021,ASIA,IN,Madhya Pradesh,,21.939914,80.642733,,
3887846978,,Male,Adult,,2021-02,2021,ASIA,IN,Madhya Pradesh,,21.939914,80.642733,,
3887846977,,Female,Adult,,2021,2021,ASIA,IN,Maharashtra,,20.26666,79.4,,
3887846976,,Female,Adult,,2021,2021,ASIA,IN,Maharashtra,,20.446563,79.275322,,
3887846975,,,Subadult,,2021,2021,ASIA,IN,Maharashtra,,20.446563,79.275322,,
3887846974,,Male,Adult,,2021-02,2021,ASIA,IN,Madhya Pradesh,,21.939914,80.642733,,
3887846973,,,Subadult,,2021,2021,ASIA,IN,Maharashtra,,20.446563,79.275322,,
3887846972,,Female,Adult,,2021-03-14,2021,ASIA,IN,Maharashtra,,20.26666,79.4,,
3887846971,,,Subadult,,2021,2021,ASIA,IN,Madhya Pradesh,,21.939914,80.642733,,
3887846970,,,Subadult,,2021,2021,ASIA,IN,Maharashtra,,20.446563,79.275322,,
3887846969,,Female,Adult,,2021,2021,ASIA,IN,Madhya Pradesh,,21.939914,80.642733,,
3887846968,,,Subadult,,2020-12,2020,ASIA,IN,Maharashtra,,20.26666,79.4,,
3887846967,,Female,Adult,,2021,2021,ASIA,IN,Maharashtra,,20.26666,79.4,,
3887846966,,,Subadult,,2021,2021,ASIA,IN,Maharashtra,,20.26666,79.4,,
3887846965,,Male,Adult,,2021,2021,ASIA,IN,Maharashtra,,20.26666,79.4,,
3887846964,,Female,Adult,,2021,2021,ASIA,IN,Madhya Pradesh,,22.022441,80.485881,,
3887846963,,Male,Adult,,2021-02,2021,ASIA,IN,Madhya Pradesh,,21.939914,80.642733,,
3887846962,,,Juvenile,,2021,2021,ASIA,IN,Maharashtra,,20.122018,79.435413,,
3887846961,,,Juvenile,,2021,2021,ASIA,IN,Maharashtra,,20.122018,79.435413,,
3887846960,,Male,Subadult,,2021-03,2021,ASIA,IN,Madhya Pradesh,,21.939914,80.642733,,
3887846959,,,Subadult,,2021,2021,ASIA,IN,Maharashtra,,20.122018,79.435413,,
3887846958,,,Subadult,,2021,2021,ASIA,IN,Maharashtra,,20.26666,79.4,,
3887846957,,Male,Adult,,2021,2021,ASIA,IN,Maharashtra,,20.446563,79.275322,,
3887846956,,Male,Adult,,2021-03,2021,ASIA,IN,Madhya Pradesh,,21.939914,80.642733,,
3887846955,,Male,Subadult,,2021-03,2021,ASIA,IN,Madhya Pradesh,,22.022441,80.485881,,
3887846954,,Female,Adult,,2021,2021,ASIA,IN,Madhya Pradesh,,21.939914,80.642733,,
3887846953,,Female,Subadult,,2021,2021,ASIA,IN,Maharashtra,,20.366017,79.398552,,
3887846952,,Male,Adult,,2019-10,2019,ASIA,IN,Maharashtra,,20.26666,79.4,,
3887846951,,Male,Adult,,2021-03,2021,ASIA,IN,Madhya Pradesh,,22.022441,80.485881,,
3887846950,,Female,Adult,,2021-02-12,2021,ASIA,IN,Maharashtra,,20.26666,79.4,,
3887846949,,Male,Subadult,,2021-03,2021,ASIA,IN,Madhya Pradesh,,22.022441,80.485881,,
3887846948,,,Subadult,,2021-02,2021,ASIA,IN,Madhya Pradesh,,21.939914,80.642733,,
3887846947,,,Juvenile,,2021-01,2021,ASIA,IN,Maharashtra,,20.26666,79.4,,
3887846946,,Female,Subadult,,2021,2021,ASIA,IN,Maharashtra,,20.26666,79.4,,
3887846945,,Male,Adult,,2019-03,2019,ASIA,IN,Madhya Pradesh,,21.939914,80.642733,,
3887846944,,Female,Adult,,2021-03,2021,ASIA,IN,Maharashtra,,20.26666,79.4,,
3887846943,,Male,,,2021-03,2021,ASIA,IN,Madhya Pradesh,,21.939914,80.642733,,
3887846942,,,Subadult,,2021,2021,ASIA,IN,Maharashtra,,20.26666,79.4,,
3887846941,,,Adult,,2021,2021,ASIA,IN,Madhya Pradesh,,21.939914,80.642733,,
3887846940,,Male,Subadult,,2021-03,2021,ASIA,IN,Madhya Pradesh,,22.022441,80.485881,,
3887846939,,Male,Subadult,,2021-01-02,2021,ASIA,IN,Maharashtra,,20.122018,79.435413,,
3887846938,,,Juvenile,,2021-03,2021,ASIA,IN,Maharashtra,,20.26666,79.4,,
3887846937,,Male,Adult,,2021,2021,ASIA,IN,Madhya Pradesh,,22.022441,80.485881,,
3887846936,,Female,Adult,,2021-03-13,2021,ASIA,IN,Madhya Pradesh,,21.939914,80.642733,,
3887846935,,Female,Adult,,2021-03,2021,ASIA,IN,Maharashtra,,20.113899,79.319123,,
3887846934,,,Juvenile,,2021,2021,ASIA,IN,Maharashtra,,20.26666,79.4,,
3887846933,,Female,Adult,,2020-12,2020,ASIA,IN,Madhya Pradesh,,21.939914,80.642733,,
3887846932,,,Juvenile,,2021,2021,ASIA,IN,Maharashtra,,20.26666,79.4,,
3887846931,,,Juvenile,,2021-03-13,2021,ASIA,IN,Madhya Pradesh,,21.939914,80.642733,,
3887846930,,,Juvenile,,2021-03-13,2021,ASIA,IN,Madhya Pradesh,,21.939914,80.642733,,
3887846929,,,Juvenile,,2021,2021,ASIA,IN,Maharashtra,,20.26666,79.4,,
3887846928,,,Juvenile,,2021-03-13,2021,ASIA,IN,Madhya Pradesh,,21.939914,80.642733,,
3887846927,,,Adult,,2021,2021,ASIA,IN,Maharashtra,,20.26666,79.4,,
3887846926,,Male,Adult,,2021-03,2021,ASIA,IN,Maharashtra,,20.26666,79.4,,
3887846925,,,Subadult,,2021-03,2021,ASIA,IN,Madhya Pradesh,,21.939914,80.642733,,
3887846924,,,Juvenile,,2021,2021,ASIA,IN,Maharashtra,,20.26666,79.4,,
3887846923,,Female,Adult,,2021-03,2021,ASIA,IN,Madhya Pradesh,,21.939914,80.642733,,
3887846922,,Male,Adult,,2018,2018,ASIA,IN,Maharashtra,,20.26666,79.4,,
3887846921,,Female,Adult,,2021-02,2021,ASIA,IN,Madhya Pradesh,,21.939914,80.642733,,
3887846920,,Female,Adult,,2021-01,2021,ASIA,IN,Maharashtra,,20.26666,79.4,,
3887846919,,Male,Adult,,2021,2021,ASIA,IN,Maharashtra,,20.366643,79.295453,,
3887846918,,,Juvenile,,2021-04-06,2021,ASIA,IN,Madhya Pradesh,,21.939914,80.642733,,
3887846917,,Female,Adult,,2021-03,2021,ASIA,IN,Maharashtra,,20.26666,79.4,,
3887846916,,,Juvenile,,2021-04-06,2021,ASIA,IN,Madhya Pradesh,,21.939914,80.642733,,
3887846915,,Male,Adult,,2021-04-05,2021,ASIA,IN,Madhya Pradesh,,21.939914,80.642733,,
3887846914,,Female,Adult,,2021-04-10,2021,ASIA,IN,Madhya Pradesh,,21.939914,80.642733,,
3887846913,,Male,Adult,,2019-06,2019,ASIA,IN,Maharashtra,,20.26666,79.4,,
3887846912,,,Subadult,,2021-03-14,2021,ASIA,IN,Madhya Pradesh,,21.939914,80.642733,,
3887846911,,Male,Adult,,2019-06,2019,ASIA,IN,Maharashtra,,20.26666,79.4,,
3887846910,,,Subadult,,2021-02-14,2021,ASIA,IN,Madhya Pradesh,,21.939914,80.642733,,
3887846909,,,Subadult,,2021,2021,ASIA,IN,Madhya Pradesh,,21.939914,80.642733,,
3887846908,,,Juvenile,,2021,2021,ASIA,IN,Maharashtra,,20.26666,79.4,,
3887846907,,Male,Juvenile,,2021-03-06,2021,ASIA,IN,Maharashtra,,20.113899,79.319123,,
3887846906,,Female,Adult,,2019-06,2019,ASIA,IN,Maharashtra,,20.26666,79.4,,
3887846905,,,Juvenile,,2021-04-06,2021,ASIA,IN,Madhya Pradesh,,21.939914,80.642733,,
3887846904,,Female,Adult,,2021-01,2021,ASIA,IN,Maharashtra,,20.26666,79.4,,
3887846903,,,Juvenile,,2021-03-13,2021,ASIA,IN,Madhya Pradesh,,21.939914,80.642733,,
3887846902,,Male,Adult,,2021-01,2021,ASIA,IN,Maharashtra,,20.196902,79.366946,,
3887846901,,,Juvenile,,2021,2021,ASIA,IN,Maharashtra,,20.26666,79.4,,
3887846900,,Female,Adult,,2018-04-06,2018,ASIA,IN,Madhya Pradesh,,21.939914,80.642733,,
3887846899,,Male,Adult,,2021,2021,ASIA,IN,Madhya Pradesh,,22.022441,80.485881,,
3887846898,,Male,Subadult,,2021-03,2021,ASIA,IN,Madhya Pradesh,,21.939914,80.642733,,
3887846897,,Female,Adult,,2021,2021,ASIA,IN,Rajasthan,,26.013898,76.504682,,
3887846896,,,Subadult,,2021,2021,ASIA,IN,Maharashtra,,20.26666,79.4,,
3887846895,,Male,Subadult,,2021,2021,ASIA,IN,Rajasthan,,26.013898,76.504682,,
3887846894,,,Subadult,,2021,2021,ASIA,IN,Maharashtra,,20.26666,79.4,,
3887846893,,Male,Subadult,,2021-03,2021,ASIA,IN,Madhya Pradesh,,22.022441,80.485881,,
3887846892,,Male,Adult,,2021,2021,ASIA,IN,Rajasthan,,26.013898,76.504682,,
3887846891,,Female,Adult,,2021-03,2021,ASIA,IN,Maharashtra,,20.26666,79.4,,
3887846890,,Female,Subadult,,2021,2021,ASIA,IN,Rajasthan,,26.013898,76.504682,,
3887846889,,,Subadult,,2021,2021,ASIA,IN,Maharashtra,,20.152123,79.457434,,
3887846888,,Female,Subadult,,2021-06-26,2021,ASIA,IN,Rajasthan,,26.013898,76.504682,,
3887846887,,Male,Adult,,2021,2021,ASIA,IN,Maharashtra,,20.26666,79.4,,
3887846886,,Male,Adult,,2021,2021,ASIA,IN,Madhya Pradesh,,21.939914,80.642733,,
3887846885,,Female,Adult,,2021-06-26,2021,ASIA,IN,Rajasthan,,26.019211,76.434788,,
3887846884,,Male,Subadult,,2021-03,2021,ASIA,IN,Madhya Pradesh,,21.939914,80.642733,,
3887846883,,Male,Adult,,2021,2021,ASIA,IN,Rajasthan,,26.013898,76.504682,,
3887846882,,Female,Subadult,,2021,2021,ASIA,IN,Rajasthan,,26.013898,76.504682,,
3887846881,,Male,Subadult,,2021-03,2021,ASIA,IN,Madhya Pradesh,,21.939914,80.642733,,
3887846880,,,Juvenile,,2021-03,2021,ASIA,IN,Maharashtra,,20.26666,79.4,,
3887846879,,Male,,,2021-03,2021,ASIA,IN,Maharashtra,,19.941868,79.392491,,
3887846878,,Female,Adult,,2021-02-02,2021,ASIA,IN,Madhya Pradesh,,21.939914,80.642733,,
3887846877,,Female,Adult,,2021-03,2021,ASIA,IN,Madhya Pradesh,,21.939914,80.642733,,
3887846876,,Female,Adult,,2020-02,2020,ASIA,IN,Maharashtra,,19.941868,79.392491,,
3887846875,,Male,Adult,,2021-03,2021,ASIA,IN,Madhya Pradesh,,21.939914,80.642733,,
3887846874,,Female,Adult,,2021,2021,ASIA,IN,Rajasthan,,26.013898,76.504682,,
3887846873,,Male,Subadult,,2021-03-14,2021,ASIA,IN,Madhya Pradesh,,21.939914,80.642733,,
3887846872,,,Subadult,,2021-04,2021,ASIA,IN,Maharashtra,,20.446563,79.275322,,
3887846871,,,Subadult,,2021,2021,ASIA,IN,Maharashtra,,20.26666,79.4,,
3887846870,,Female,Adult,,2021,2021,ASIA,IN,Rajasthan,,26.013898,76.504682,,
3887846869,,,,,2021,2021,ASIA,IN,Maharashtra,,20.26666,79.4,,
3887846868,,Female,Subadult,,2021-06,2021,ASIA,IN,Rajasthan,,26.013898,76.504682,,
3887846867,,Male,Adult,,2021,2021,ASIA,IN,Madhya Pradesh,,21.939914,80.642733,,
3887846866,,Male,Adult,,2021-03,2021,ASIA,IN,Madhya Pradesh,,21.939914,80.642733,,
3887846865,,Female,Adult,,2016-05,2016,ASIA,IN,Rajasthan,,26.013898,76.504682,,
3887846864,,Male,Subadult,,2021-02,2021,ASIA,IN,Madhya Pradesh,,21.939914,80.642733,,
3887846863,,Female,Adult,,2021,2021,ASIA,IN,Rajasthan,,26.013898,76.504682,,
3887846862,,Female,Adult,,2021,2021,ASIA,IN,Maharashtra,,20.26666,79.4,,
3887846861,,Female,Adult,,2021-02,2021,ASIA,IN,Madhya Pradesh,,22.022441,80.485881,,
3887846860,,,Subadult,,2021-04,2021,ASIA,IN,Maharashtra,,20.446563,79.275322,,
3887846859,,,Subadult,,2021-04,2021,ASIA,IN,Maharashtra,,20.446563,79.275322,,
3887846858,,Male,Adult,,2021,2021,ASIA,IN,Rajasthan,,26.013898,76.504682,,
3887846857,,Female,Adult,,2021-03,2021,ASIA,IN,Maharashtra,,20.26666,79.4,,
3887846856,,Female,Adult,,2021-03,2021,ASIA,IN,Maharashtra,,20.26666,79.4,,
3887846855,,Female,Adult,,2021,2021,ASIA,IN,Rajasthan,,26.013898,76.504682,,
3887846854,,Female,Subadult,,2021,2021,ASIA,IN,Rajasthan,,26.013898,76.504682,,
3887846853,,Female,Adult,,2021,2021,ASIA,IN,Rajasthan,,26.019211,76.434788,,
3887846852,,Female,Adult,,2021,2021,ASIA,IN,Rajasthan,,26.013898,76.504682,,
3887846851,,Female,Adult,,2021-03,2021,ASIA,IN,Madhya Pradesh,,21.939914,80.642733,,
3887846850,,Female,Adult,,2021,2021,ASIA,IN,Maharashtra,,20.366643,79.295453,,
3887846849,,Male,Adult,,2021-03,2021,ASIA,IN,Madhya Pradesh,,21.939914,80.642733,,
3887846848,,,Adult,,2021-03-14,2021,ASIA,IN,Madhya Pradesh,,21.939914,80.642733,,
3887846847,,Female,Adult,,2021-04,2021,ASIA,IN,Maharashtra,,20.26666,79.4,,
3887846846,,,Subadult,,2021-04,2021,ASIA,IN,Maharashtra,,20.446563,79.275322,,
3887846845,,Male,Subadult,,2021-03,2021,ASIA,IN,Madhya Pradesh,,21.939914,80.642733,,
3887846844,,,Subadult,,2021-03,2021,ASIA,IN,Madhya Pradesh,,21.939914,80.642733,,
3887846843,,Female,Subadult,,2021,2021,ASIA,IN,Rajasthan,,26.013898,76.504682,,
3887846842,,,Adult,,2021-03-14,2021,ASIA,IN,Madhya Pradesh,,21.939914,80.642733,,
3887846841,,Female,Subadult,,2021-06,2021,ASIA,IN,Rajasthan,,26.013898,76.504682,,
3887846840,,Female,Adult,,2021-04,2021,ASIA,IN,Maharashtra,,20.26666,79.4,,
3887846839,,,Juvenile,,2021-04,2021,ASIA,IN,Maharashtra,,20.26666,79.4,,
3887846838,,Female,Adult,,2021,2021,ASIA,IN,Rajasthan,,26.013898,76.504682,,
3887846837,,Male,Adult,,2017-05,2017,ASIA,IN,Rajasthan,,26.013898,76.504682,,
3887846836,,,Subadult,,2021-03,2021,ASIA,IN,Maharashtra,,20.26666,79.4,,
3887846835,,,Subadult,,2021-03,2021,ASIA,IN,Maharashtra,,20.26666,79.4,,
3887846834,,Female,Adult,,2021,2021,ASIA,IN,Rajasthan,,26.013898,76.504682,,
3887846833,,Female,Subadult,,2021-03,2021,ASIA,IN,Rajasthan,,26.013898,76.504682,,
3887846832,,,Juvenile,,2021,2021,ASIA,IN,Maharashtra,,20.26666,79.4,,
3887846831,,Female,Adult,,2021,2021,ASIA,IN,Rajasthan,,26.013898,76.504682,,
3887846830,,Male,Adult,,2016-10,2016,ASIA,IN,Rajasthan,,26.013898,76.504682,,
3887846829,,Female,Adult,,2021,2021,ASIA,IN,Rajasthan,,26.013898,76.504682,,
3887846828,,Female,Adult,,2020-12,2020,ASIA,IN,Maharashtra,,20.26666,79.4,,
3887846827,,,Subadult,,2021-03,2021,ASIA,IN,Maharashtra,,20.26666,79.4,,
3887846826,,Male,Adult,,2019-06,2019,ASIA,IN,Rajasthan,,26.013898,76.504682,,
3887846825,,Male,Adult,,2021,2021,ASIA,IN,Rajasthan,,26.013898,76.504682,,
3887846824,,,Subadult,,2021,2021,ASIA,IN,Maharashtra,,20.26666,79.4,,
3887846823,,Male,Adult,,2021-04,2021,ASIA,IN,Maharashtra,,20.26666,79.4,,
3887846822,,Female,Adult,,2021,2021,ASIA,IN,Maharashtra,,20.26666,79.4,,
3887846821,,,Subadult,,2021,2021,ASIA,IN,Maharashtra,,20.26666,79.4,,
3887846820,,Female,Subadult,,2019,2019,ASIA,IN,Uttarakhand,,30.271063,77.917929,,
3887846819,,Male,Adult,,2017-05,2017,ASIA,IN,Rajasthan,,26.013898,76.504682,,
3887846818,,Male,Adult,,2021,2021,ASIA,IN,Rajasthan,,26.013898,76.504682,,
3887846817,,,,,2021-03,2021,ASIA,IN,Maharashtra,,20.26666,79.4,,
3887846816,,Female,Subadult,,2021,2021,ASIA,IN,Rajasthan,,26.013898,76.504682,,
3887846815,,Male,Adult,,2021,2021,ASIA,IN,Rajasthan,,26.013898,76.504682,,
3887846814,,Female,Adult,,2021-03,2021,ASIA,IN,Maharashtra,,20.26666,79.4,,
3887846813,,Male,Adult,,2021-03,2021,ASIA,IN,Maharashtra,,20.26666,79.4,,
3887846812,,Female,Adult,,2021,2021,ASIA,IN,Rajasthan,,26.013898,76.504682,,
3887846811,,,,,2021-03,2021,ASIA,IN,Maharashtra,,20.26666,79.4,,
3887846810,,,,,2021,2021,ASIA,IN,Rajasthan,,26.013898,76.504682,,
3887846809,,Female,Adult,,2021,2021,ASIA,IN,Rajasthan,,26.013898,76.504682,,
3887846808,,Male,Adult,,2021-04,2021,ASIA,IN,Maharashtra,,20.26666,79.4,,
3887846807,,,Subadult,,2021-02,2021,ASIA,IN,Maharashtra,,20.26666,79.4,,
3887846806,,Female,Adult,,2021-03,2021,ASIA,IN,Rajasthan,,26.013898,76.504682,,
3887846805,,Female,Subadult,,2021-03-26,2021,ASIA,IN,Maharashtra,,20.26666,79.4,,
3887846804,,Male,Adult,,2017-05,2017,ASIA,IN,Rajasthan,,26.013898,76.504682,,
3887846803,,Female,Adult,,2021,2021,ASIA,IN,Maharashtra,,20.26666,79.4,,
3887846802,,Male,Adult,,2021,2021,ASIA,IN,Rajasthan,,26.013898,76.504682,,
3887846801,,,Adult,,2021,2021,ASIA,IN,Maharashtra,,20.26666,79.4,,
3887846800,,Male,Adult,,2021,2021,ASIA,IN,Maharashtra,,20.26666,79.4,,
3887846799,,Female,Subadult,,2021,2021,ASIA,IN,Rajasthan,,26.013898,76.504682,,
3887846798,,Female,Adult,,2015-05-21,2015,ASIA,IN,Rajasthan,,26.013898,76.504682,,
3887846797,,Female,Adult,,2021,2021,ASIA,IN,Rajasthan,,26.013898,76.504682,,
3887846796,,Male,Adult,,2021-04,2021,ASIA,IN,Maharashtra,,20.26666,79.4,,
3887846795,,Female,Adult,,2021-04,2021,ASIA,IN,Maharashtra,,20.26666,79.4,,
3887846794,,Female,Adult,,2021-07,2021,ASIA,IN,Rajasthan,,26.013898,76.504682,,
3887846793,,Male,Adult,,2021-07,2021,ASIA,IN,Rajasthan,,26.013898,76.504682,,
3887846792,,Female,Adult,,2021,2021,ASIA,IN,Maharashtra,,20.26666,79.4,,
3887846791,,Male,Adult,,2021,2021,ASIA,IN,Rajasthan,,26.013898,76.504682,,
3887846790,,,Subadult,,2021-06-12,2021,ASIA,IN,Rajasthan,,26.013898,76.504682,,
3887846789,,,Juvenile,,2021,2021,ASIA,IN,Maharashtra,,20.26666,79.4,,
3887846788,,,Juvenile,,2021,2021,ASIA,IN,Maharashtra,,20.26666,79.4,,
3887846787,,,Juvenile,,2021,2021,ASIA,IN,Maharashtra,,20.26666,79.4,,
3887846786,,Female,Adult,,2021-04,2021,ASIA,IN,Maharashtra,,20.26666,79.4,,
3887846785,,Female,Adult,,2021-04,2021,ASIA,IN,Rajasthan,,26.013898,76.504682,,
3887846784,,Female,Subadult,,2021,2021,ASIA,IN,Rajasthan,,26.013898,76.504682,,
3887846783,,,Juvenile,,2021,2021,ASIA,IN,Maharashtra,,20.26666,79.4,,
3887846782,,Male,Adult,,2021,2021,ASIA,IN,Maharashtra,,20.26666,79.4,,
3887846781,,,Subadult,,2021-04,2021,ASIA,IN,Maharashtra,,20.26666,79.4,,
3887846780,,,Adult,,2019,2019,ASIA,IN,Uttarakhand,,30.271063,77.917929,,
3887846779,,,Adult,,2014,2014,ASIA,IN,Rajasthan,,26.109356,76.518211,,
3887846778,,Female,Adult,,2021,2021,ASIA,IN,Madhya Pradesh,,23.699079,80.976048,,
3887846777,,Female,Subadult,,2021-04,2021,ASIA,IN,Rajasthan,,26.013898,76.504682,,
3887846776,,Female,Adult,,2021-02,2021,ASIA,IN,Madhya Pradesh,,23.722092,81.017718,,
3887846775,,Female,Adult,,2018-12-14,2018,ASIA,IN,Uttarakhand,,30.271063,77.917929,,
3887846774,,Female,Adult,,2021,2021,ASIA,IN,Madhya Pradesh,,23.722092,81.017718,,
3887846773,,Female,Subadult,,2021-02,2021,ASIA,IN,Madhya Pradesh,,23.722092,81.017718,,
3887846772,,,Adult,,2019,2019,ASIA,IN,Uttarakhand,,30.271063,77.917929,,
3887846771,,,Adult,,2021,2021,ASIA,IN,Madhya Pradesh,,23.722092,81.017718,,
3887846770,,Male,Adult,,2018-12-20,2018,ASIA,IN,Uttarakhand,,30.271063,77.917929,,
3887846769,,,Adult,,2021,2021,ASIA,IN,Madhya Pradesh,,23.722092,81.017718,,
3887846768,,,Adult,,2020,2020,ASIA,IN,Uttarakhand,,30.271063,77.917929,,
3887846767,,,Adult,,2020,2020,ASIA,IN,Uttarakhand,,29.971371,78.20972,,
3887846766,,,Adult,,2021,2021,ASIA,IN,Madhya Pradesh,,23.722092,81.017718,,
3887846765,,,Subadult,,2019-04,2019,ASIA,IN,Madhya Pradesh,,23.699358,81.017718,,
3887846764,,,Adult,,2021,2021,ASIA,IN,Uttarakhand,,29.945129,78.225959,,
3887846763,,,Adult,,2019,2019,ASIA,IN,Uttarakhand,,30.271063,77.917929,,
3887846762,,Male,Subadult,,2019-04,2019,ASIA,IN,Madhya Pradesh,,23.699358,81.017718,,
3887846761,,,,,2019,2019,ASIA,IN,Uttarakhand,,30.271063,77.917929,,
3887846760,,Female,Adult,,2019-04,2019,ASIA,IN,Madhya Pradesh,,23.699358,81.017718,,
3887846759,,,Adult,,2021,2021,ASIA,IN,Madhya Pradesh,,23.722092,81.017718,,
3887846758,,Female,Adult,,2021,2021,ASIA,IN,Madhya Pradesh,,23.722092,81.017718,,
3887846757,,Male,,,2021-03,2021,ASIA,IN,Uttar Pradesh,,28.705852,80.059434,,
3887846756,,,,,2017,2017,ASIA,IN,Kerala,,9.462032,77.241652,,
3887846755,,Female,Adult,,2021,2021,ASIA,IN,Uttar Pradesh,,28.705852,80.059434,,
3887846754,,,Juvenile,,2015,2015,ASIA,IN,Uttarakhand,,30.271063,77.917929,,
3887846753,,Female,Adult,,2021,2021,ASIA,IN,Madhya Pradesh,,23.722092,81.017718,,
3887846752,,Male,Adult,,2021,2021,ASIA,IN,Madhya Pradesh,,23.722092,81.017718,,
3887846751,,,,,2018,2018,ASIA,IN,Uttarakhand,,30.271063,77.917929,,
3887846750,,,Subadult,,2021,2021,ASIA,IN,Madhya Pradesh,,23.722092,81.017718,,
3887846749,,Female,Adult,,2021,2021,ASIA,IN,Madhya Pradesh,,23.725068,81.023449,,
3887846748,,Male,Adult,,2021,2021,ASIA,IN,Madhya Pradesh,,23.722092,81.017718,,
3887846747,,,,,2018-12,2018,ASIA,IN,Uttarakhand,,30.271063,77.917929,,
3887846746,,Male,Subadult,,2015,2015,ASIA,IN,Uttarakhand,,30.271063,77.917929,,
3887846745,,Female,Adult,,2018,2018,ASIA,IN,Uttarakhand,,30.271063,77.917929,,
3887846744,,,Adult,,2021,2021,ASIA,IN,Madhya Pradesh,,23.722092,81.017718,,
3887846743,,,Subadult,,2016,2016,ASIA,IN,Uttarakhand,,29.991843,78.289608,,
3887846742,,Female,Adult,,2021-03,2021,ASIA,IN,Madhya Pradesh,,23.722092,81.017718,,
3887846741,,Female,Adult,,2021,2021,ASIA,IN,Madhya Pradesh,,23.722092,81.017718,,
3887846740,,,Subadult,,2021,2021,ASIA,IN,Madhya Pradesh,,23.722092,81.017718,,
3887846739,,,,,2021,2021,ASIA,IN,Uttarakhand,,30.271063,77.917929,,
3887846738,,Female,Adult,,2019-06-16,2019,ASIA,IN,Madhya Pradesh,,21.740573,79.334861,,
3887846737,,Female,Adult,,2021,2021,ASIA,IN,Madhya Pradesh,,23.722092,81.017718,,
3887846736,,,Juvenile,,2021,2021,ASIA,IN,Madhya Pradesh,,23.722092,81.017718,,
3887846735,,Female,Adult,,2021,2021,ASIA,IN,Madhya Pradesh,,21.715522,79.304146,,
3887846734,,,Juvenile,,2021,2021,ASIA,IN,Madhya Pradesh,,23.722092,81.017718,,
3887846733,,Female,Adult,,2021-03,2021,ASIA,IN,Madhya Pradesh,,23.722092,81.017718,,
3887846732,,,Juvenile,,2021-04,2021,ASIA,IN,Madhya Pradesh,,23.722092,81.017718,,
3887846731,,,Adult,,2020-03-06,2020,ASIA,IN,Maharashtra,,21.588748,79.277444,,
3887846730,,Male,Adult,,2021-02-14,2021,ASIA,IN,Maharashtra,,21.65602,79.348918,,
3887846729,,,Juvenile,,2021,2021,ASIA,IN,Madhya Pradesh,,21.740573,79.334861,,
3887846728,,,Adult,,2021,2021,ASIA,IN,Madhya Pradesh,,23.722092,81.017718,,
3887846727,,Female,Adult,,2021,2021,ASIA,IN,Madhya Pradesh,,21.715522,79.304146,,
3887846726,,Female,Adult,,2021-03,2021,ASIA,IN,Madhya Pradesh,,23.722092,81.017718,,
3887846725,,Female,Adult,,2021,2021,ASIA,IN,Madhya Pradesh,,21.740573,79.334861,,
3887846724,,Male,Adult,,2021,2021,ASIA,IN,Madhya Pradesh,,23.722092,81.017718,,
3887846723,,Female,Adult,,2021-01,2021,ASIA,IN,Maharashtra,,21.65602,79.348918,,
3887846722,,Male,Adult,,2021-02-11,2021,ASIA,IN,Maharashtra,,21.664178,79.339141,,
3887846721,,Male,Adult,,2021-02,2021,ASIA,IN,Madhya Pradesh,,23.699079,80.976048,,
3887846720,,,Juvenile,,2018,2018,ASIA,IN,Madhya Pradesh,,21.715522,79.304146,,
3887846719,,,Juvenile,,2019-06-16,2019,ASIA,IN,Madhya Pradesh,,21.740573,79.334861,,
3887846718,,Male,Adult,,2021,2021,ASIA,IN,Madhya Pradesh,,23.722092,81.017718,,
3887846717,,Female,Adult,,2021,2021,ASIA,IN,Madhya Pradesh,,23.722092,81.017718,,
3887846716,,Female,Adult,,2021-02,2021,ASIA,IN,Madhya Pradesh,,23.722092,81.017718,,
3887846715,,Female,Adult,,2021,2021,ASIA,IN,Madhya Pradesh,,21.715522,79.304146,,
3887846714,,,Juvenile,,2019-06-16,2019,ASIA,IN,Madhya Pradesh,,21.740573,79.334861,,
3887846713,,Female,Adult,,2021-03,2021,ASIA,IN,Madhya Pradesh,,23.722092,81.017718,,
3887846712,,,Juvenile,,2021-04,2021,ASIA,IN,Madhya Pradesh,,23.722092,81.017718,,
3887846711,,,Juvenile,,2019-06-16,2019,ASIA,IN,Madhya Pradesh,,21.740573,79.334861,,
3887846710,,,Juvenile,,2021-04,2021,ASIA,IN,Madhya Pradesh,,23.722092,81.017718,,
3887846709,,Male,Adult,,2021-02-21,2021,ASIA,IN,Madhya Pradesh,,21.740573,79.334861,,
3887846708,,Female,Adult,,2021-02-21,2021,ASIA,IN,Maharashtra,,21.65602,79.348918,,
3887846707,,Female,Adult,,2021-01,2021,ASIA,IN,Madhya Pradesh,,21.700522,79.363759,,
3887846706,,Male,Adult,,2021-02,2021,ASIA,IN,Maharashtra,,21.498644,79.360969,,
3887846705,,,Juvenile,,2021-04,2021,ASIA,IN,Madhya Pradesh,,23.722092,81.017718,,
3887846704,,,Adult,,2021-02-28,2021,ASIA,IN,Maharashtra,,21.588748,79.277444,,
3887846703,,Male,Adult,,2021-02-27,2021,ASIA,IN,Maharashtra,,21.65602,79.348918,,
3887846702,,Male,Adult,,2021-04-05,2021,ASIA,IN,Madhya Pradesh,,23.722092,81.017718,,
3887846701,,Female,Adult,,2021,2021,ASIA,IN,Madhya Pradesh,,23.722092,81.017718,,
3887846700,,Male,Adult,,2021-04-05,2021,ASIA,IN,Madhya Pradesh,,23.699079,80.976048,,
3887846699,,Female,Adult,,2021,2021,ASIA,IN,Rajasthan,,26.013898,76.504682,,
3887846698,,Male,Adult,,2021,2021,ASIA,IN,Rajasthan,,26.013898,76.504682,,
3887846697,,Female,Adult,,2019-06,2019,ASIA,IN,Madhya Pradesh,,23.725068,81.023449,,
3887846696,,Female,Adult,,2021-02,2021,ASIA,IN,Madhya Pradesh,,23.722092,81.017718,,
3887846695,,Male,Adult,,2021,2021,ASIA,IN,Madhya Pradesh,,23.722092,81.017718,,
3887846694,,Female,Adult,,2021,2021,ASIA,IN,Madhya Pradesh,,23.722092,81.017718,,
3887846693,,Male,Adult,,2018,2018,ASIA,IN,Rajasthan,,26.013898,76.504682,,
3887846692,,Male,Adult,,2021,2021,ASIA,IN,Rajasthan,,26.013898,76.504682,,
3887846691,,Male,Adult,,2021,2021,ASIA,IN,Uttar Pradesh,,28.434567,80.570329,,
3887846690,,Female,Adult,,2021,2021,ASIA,IN,Rajasthan,,26.013898,76.504682,,
3887846689,,Female,Subadult,,2021,2021,ASIA,IN,Rajasthan,,26.013898,76.504682,,
3887846688,,Female,Subadult,,2021,2021,ASIA,IN,Rajasthan,,26.013898,76.504682,,
3887846687,,Male,Adult,,2021,2021,ASIA,IN,Uttar Pradesh,,28.434567,80.570329,,
3887846686,,Female,Adult,,2017-06,2017,ASIA,IN,Rajasthan,,26.013898,76.504682,,
3887846685,,Female,Adult,,2021,2021,ASIA,IN,Maharashtra,,20.979178,78.665836,,
3887846684,,Female,Adult,,2021,2021,ASIA,IN,Karnataka,,11.778816,76.464666,,
3887846683,,Female,Adult,,2017-06,2017,ASIA,IN,Rajasthan,,26.013898,76.504682,,
3887846682,,Female,Adult,,2021,2021,ASIA,IN,Karnataka,,11.778816,76.464666,,
3887846681,,Female,Adult,,2021,2021,ASIA,IN,Rajasthan,,26.013898,76.504682,,
3887846680,,Female,Adult,,2021-06-07,2021,ASIA,IN,Madhya Pradesh,,23.722092,81.017718,,
3887846679,,Male,Adult,,2021,2021,ASIA,IN,Madhya Pradesh,,23.722092,81.017718,,
3887846678,,Female,Subadult,,2021,2021,ASIA,IN,Rajasthan,,26.013898,76.504682,,
3887846677,,Female,Adult,,2017,2017,ASIA,IN,Madhya Pradesh,,23.722092,81.017718,,
3887846676,,Female,Adult,,2021-02,2021,ASIA,IN,Madhya Pradesh,,23.722092,81.017718,,
3887846675,,Male,Adult,,2021,2021,ASIA,IN,Madhya Pradesh,,23.722092,81.017718,,
3887846674,,Male,Adult,,2021,2021,ASIA,IN,Rajasthan,,26.013898,76.504682,,
3887846673,,Female,Subadult,,2021,2021,ASIA,IN,Rajasthan,,26.013898,76.504682,,
3887846672,,Male,Adult,,2021,2021,ASIA,IN,Rajasthan,,26.013898,76.504682,,
3887846671,,Female,Subadult,,2017,2017,ASIA,IN,Madhya Pradesh,,23.722092,81.017718,,
3887846670,,Female,Adult,,2021,2021,ASIA,IN,Rajasthan,,26.013898,76.504682,,
3887846669,,,Juvenile,,2020-07,2020,ASIA,IN,Rajasthan,,26.013898,76.504682,,
3887846668,,Female,Adult,,2018-03,2018,ASIA,IN,Madhya Pradesh,,23.722092,81.017718,,
3887846667,,Male,Adult,,2021,2021,ASIA,IN,Madhya Pradesh,,23.722092,81.017718,,
3887846666,,Female,Adult,,2021,2021,ASIA,IN,Rajasthan,,26.013898,76.504682,,
3887846665,,Female,,,2021,2021,ASIA,IN,Rajasthan,,26.013898,76.504682,,
3887846664,,,Subadult,,2019-06,2019,ASIA,IN,Madhya Pradesh,,23.722092,81.017718,,
3887846663,,Female,Subadult,,2021,2021,ASIA,IN,Rajasthan,,26.013898,76.504682,,
3887846662,,Male,Adult,,2021,2021,ASIA,IN,Madhya Pradesh,,23.722092,81.017718,,
3887846661,,Female,Adult,,2021,2021,ASIA,IN,Rajasthan,,26.013898,76.504682,,
3887846660,,Male,Adult,,2021,2021,ASIA,IN,Madhya Pradesh,,23.722092,81.017718,,
3887846659,,,Juvenile,,2021,2021,ASIA,IN,Rajasthan,,26.013898,76.504682,,
3887846658,,Male,Adult,,2021,2021,ASIA,IN,Rajasthan,,26.013898,76.504682,,
3887846657,,Female,Adult,,2021,2021,ASIA,IN,Rajasthan,,26.013898,76.504682,,
3887846656,,Male,Adult,,2021,2021,ASIA,IN,Madhya Pradesh,,23.722092,81.017718,,
3887846655,,Female,Adult,,2020-11,2020,ASIA,IN,Madhya Pradesh,,23.722092,81.017718,,
3887846654,,Male,Adult,,2021,2021,ASIA,IN,Madhya Pradesh,,23.722092,81.017718,,
3887846653,,,Juvenile,,2021,2021,ASIA,IN,Rajasthan,,26.013898,76.504682,,
3887846652,,Female,Adult,,2021-01-31,2021,ASIA,IN,Madhya Pradesh,,23.722507,81.023449,,
3887846651,,,Juvenile,,2021,2021,ASIA,IN,Rajasthan,,26.013898,76.504682,,
3887846650,,Male,Adult,,2020-12-19,2020,ASIA,IN,Madhya Pradesh,,23.722092,81.017718,,
3887846649,,,Juvenile,,2021,2021,ASIA,IN,Rajasthan,,26.013898,76.504682,,
3887846648,,Female,Adult,,2021,2021,ASIA,IN,Madhya Pradesh,,23.699079,80.976048,,
3887846647,,,Juvenile,,2021,2021,ASIA,IN,Rajasthan,,26.013898,76.504682,,
3887846646,,Male,Adult,,2015-12,2015,ASIA,IN,Madhya Pradesh,,23.722092,81.017718,,
3887846645,,Male,Adult,,2021,2021,ASIA,IN,Rajasthan,,26.013898,76.504682,,
3887846644,,Male,Adult,,2021,2021,ASIA,IN,Rajasthan,,26.013898,76.504682,,
3887846643,,Male,Adult,,2021,2021,ASIA,IN,Madhya Pradesh,,23.722092,81.017718,,
3887846642,,Female,Adult,,2020-11,2020,ASIA,IN,Madhya Pradesh,,23.722092,81.017718,,
3887846641,,Female,Adult,,2021,2021,ASIA,IN,Rajasthan,,26.013898,76.504682,,
3887846640,,,Adult,,2021,2021,ASIA,IN,Madhya Pradesh,,23.722507,81.023449,,
3887846639,,Female,Adult,,2021,2021,ASIA,IN,Madhya Pradesh,,23.722092,81.017718,,
3887846638,,Female,Juvenile,,2006,2006,ASIA,IN,Madhya Pradesh,,23.699079,80.976048,,
3887846637,,Male,Adult,,2020,2020,ASIA,IN,Madhya Pradesh,,23.699079,80.976048,,
3887846636,,Female,Adult,,2020,2020,ASIA,IN,Madhya Pradesh,,23.722092,81.017718,,
3887846635,,Male,Adult,,2021-01-02,2021,ASIA,IN,Madhya Pradesh,,23.722092,81.017718,,
3887846634,,Male,Adult,,2020,2020,ASIA,IN,Madhya Pradesh,,23.722092,81.017718,,
3887846633,,,Adult,,2021,2021,ASIA,IN,Madhya Pradesh,,23.722507,81.023449,,
3887846632,,Female,Adult,,2017-04,2017,ASIA,IN,Madhya Pradesh,,23.722092,81.017718,,
3887846631,,Male,Adult,,2020-11,2020,ASIA,IN,Madhya Pradesh,,23.722092,81.017718,,
3887846630,,Female,Adult,,2020-11,2020,ASIA,IN,Madhya Pradesh,,23.722092,81.017718,,
3887846629,,Male,Adult,,2020-10,2020,ASIA,IN,Madhya Pradesh,,23.722092,81.017718,,
3887846628,,,Subadult,,2020-12,2020,ASIA,IN,Madhya Pradesh,,23.722092,81.017718,,
3887846627,,Female,Adult,,2020-11,2020,ASIA,IN,Madhya Pradesh,,23.722092,81.017718,,
3887846626,,,Adult,,2020-06-19,2020,ASIA,IN,Madhya Pradesh,,23.722092,81.017718,,
3887846625,,Male,Adult,,2021,2021,ASIA,IN,Madhya Pradesh,,23.722092,81.017718,,
3887846624,,,,,2021,2021,ASIA,IN,Madhya Pradesh,,23.722507,81.023449,,
3887846623,,Male,Adult,,2021,2021,ASIA,IN,Madhya Pradesh,,23.722092,81.017718,,
3887846622,,Female,Adult,,2020-12,2020,ASIA,IN,Madhya Pradesh,,23.722092,81.017718,,
3887846621,,Male,Adult,,2021,2021,ASIA,IN,Madhya Pradesh,,23.722092,81.017718,,
3887846620,,Male,Adult,,2021,2021,ASIA,IN,Madhya Pradesh,,23.722092,81.017718,,
3887846619,,Male,Adult,,2021,2021,ASIA,IN,Madhya Pradesh,,23.699079,80.976048,,
3887846618,,Male,Adult,,2021,2021,ASIA,IN,Madhya Pradesh,,23.722507,81.023449,,
3887846617,,Male,Adult,,2021,2021,ASIA,IN,Madhya Pradesh,,23.722092,81.017718,,
3887846616,,Male,Adult,,2021,2021,ASIA,IN,Madhya Pradesh,,23.722092,81.017718,,
3887846615,,Male,Adult,,2021,2021,ASIA,IN,Madhya Pradesh,,23.722092,81.017718,,
3887846614,,Female,Adult,,2021-01-30,2021,ASIA,IN,Madhya Pradesh,,23.722507,81.023449,,
3887846613,,,Juvenile,,2021,2021,ASIA,IN,Madhya Pradesh,,23.722092,81.017718,,
3887846612,,,Adult,,2019-06,2019,ASIA,IN,Madhya Pradesh,,23.722092,81.017718,,
3887846611,,Female,Adult,,2021-01-31,2021,ASIA,IN,Madhya Pradesh,,23.722507,81.023449,,
3887846610,,,Adult,,2021,2021,ASIA,IN,Madhya Pradesh,,23.722092,81.017718,,
3887846609,,,,,2020-12-21,2020,ASIA,IN,Madhya Pradesh,,23.722092,81.017718,,
3887846608,,Female,Adult,,2020-12-12,2020,ASIA,IN,Madhya Pradesh,,23.699079,80.976048,,
3887846607,,Female,Adult,,2020,2020,ASIA,IN,Madhya Pradesh,,23.722092,81.017718,,
3887846606,,Male,Subadult,,2020-10,2020,ASIA,IN,Madhya Pradesh,,23.722092,81.017718,,
3887846605,,Male,Subadult,,2020,2020,ASIA,IN,Madhya Pradesh,,23.722092,81.017718,,
3887846604,,Male,Adult,,2020,2020,ASIA,IN,Madhya Pradesh,,23.722092,81.017718,,
3887846603,,Female,Adult,,2020,2020,ASIA,IN,Madhya Pradesh,,23.722092,81.017718,,
3887846602,,Female,Adult,,2020-11-24,2020,ASIA,IN,Madhya Pradesh,,23.722092,81.017718,,
3887846601,,,,,2020,2020,ASIA,IN,Madhya Pradesh,,23.722507,81.023449,,
3887846600,,,Adult,,2020,2020,ASIA,IN,Madhya Pradesh,,23.722507,81.023449,,
3887846599,,,Juvenile,,2017-12,2017,ASIA,IN,Madhya Pradesh,,23.722092,81.017718,,
3887846598,,,Juvenile,,2020,2020,ASIA,IN,Madhya Pradesh,,23.722092,81.017718,,
3887846597,,Male,Adult,,2017,2017,ASIA,IN,Madhya Pradesh,,23.722092,81.017718,,
3887846596,,Male,Subadult,,2021-02,2021,ASIA,IN,Madhya Pradesh,,23.722092,81.017718,,
3887846595,,Female,Adult,,2020-12,2020,ASIA,IN,Madhya Pradesh,,23.722092,81.017718,,
3887846594,,Female,Subadult,,2019-06,2019,ASIA,IN,Maharashtra,,20.26666,79.4,,
3887846593,,Female,Adult,,2019-04,2019,ASIA,IN,Madhya Pradesh,,23.725068,81.023449,,
3887846592,,,Subadult,,2021,2021,ASIA,IN,Madhya Pradesh,,23.722092,81.017718,,
3887846591,,Male,Adult,,2021,2021,ASIA,IN,Maharashtra,,20.298737,79.479268,,
3887846590,,Female,Adult,,2021,2021,ASIA,IN,Madhya Pradesh,,23.722092,81.017718,,
3887846589,,,Adult,,2021,2021,ASIA,IN,Madhya Pradesh,,23.722092,81.017718,,
3887846588,,Male,Subadult,,2021,2021,ASIA,IN,Maharashtra,,20.298737,79.479268,,
3887846587,,,Subadult,,2019-04,2019,ASIA,IN,Madhya Pradesh,,23.725068,81.023449,,
3887846586,,Female,Adult,,2021,2021,ASIA,IN,Maharashtra,,20.298737,79.479268,,
3887846585,,Male,Subadult,,2021,2021,ASIA,IN,Maharashtra,,20.26666,79.4,,
3887846584,,Male,,,2019-04,2019,ASIA,IN,Maharashtra,,20.26666,79.4,,
3887846583,,Female,Adult,,2021-02-18,2021,ASIA,IN,Maharashtra,,20.405937,79.317614,,
3887846582,,,Juvenile,,2021-04,2021,ASIA,IN,Maharashtra,,20.26666,79.4,,
3887846581,,Female,Adult,,2021,2021,ASIA,IN,Maharashtra,,20.298737,79.479268,,
3887846580,,Male,Adult,,2016,2016,ASIA,IN,Maharashtra,,20.122018,79.435413,,
3887846579,,,Subadult,,2020-12,2020,ASIA,IN,Maharashtra,,20.26666,79.4,,
3887846578,,Female,Adult,,2021-02,2021,ASIA,IN,Maharashtra,,20.26666,79.4,,
3887846577,,Male,Adult,,2021-01,2021,ASIA,IN,Maharashtra,,20.26666,79.4,,
3887846576,,Male,Adult,,2020-10,2020,ASIA,IN,Maharashtra,,20.26666,79.4,,
3887846575,,Female,Subadult,,2021,2021,ASIA,IN,Maharashtra,,20.26666,79.4,,
3887846574,,Female,Adult,,2017,2017,ASIA,IN,Maharashtra,,20.26666,79.4,,
3887846573,,,Subadult,,2021,2021,ASIA,IN,Maharashtra,,20.4277,79.298564,,
3887846572,,Female,Adult,,2016,2016,ASIA,IN,Maharashtra,,20.26666,79.4,,
3887846571,,Male,Adult,,2017,2017,ASIA,IN,Maharashtra,,20.26666,79.4,,
3887846570,,Male,Adult,,2017,2017,ASIA,IN,Maharashtra,,20.26666,79.4,,
3887846569,,,Adult,,2021-03-14,2021,ASIA,IN,Madhya Pradesh,,21.939914,80.642733,,
3887846568,,,Juvenile,,2017,2017,ASIA,IN,Maharashtra,,20.26666,79.4,,
3887846567,,Female,Adult,,2017,2017,ASIA,IN,Maharashtra,,20.366643,79.295453,,
3887846566,,Male,Adult,,2017,2017,ASIA,IN,Maharashtra,,20.366643,79.295453,,
3887846565,,,Juvenile,,2017,2017,ASIA,IN,Maharashtra,,20.26666,79.4,,
3887846564,,Female,Adult,,2017,2017,ASIA,IN,Maharashtra,,20.26666,79.4,,
3887846563,,Male,Adult,,2016,2016,ASIA,IN,Maharashtra,,20.26666,79.4,,
3887846562,,Male,Adult,,2016,2016,ASIA,IN,Maharashtra,,20.26666,79.4,,
3887846561,,Female,Adult,,2016,2016,ASIA,IN,Maharashtra,,20.26666,79.4,,
3887846560,,Male,Subadult,,2021-04-10,2021,ASIA,IN,Maharashtra,,20.298737,79.479268,,
3887846559,,Female,Adult,,2021-03-25,2021,ASIA,IN,Maharashtra,,20.298737,79.479268,,
3887846558,,Male,Adult,,2021,2021,ASIA,IN,Maharashtra,,20.405937,79.317614,,
3887846557,,Female,Adult,,2019-12,2019,ASIA,IN,Maharashtra,,20.405937,79.317614,,
3887846556,,Male,Subadult,,2021,2021,ASIA,IN,Maharashtra,,20.405937,79.317614,,
3887846555,,Female,Adult,,2021-03-11,2021,ASIA,IN,Maharashtra,,20.405937,79.317614,,
3887846554,,Female,Adult,,2021-03-11,2021,ASIA,IN,Maharashtra,,20.405937,79.317614,,
3887846553,,,Juvenile,,2021-02-13,2021,ASIA,IN,Maharashtra,,20.405937,79.317614,,
3887846552,,Female,Adult,,2021-01-30,2021,ASIA,IN,Maharashtra,,20.405937,79.317614,,
3887846551,,Female,Adult,,2021-03-11,2021,ASIA,IN,Maharashtra,,20.405937,79.317614,,
3887846550,,Female,Adult,,2021-03-11,2021,ASIA,IN,Maharashtra,,20.405937,79.317614,,
3887846549,,Male,Subadult,,2021-01-23,2021,ASIA,IN,Maharashtra,,20.4277,79.298564,,
3887846548,,Male,Adult,,2021-05-08,2021,ASIA,IN,Maharashtra,,20.113899,79.319123,,
3887846547,,Female,Adult,,2021-01-04,2021,ASIA,IN,Maharashtra,,20.26666,79.4,,
3887846546,,,Subadult,,2020-12,2020,ASIA,IN,Maharashtra,,20.405937,79.317614,,
3887846545,,Female,Adult,,2020-01-06,2020,ASIA,IN,Maharashtra,,20.405937,79.317614,,
3887846544,,,Subadult,,2020-12,2020,ASIA,IN,Maharashtra,,20.405937,79.317614,,
3887846543,,,Juvenile,,2021-01-04,2021,ASIA,IN,Maharashtra,,20.26666,79.4,,
3887846542,,Female,Subadult,,2018,2018,ASIA,IN,Uttarakhand,,29.554046,79.044354,,
3887846541,,Male,Adult,,2021,2021,ASIA,IN,Maharashtra,,20.26666,79.4,,
3887846540,,Male,Adult,,2020-11-19,2020,ASIA,IN,Maharashtra,,20.405937,79.317614,,
3887846539,,,Subadult,,2018,2018,ASIA,IN,Madhya Pradesh,,21.939914,80.642733,,
3887846538,,Male,Adult,,2019-01,2019,ASIA,IN,Maharashtra,,20.26666,79.4,,
3887846537,,Male,Adult,,2021,2021,ASIA,IN,Maharashtra,,20.26666,79.4,,
3887846536,,Male,Adult,,2021,2021,ASIA,IN,Maharashtra,,20.26666,79.4,,
3887846535,,Male,Adult,,2021-02,2021,ASIA,IN,Maharashtra,,20.26666,79.4,,
3887846534,,Male,Adult,,2021,2021,ASIA,IN,Maharashtra,,20.26666,79.4,,
3887846533,,Male,Adult,,2021,2021,ASIA,IN,Maharashtra,,20.26666,79.4,,
3887846532,,Male,Juvenile,,2021,2021,ASIA,IN,Maharashtra,,20.26666,79.4,,
3887846531,,,Adult,,2018,2018,ASIA,IN,Assam,,26.375851,93.460525,,
3887846530,,Male,Subadult,,2021,2021,ASIA,IN,Assam,,26.375851,93.460525,,
3887846529,,,Adult,,2020,2020,ASIA,IN,Assam,,26.375851,93.460525,,
3887846528,,Female,Adult,,2018,2018,ASIA,IN,Madhya Pradesh,,21.939914,80.642733,,
3887846527,,,Subadult,,2018,2018,ASIA,IN,Madhya Pradesh,,21.939914,80.642733,,
3887846526,,Male,Adult,,2021,2021,ASIA,IN,Assam,,26.375851,93.460525,,
3887846525,,Female,Adult,,2021,2021,ASIA,IN,Maharashtra,,20.26666,79.4,,
3887846524,,Female,Adult,,2018-05,2018,ASIA,IN,Maharashtra,,20.26666,79.4,,
3887846523,,Male,Adult,,2021-03,2021,ASIA,IN,Assam,,26.375851,93.460525,,
3887846522,,Male,Adult,,2018,2018,ASIA,IN,West Bengal,,21.904322,88.867629,,
3887846521,,,Subadult,,2018,2018,ASIA,IN,Madhya Pradesh,,21.939914,80.642733,,
3887846520,,Female,Adult,,2021,2021,ASIA,IN,West Bengal,,21.904322,88.867629,,
3887846519,,,Subadult,,2021,2021,ASIA,IN,Madhya Pradesh,,21.939914,80.642733,,
3887846518,,Male,Adult,,2017,2017,ASIA,IN,West Bengal,,21.904322,88.867629,,
3887846517,,Male,Subadult,,2021-04-07,2021,ASIA,IN,Madhya Pradesh,,21.939914,80.642733,,
3887846516,,Female,Adult,,2018,2018,ASIA,IN,West Bengal,,21.904322,88.867629,,
3887846515,,,,,2021-04,2021,ASIA,IN,Maharashtra,,20.26666,79.4,,
3887846514,,Male,,,2021,2021,ASIA,IN,Maharashtra,,20.298737,79.479268,,
3887846513,,,Adult,,2018,2018,ASIA,IN,West Bengal,,21.904322,88.867629,,
3887846512,,,,,2021-04,2021,ASIA,IN,Maharashtra,,20.26666,79.4,,
3887846511,,,Adult,,2019,2019,ASIA,IN,West Bengal,,21.904322,88.867629,,
3887846510,,,Adult,,2021-03,2021,ASIA,IN,Madhya Pradesh,,21.939914,80.642733,,
3887846509,,,,,2021-04,2021,ASIA,IN,Maharashtra,,20.26666,79.4,,
3887846508,,,Subadult,,2021,2021,ASIA,IN,Madhya Pradesh,,21.939914,80.642733,,
3887846507,,,Adult,,2018,2018,ASIA,IN,West Bengal,,21.904322,88.867629,,
3887846506,,Female,Subadult,,2021-02,2021,ASIA,IN,Madhya Pradesh,,21.939914,80.642733,,
3887846505,,,,,2021-04,2021,ASIA,IN,Maharashtra,,20.26666,79.4,,
3887846504,,Male,Adult,,2018,2018,ASIA,IN,West Bengal,,21.904322,88.867629,,
3887846503,,,Adult,,2021-03-04,2021,ASIA,IN,Madhya Pradesh,,21.939914,80.642733,,
3887846502,,Female,Adult,,2019,2019,ASIA,IN,West Bengal,,21.904322,88.867629,,
3887846501,,Female,Subadult,,2018-05,2018,ASIA,IN,Madhya Pradesh,,21.939914,80.642733,,
3887846500,,Male,Adult,,2019,2019,ASIA,IN,West Bengal,,21.904322,88.867629,,
3887846499,,,Adult,,2018,2018,ASIA,IN,West Bengal,,21.904322,88.867629,,
3887846498,,Female,Adult,,2021,2021,ASIA,IN,Maharashtra,,20.298737,79.479268,,
3887846497,,Male,Adult,,2021,2021,ASIA,IN,Maharashtra,,20.405937,79.317614,,
3887846496,,Male,Adult,,2021,2021,ASIA,IN,Madhya Pradesh,,21.939914,80.642733,,
3887846495,,Male,Adult,,2021,2021,ASIA,IN,Maharashtra,,20.26666,79.4,,
3887846494,,,Juvenile,,2021,2021,ASIA,IN,Maharashtra,,20.26666,79.4,,
3887846493,,Male,Adult,,2021-01,2021,ASIA,IN,Madhya Pradesh,,21.939914,80.642733,,
3887846492,,,Juvenile,,2021,2021,ASIA,IN,Maharashtra,,20.26666,79.4,,
3887846491,,Female,Adult,,2021-02,2021,ASIA,IN,Madhya Pradesh,,21.939914,80.642733,,
3887846490,,Female,Adult,,2021,2021,ASIA,IN,Maharashtra,,20.26666,79.4,,
3887846489,,Male,Adult,,2021,2021,ASIA,IN,Madhya Pradesh,,21.939914,80.642733,,
3887846488,,,Adult,,2013,2013,ASIA,IN,West Bengal,,21.904322,88.867629,,
3887846487,,Male,Adult,,2018,2018,ASIA,IN,West Bengal,,21.904322,88.867629,,
3887846486,,Male,Adult,,2021,2021,ASIA,IN,Madhya Pradesh,,21.939914,80.642733,,
3887846485,,,Juvenile,,2021,2021,ASIA,IN,Maharashtra,,20.26666,79.4,,
3887846484,,Male,Adult,,2014,2014,ASIA,IN,West Bengal,,21.904322,88.867629,,
3887846483,,Female,Adult,,2021,2021,ASIA,IN,Madhya Pradesh,,22.022441,80.485881,,
3887846482,,Female,Adult,,2021,2021,ASIA,IN,Madhya Pradesh,,21.939914,80.642733,,
3887846481,,,Juvenile,,2021,2021,ASIA,IN,Maharashtra,,20.26666,79.4,,
3887846480,,Female,Adult,,2021-02,2021,ASIA,IN,West Bengal,,21.904322,88.867629,,
3887846479,,,Adult,,2004,2004,ASIA,IN,West Bengal,,21.904322,88.867629,,
3887846478,,,Juvenile,,2021-03,2021,ASIA,IN,Maharashtra,,20.26666,79.4,,
3887846477,,Male,Adult,,2019-05,2019,ASIA,IN,Madhya Pradesh,,21.939914,80.642733,,
3887846476,,,Subadult,,2021-06-01,2021,ASIA,IN,Madhya Pradesh,,21.939914,80.642733,,
3887846475,,Female,Adult,,2021-03,2021,ASIA,IN,Maharashtra,,20.26666,79.4,,
3887846474,,,Adult,,2019,2019,ASIA,IN,West Bengal,,21.904322,88.867629,,
3887846473,,Female,Adult,,2021-01,2021,ASIA,IN,Madhya Pradesh,,21.939914,80.642733,,
3887846472,,Male,Adult,,2021-03,2021,ASIA,IN,Maharashtra,,20.298737,79.479268,,
3887846471,,,Adult,,2020-02,2020,ASIA,IN,West Bengal,,22.107393,88.818755,,
3887846470,,,Juvenile,,2020,2020,ASIA,IN,Maharashtra,,20.26666,79.4,,
3887846469,,,Adult,,2018,2018,ASIA,IN,West Bengal,,21.904322,88.867629,,
3887846468,,,Adult,,2019,2019,ASIA,IN,West Bengal,,21.904322,88.867629,,
3887846467,,,Adult,,2019,2019,ASIA,IN,West Bengal,,21.904322,88.867629,,
3887846466,,,Subadult,,2021-06-01,2021,ASIA,IN,Madhya Pradesh,,21.939914,80.642733,,
3887846465,,Male,Adult,,2021,2021,ASIA,IN,Maharashtra,,20.298737,79.479268,,
3887846464,,,Adult,,2021,2021,ASIA,IN,Madhya Pradesh,,21.939914,80.642733,,
3887846463,,Female,Adult,,2021,2021,ASIA,IN,Maharashtra,,20.26666,79.4,,
3887846462,,Male,Adult,,2021-06-01,2021,ASIA,IN,Madhya Pradesh,,21.939914,80.642733,,
3887846461,,Male,Subadult,,2021,2021,ASIA,IN,Maharashtra,,20.26666,79.4,,
3887846460,,Female,Adult,,2012-12,2012,ASIA,IN,Maharashtra,,20.26666,79.4,,
3887846459,,,Subadult,,2021,2021,ASIA,IN,Maharashtra,,20.26666,79.4,,
3887846458,,Male,Adult,,2021,2021,ASIA,IN,Maharashtra,,20.26666,79.4,,
3887846457,,,Adult,,2021-03,2021,ASIA,IN,Madhya Pradesh,,21.939914,80.642733,,
3887846456,,,Subadult,,2021,2021,ASIA,IN,Madhya Pradesh,,21.939914,80.642733,,
3887846455,,,Subadult,,2021-06-04,2021,ASIA,IN,Madhya Pradesh,,21.939914,80.642733,,
3887846454,,Female,Adult,,2021,2021,ASIA,IN,Madhya Pradesh,,21.939914,80.642733,,
3887846453,,Female,Adult,,2012-12,2012,ASIA,IN,Maharashtra,,20.26666,79.4,,
3887846452,,Female,Adult,,2021,2021,ASIA,IN,Madhya Pradesh,,21.939914,80.642733,,
3887846451,,Female,Adult,,2021,2021,ASIA,IN,Maharashtra,,20.26666,79.4,,
3887846450,,,,,2020-10,2020,ASIA,IN,Maharashtra,,20.26666,79.4,,
3887846449,,,Adult,,2021,2021,ASIA,IN,Madhya Pradesh,,21.939914,80.642733,,
3887846448,,Male,Adult,,2021,2021,ASIA,IN,Madhya Pradesh,,21.939914,80.642733,,
3887846447,,,Juvenile,,2021-03,2021,ASIA,IN,Maharashtra,,20.26666,79.4,,
3887846446,,Female,Adult,,2021-03,2021,ASIA,IN,Maharashtra,,20.26666,79.4,,
3887846445,,Female,Adult,,2021-04,2021,ASIA,IN,Madhya Pradesh,,21.939914,80.642733,,
3887846444,,Male,Adult,,2021,2021,ASIA,IN,Maharashtra,,20.298737,79.479268,,
3887846443,,Male,Subadult,,2021-06-05,2021,ASIA,IN,Madhya Pradesh,,21.939914,80.642733,,
3887846442,,,Juvenile,,2021-03,2021,ASIA,IN,Maharashtra,,20.26666,79.4,,
3887846441,,,Subadult,,2021-06-09,2021,ASIA,IN,Madhya Pradesh,,21.939914,80.642733,,
3887846440,,Female,Adult,,2021,2021,ASIA,IN,Maharashtra,,20.26666,79.4,,
3887846439,,Female,Adult,,2021-06-09,2021,ASIA,IN,Madhya Pradesh,,21.939914,80.642733,,
3887846438,,Male,Adult,,2021,2021,ASIA,IN,Maharashtra,,20.26666,79.4,,
3887846437,,,Subadult,,2021-06-09,2021,ASIA,IN,Madhya Pradesh,,21.939914,80.642733,,
3887846436,,,Subadult,,2021,2021,ASIA,IN,Maharashtra,,20.26666,79.4,,
3887846435,,Male,Subadult,,2021,2021,ASIA,IN,Madhya Pradesh,,21.939914,80.642733,,
3887846434,,,Subadult,,2021-06-09,2021,ASIA,IN,Madhya Pradesh,,21.939914,80.642733,,
3887846433,,,Subadult,,2021,2021,ASIA,IN,Maharashtra,,20.26666,79.4,,
3887846432,,Male,Subadult,,2021-06-08,2021,ASIA,IN,Madhya Pradesh,,22.022441,80.485881,,
3887846431,,,Subadult,,2021,2021,ASIA,IN,Maharashtra,,20.26666,79.4,,
3887846430,,,Subadult,,2021,2021,ASIA,IN,Maharashtra,,20.26666,79.4,,
3887846429,,,Subadult,,2021-06,2021,ASIA,IN,Madhya Pradesh,,21.939914,80.642733,,
3887846428,,Male,Subadult,,2021,2021,ASIA,IN,Maharashtra,,20.26666,79.4,,
3887846427,,Female,Subadult,,2021,2021,ASIA,IN,Maharashtra,,20.26666,79.4,,
3887846426,,,Subadult,,2021-06-13,2021,ASIA,IN,Madhya Pradesh,,21.939914,80.642733,,
3887846425,,Female,Adult,,2021-06-08,2021,ASIA,IN,Madhya Pradesh,,21.939914,80.642733,,
3887846424,,Male,Adult,,2021,2021,ASIA,IN,Madhya Pradesh,,21.939914,80.642733,,
3887846423,,Female,Adult,,2021,2021,ASIA,IN,Maharashtra,,20.298737,79.479268,,
3887846422,,Male,Adult,,2021-06-09,2021,ASIA,IN,Madhya Pradesh,,21.939914,80.642733,,
3887846421,,Female,Adult,,2021,2021,ASIA,IN,Madhya Pradesh,,21.715522,79.304146,,
3887846420,,,Subadult,,2021-04,2021,ASIA,IN,Maharashtra,,20.26666,79.4,,
3887846419,,Female,Subadult,,2021,2021,ASIA,IN,Maharashtra,,20.26666,79.4,,
3887846418,,Male,Adult,,2021,2021,ASIA,IN,Maharashtra,,20.298737,79.479268,,
3887846417,,,Subadult,,2021-06-13,2021,ASIA,IN,Madhya Pradesh,,21.939914,80.642733,,
3887846416,,,Juvenile,,2021-04,2021,ASIA,IN,Maharashtra,,20.26666,79.4,,
3887846415,,Male,Subadult,,2021-06-13,2021,ASIA,IN,Madhya Pradesh,,21.939914,80.642733,,
3887846414,,Male,Subadult,,2021,2021,ASIA,IN,Maharashtra,,20.26666,79.4,,
3887846413,,Female,Adult,,2021-04,2021,ASIA,IN,Maharashtra,,20.26666,79.4,,
3887846412,,,Subadult,,2021-06-13,2021,ASIA,IN,Madhya Pradesh,,21.939914,80.642733,,
3887846411,,Male,Adult,,2021-06-12,2021,ASIA,IN,Madhya Pradesh,,22.022441,80.485881,,
3887846410,,Female,Adult,,2018-05,2018,ASIA,IN,Madhya Pradesh,,21.939914,80.642733,,
3887846409,,,Subadult,,2021-06-10,2021,ASIA,IN,Madhya Pradesh,,21.939914,80.642733,,
3887846408,,,Juvenile,,2021-04,2021,ASIA,IN,Maharashtra,,20.26666,79.4,,
3887846407,,,Juvenile,,2021-04,2021,ASIA,IN,Maharashtra,,20.26666,79.4,,
3887846406,,,Adult,,2021,2021,ASIA,IN,Maharashtra,,20.26666,79.4,,
3887846405,,Male,Adult,,2021-06,2021,ASIA,IN,Madhya Pradesh,,21.939914,80.642733,,
3887846404,,Female,Adult,,2021-06-13,2021,ASIA,IN,Madhya Pradesh,,21.939914,80.642733,,
3887846403,,Male,Adult,,2020-12,2020,ASIA,IN,Maharashtra,,20.26666,79.4,,
3887846402,,Male,Subadult,,2021-06,2021,ASIA,IN,Madhya Pradesh,,22.022441,80.485881,,
3887846401,,Female,Subadult,,2021,2021,ASIA,IN,Maharashtra,,20.26666,79.4,,
3887846400,,,Subadult,,2021-06-12,2021,ASIA,IN,Madhya Pradesh,,21.939914,80.642733,,
3887846399,,Female,Adult,,2021-06,2021,ASIA,IN,Madhya Pradesh,,21.939914,80.642733,,
3887846398,,Female,Adult,,2017,2017,ASIA,IN,Madhya Pradesh,,21.715522,79.304146,,
3887846397,,,Subadult,,2021,2021,ASIA,IN,Maharashtra,,20.26666,79.4,,
3887846396,,Male,Adult,,2021-06,2021,ASIA,IN,Madhya Pradesh,,21.939914,80.642733,,
3887846395,,,Adult,,2021,2021,ASIA,IN,Maharashtra,,20.26666,79.4,,
3887846394,,,Juvenile,,2021,2021,ASIA,IN,Maharashtra,,20.26666,79.4,,
3887846393,,Female,Adult,,2021,2021,ASIA,IN,Maharashtra,,21.715522,79.304146,,
3887846392,,Female,Subadult,,2021-06,2021,ASIA,IN,Madhya Pradesh,,21.939914,80.642733,,
3887846391,,Female,Adult,,2021-03-11,2021,ASIA,IN,Maharashtra,,21.65602,79.348918,,
3887846390,,Female,Adult,,2021,2021,ASIA,IN,Maharashtra,,20.298737,79.479268,,
3887846389,,Female,Adult,,2021-06,2021,ASIA,IN,Madhya Pradesh,,21.939914,80.642733,,
3887846388,,Female,Adult,,2021-03-12,2021,ASIA,IN,Maharashtra,,21.715522,79.304146,,
3887846387,,Female,Adult,,2021-03-12,2021,ASIA,IN,Maharashtra,,21.65602,79.348918,,
3887846386,,Male,Subadult,,2021,2021,ASIA,IN,Madhya Pradesh,,21.939914,80.642733,,
3887846385,,,Subadult,,2021-04,2021,ASIA,IN,Maharashtra,,20.446563,79.275322,,
3887846384,,Female,Adult,,2021,2021,ASIA,IN,Maharashtra,,20.26666,79.4,,
3887846383,,Female,Adult,,2021-03-12,2021,ASIA,IN,Maharashtra,,21.65602,79.348918,,
3887846382,,,,,2021,2021,ASIA,IN,Maharashtra,,20.26666,79.4,,
3887846381,,Female,Adult,,2021-03-26,2021,ASIA,IN,Maharashtra,,20.26666,79.4,,
3887846380,,Female,Adult,,2021,2021,ASIA,IN,Madhya Pradesh,,21.740573,79.334861,,
3887846379,,Female,Adult,,2021,2021,ASIA,IN,Madhya Pradesh,,21.939914,80.642733,,
3887846378,,Male,Adult,,2021,2021,ASIA,IN,Madhya Pradesh,,22.022441,80.485881,,
3887846377,,Female,Subadult,,2021-06,2021,ASIA,IN,Madhya Pradesh,,21.939914,80.642733,,
3887846376,,Male,Adult,,2021-03,2021,ASIA,IN,Maharashtra,,20.26666,79.4,,
3887846375,,Female,Adult,,2021-06,2021,ASIA,IN,Madhya Pradesh,,21.939914,80.642733,,
3887846374,,Male,,,2021,2021,ASIA,IN,Maharashtra,,20.26666,79.4,,
3887846373,,Female,Adult,,2021-01,2021,ASIA,IN,Madhya Pradesh,,21.715522,79.304146,,
3887846372,,Female,Adult,,2021-03-11,2021,ASIA,IN,Maharashtra,,21.65602,79.348918,,
3887846371,,Female,Adult,,2021-07-05,2021,ASIA,IN,Madhya Pradesh,,21.939914,80.642733,,
3887846370,,Female,Adult,,2021-03-10,2021,ASIA,IN,Maharashtra,,21.65602,79.348918,,
3887846369,,Female,Adult,,2021,2021,ASIA,IN,Madhya Pradesh,,21.939914,80.642733,,
3887846368,,,,,2021,2021,ASIA,IN,Maharashtra,,20.298737,79.479268,,
3887846367,,Female,Adult,,2021,2021,ASIA,IN,Maharashtra,,20.122018,79.435413,,
3887846366,,,Subadult,,2021-07-05,2021,ASIA,IN,Madhya Pradesh,,21.939914,80.642733,,
3887846365,,,Subadult,,2021-07-05,2021,ASIA,IN,Madhya Pradesh,,21.939914,80.642733,,
3887846364,,,,,2021,2021,ASIA,IN,Madhya Pradesh,,21.715522,79.304146,,
3887846363,,,Juvenile,,2021-03-10,2021,ASIA,IN,Maharashtra,,21.65602,79.348918,,
3887846362,,,Juvenile,,2021-03-10,2021,ASIA,IN,Maharashtra,,21.65602,79.348918,,
3887846361,,,Juvenile,,2021,2021,ASIA,IN,Maharashtra,,20.26666,79.4,,
3887846360,,Male,Subadult,,2020-12,2020,ASIA,IN,Maharashtra,,20.26666,79.4,,
3887846359,,,Juvenile,,2020,2020,ASIA,IN,Maharashtra,,21.65602,79.348918,,
3887846358,,Female,Adult,,2021-04-26,2021,ASIA,IN,Maharashtra,,20.26666,79.4,,
3887846357,,,Subadult,,2021-07-05,2021,ASIA,IN,Madhya Pradesh,,21.939914,80.642733,,
3887846356,,Female,Adult,,2020,2020,ASIA,IN,Maharashtra,,21.65602,79.348918,,
3887846355,,Female,Adult,,2021-03-16,2021,ASIA,IN,Maharashtra,,21.715522,79.304146,,
3887846354,,Male,Subadult,,2021,2021,ASIA,IN,Maharashtra,,20.26666,79.4,,
3887846353,,,Juvenile,,2020,2020,ASIA,IN,Maharashtra,,21.65602,79.348918,,
3887846352,,,Subadult,,2021-06,2021,ASIA,IN,Madhya Pradesh,,21.939914,80.642733,,
3887846351,,,Subadult,,2021-06,2021,ASIA,IN,Madhya Pradesh,,21.939914,80.642733,,
3887846350,,Female,Adult,,2021-02,2021,ASIA,IN,Madhya Pradesh,,23.722092,81.017718,,
3887846349,,,,,2021,2021,ASIA,IN,Maharashtra,,20.26666,79.4,,
3887846348,,,Subadult,,2021-06,2021,ASIA,IN,Madhya Pradesh,,21.939914,80.642733,,
3887846347,,,Subadult,,2021,2021,ASIA,IN,Maharashtra,,20.26666,79.4,,
3887846346,,Male,Adult,,2020-10,2020,ASIA,IN,Madhya Pradesh,,21.939914,80.642733,,
3887846345,,Male,,,2021-04,2021,ASIA,IN,Maharashtra,,20.26666,79.4,,
3887846344,,,Subadult,,2021-06,2021,ASIA,IN,Madhya Pradesh,,21.939914,80.642733,,
3887846343,,Female,Adult,,2021-03-12,2021,ASIA,IN,Maharashtra,,21.65602,79.348918,,
3887846342,,Female,Adult,,2021-01,2021,ASIA,IN,Madhya Pradesh,,21.715522,79.304146,,
3887846341,,Male,Adult,,2021-03,2021,ASIA,IN,Madhya Pradesh,,21.715522,79.304146,,
3887846340,,,Subadult,,2021,2021,ASIA,IN,Maharashtra,,20.26666,79.4,,
3887846339,,Male,Subadult,,2021,2021,ASIA,IN,Maharashtra,,20.405937,79.317614,,
3887846338,,,Juvenile,,2021,2021,ASIA,IN,Maharashtra,,20.26666,79.4,,
3887846337,,Female,Adult,,2021-03,2021,ASIA,IN,Maharashtra,,21.65602,79.348918,,
3887846336,,,Adult,,2021-03-18,2021,ASIA,IN,Maharashtra,,21.65602,79.348918,,
3887846335,,Male,Subadult,,2021,2021,ASIA,IN,Madhya Pradesh,,21.715522,79.304146,,
3887846334,,,Subadult,,2021,2021,ASIA,IN,Maharashtra,,20.26666,79.4,,
3887846333,,,Adult,,2021,2021,ASIA,IN,Maharashtra,,21.65602,79.348918,,
3887846332,,,Juvenile,,2021,2021,ASIA,IN,Maharashtra,,20.405937,79.317614,,
3887846331,,,Adult,,2021,2021,ASIA,IN,Madhya Pradesh,,21.715522,79.304146,,
3887846330,,,,,2021,2021,ASIA,IN,Madhya Pradesh,,21.715522,79.304146,,
3887846329,,,Subadult,,2021,2021,ASIA,IN,Madhya Pradesh,,21.715522,79.304146,,
3887846328,,,,,2020-03,2020,ASIA,IN,Maharashtra,,20.26666,79.4,,
3887846327,,Male,Adult,,2021-04,2021,ASIA,IN,Maharashtra,,20.26666,79.4,,
3887846326,,Male,Adult,,2021,2021,ASIA,IN,Maharashtra,,20.26666,79.4,,
3887846325,,,,,2021,2021,ASIA,IN,Maharashtra,,20.298737,79.479268,,
3887846324,,Male,Adult,,2021-03,2021,ASIA,IN,Madhya Pradesh,,21.588748,79.277444,,
3887846323,,,Juvenile,,2021,2021,ASIA,IN,Maharashtra,,20.26666,79.4,,
3887846322,,Female,Adult,,2021-03-16,2021,ASIA,IN,Madhya Pradesh,,21.715522,79.304146,,
3887846321,,Female,Adult,,2021,2021,ASIA,IN,Madhya Pradesh,,21.715522,79.304146,,
3887846320,,Female,,,2021-03-26,2021,ASIA,IN,Maharashtra,,20.26666,79.4,,
3887846319,,,,,2021,2021,ASIA,IN,Maharashtra,,20.26666,79.4,,
3887846318,,Female,Adult,,2021,2021,ASIA,IN,Madhya Pradesh,,21.715522,79.304146,,
3887846317,,Female,Adult,,2021,2021,ASIA,IN,Maharashtra,,20.26666,79.4,,
3887846316,,,Adult,,2017,2017,ASIA,IN,Bihar,,27.414716,84.138352,,
3887846315,,Male,Adult,,2018,2018,ASIA,IN,Bihar,,27.414716,84.138352,,
3887846314,,Female,Adult,,2021,2021,ASIA,IN,Madhya Pradesh,,21.740573,79.334861,,
3887846313,,,Juvenile,,2017,2017,ASIA,IN,Bihar,,27.414716,84.138352,,
3887846312,,Male,Adult,,2021-03,2021,ASIA,IN,Maharashtra,,21.65602,79.348918,,
3887846311,,,,,2021,2021,ASIA,IN,Maharashtra,,20.26666,79.4,,
3887846310,,Male,Adult,,2021-04,2021,ASIA,IN,Maharashtra,,20.26666,79.4,,
3887846309,,Female,Adult,,2017,2017,ASIA,IN,Bihar,,27.414716,84.138352,,
3887846308,,,Subadult,,2021,2021,ASIA,IN,Madhya Pradesh,,21.715522,79.304146,,
3887846307,,Male,Adult,,2021-01,2021,ASIA,IN,Maharashtra,,20.866916,79.475257,,
3887846306,,Female,Adult,,2013,2013,ASIA,IN,Bihar,,27.414716,84.138352,,
3887846305,,,Juvenile,,2013,2013,ASIA,IN,Bihar,,27.414716,84.138352,,
3887846304,,,Subadult,,2021,2021,ASIA,IN,Madhya Pradesh,,21.715522,79.304146,,
3887846303,,,Adult,,2021,2021,ASIA,IN,Madhya Pradesh,,21.715522,79.304146,,
3887846302,,,,,2021,2021,ASIA,IN,Madhya Pradesh,,21.715522,79.304146,,
3887846301,,Male,Adult,,2021,2021,ASIA,IN,Maharashtra,,20.866916,79.475257,,
3887846300,,,Subadult,,2021-04,2021,ASIA,IN,Maharashtra,,20.26666,79.4,,
3887846299,,Male,Adult,,2021,2021,ASIA,IN,Maharashtra,,20.26666,79.4,,
3887846298,,,,,2021,2021,ASIA,IN,Madhya Pradesh,,21.715522,79.304146,,
3887846297,,Male,Adult,,2021,2021,ASIA,IN,Maharashtra,,20.298737,79.479268,,
3887846296,,,,,2021,2021,ASIA,IN,Madhya Pradesh,,21.715522,79.304146,,
3887846295,,Male,Adult,,2021,2021,ASIA,IN,Maharashtra,,20.26666,79.4,,
3887846294,,Male,Subadult,,2021-03,2021,ASIA,IN,Maharashtra,,20.26666,79.4,,
3887846293,,Male,Adult,,2013,2013,ASIA,IN,Bihar,,27.414716,84.138352,,
3887846292,,Male,Adult,,2021,2021,ASIA,IN,Maharashtra,,20.26666,79.4,,
3887846291,,Male,Adult,,2021,2021,ASIA,IN,Madhya Pradesh,,21.787958,79.327297,,
3887846290,,Female,Adult,,2021,2021,ASIA,IN,Madhya Pradesh,,21.715522,79.304146,,
3887846289,,,Juvenile,,2021,2021,ASIA,IN,Maharashtra,,20.26666,79.4,,
3887846288,,Male,Adult,,2021-04,2021,ASIA,IN,Maharashtra,,20.845175,79.601912,,
3887846287,,Female,Adult,,2021-04-07,2021,ASIA,IN,Maharashtra,,21.65602,79.348918,,
3887846286,,Male,Adult,,2020,2020,ASIA,IN,Maharashtra,,20.866916,79.475257,,
3887846285,,,Juvenile,,2021,2021,ASIA,IN,Maharashtra,,20.26666,79.4,,
3887846284,,Male,Adult,,2021,2021,ASIA,IN,Maharashtra,,21.588748,79.277444,,
3887846283,,Female,Adult,,2019-12-04,2019,ASIA,IN,Maharashtra,,20.866916,79.475257,,
3887846282,,,Adult,,2021,2021,ASIA,IN,Maharashtra,,20.394272,79.262648,,
3887846281,,Female,Adult,,2015,2015,ASIA,IN,Maharashtra,,20.845175,79.601912,,
3887846280,,Male,Adult,,2020-12,2020,ASIA,IN,Maharashtra,,20.866916,79.475257,,
3887846279,,Female,Adult,,2021-04-07,2021,ASIA,IN,Maharashtra,,21.65602,79.348918,,
3887846278,,Female,Adult,,2020,2020,ASIA,IN,Maharashtra,,20.866916,79.475257,,
3887846277,,,Subadult,,2021-04-07,2021,ASIA,IN,Maharashtra,,21.65602,79.348918,,
3887846276,,Female,Adult,,2021-04,2021,ASIA,IN,Maharashtra,,20.26666,79.4,,
3887846275,,,Juvenile,,2021-04,2021,ASIA,IN,Maharashtra,,20.26666,79.4,,
3887846274,,,Juvenile,,2015,2015,ASIA,IN,Maharashtra,,20.845175,79.601912,,
3887846273,,,Adult,,2021,2021,ASIA,IN,Maharashtra,,20.26666,79.4,,
3887846272,,Female,Adult,,2021,2021,ASIA,IN,Madhya Pradesh,,21.715522,79.304146,,
3887846271,,Female,Adult,,2021,2021,ASIA,IN,Maharashtra,,20.845175,79.601912,,
3887846270,,Female,Adult,,2021-03-21,2021,ASIA,IN,Maharashtra,,21.65602,79.348918,,
3887846269,,,Juvenile,,2021-04,2021,ASIA,IN,Maharashtra,,20.26666,79.4,,
3887846268,,Male,Subadult,,2021,2021,ASIA,IN,Maharashtra,,20.26666,79.4,,
3887846267,,Male,Subadult,,2021-01,2021,ASIA,IN,Maharashtra,,20.845175,79.601912,,
3887846266,,Female,Adult,,2021,2021,ASIA,IN,Madhya Pradesh,,21.715522,79.304146,,
3887846265,,Male,Adult,,2020-12,2020,ASIA,IN,Maharashtra,,20.866916,79.475257,,
3887846264,,Male,Adult,,2021,2021,ASIA,IN,Madhya Pradesh,,21.715522,79.304146,,
3887846263,,,Juvenile,,2021,2021,ASIA,IN,Maharashtra,,20.26666,79.4,,
3887846262,,,Juvenile,,2021,2021,ASIA,IN,Maharashtra,,20.26666,79.4,,
3887846261,,Male,Adult,,2021,2021,ASIA,IN,Maharashtra,,21.65602,79.348918,,
3887846260,,Male,Subadult,,2021,2021,ASIA,IN,Madhya Pradesh,,23.722092,81.017718,,
3887846259,,Female,Adult,,2021-03-12,2021,ASIA,IN,Maharashtra,,20.866916,79.475257,,
3887846258,,Female,Adult,,2021-03,2021,ASIA,IN,Maharashtra,,20.845175,79.601912,,
3887846257,,Female,Adult,,2021-02,2021,ASIA,IN,Maharashtra,,20.845175,79.601912,,
3887846256,,,Juvenile,,2021-04,2021,ASIA,IN,Madhya Pradesh,,23.722092,81.017718,,
3887846255,,Female,Adult,,2021,2021,ASIA,IN,Maharashtra,,21.65602,79.348918,,
3887846254,,,Subadult,,2021,2021,ASIA,IN,Maharashtra,,21.65602,79.348918,,
3887846253,,Female,Adult,,2015-05,2015,ASIA,IN,Maharashtra,,20.866916,79.475257,,
3887846252,,Female,Adult,,2021-03,2021,ASIA,IN,Maharashtra,,20.845175,79.601912,,
3887846251,,,Juvenile,,2021-04,2021,ASIA,IN,Madhya Pradesh,,23.722092,81.017718,,
3887846250,,Female,Adult,,2021-04,2021,ASIA,IN,Maharashtra,,21.65602,79.348918,,
3887846249,,,Subadult,,2019-02,2019,ASIA,IN,Madhya Pradesh,,23.722092,81.017718,,
3887846248,,,Subadult,,2019-02,2019,ASIA,IN,Madhya Pradesh,,23.722092,81.017718,,
3887846247,,,Subadult,,2015-05,2015,ASIA,IN,Maharashtra,,20.866916,79.475257,,
3887846246,,,Subadult,,2015-05,2015,ASIA,IN,Maharashtra,,20.866916,79.475257,,
3887846245,,Female,Adult,,2021-04,2021,ASIA,IN,Maharashtra,,21.65602,79.348918,,
3887846244,,Male,Subadult,,2021-04,2021,ASIA,IN,Madhya Pradesh,,23.722092,81.017718,,
3887846243,,Female,Adult,,2021,2021,ASIA,IN,Madhya Pradesh,,23.725068,81.023449,,
3887846242,,Female,Subadult,,2021-04-07,2021,ASIA,IN,Maharashtra,,21.65602,79.348918,,
3887846241,,Female,Adult,,2021-04-05,2021,ASIA,IN,Maharashtra,,21.649522,79.245115,,
3887846240,,Female,Adult,,2021,2021,ASIA,IN,Madhya Pradesh,,23.722092,81.017718,,
3887846239,,,Adult,,2017,2017,ASIA,IN,Maharashtra,,20.866916,79.475257,,
3887846238,,Female,Subadult,,2021-04-07,2021,ASIA,IN,Maharashtra,,21.65602,79.348918,,
3887846237,,,Juvenile,,2015,2015,ASIA,IN,Maharashtra,,20.845175,79.601912,,
3887846236,,,Subadult,,2021,2021,ASIA,IN,Maharashtra,,21.65602,79.348918,,
3887846235,,Female,Adult,,2021,2021,ASIA,IN,Maharashtra,,20.845175,79.601912,,
3887846234,,,Juvenile,,2021-04,2021,ASIA,IN,Madhya Pradesh,,23.722092,81.017718,,
3887846233,,Female,Adult,,2021,2021,ASIA,IN,Maharashtra,,21.65602,79.348918,,
3887846232,,Female,Adult,,2021,2021,ASIA,IN,Madhya Pradesh,,23.722092,81.017718,,
3887846231,,,Subadult,,2021,2021,ASIA,IN,Madhya Pradesh,,21.715522,79.304146,,
3887846230,,Male,Adult,,2021-02,2021,ASIA,IN,Maharashtra,,20.866916,79.475257,,
3887846229,,Female,Adult,,2021,2021,ASIA,IN,Madhya Pradesh,,21.715522,79.304146,,
3887846228,,,Juvenile,,2021-03,2021,ASIA,IN,Maharashtra,,20.866916,79.475257,,
3887846227,,Female,Adult,,2021,2021,ASIA,IN,Madhya Pradesh,,23.722092,81.017718,,
3887846226,,Female,Adult,,2021,2021,ASIA,IN,Maharashtra,,21.65602,79.348918,,
3887846225,,,Adult,,2021-04,2021,ASIA,IN,Maharashtra,,21.65602,79.348918,,
3887846224,,Female,Adult,,2021-03,2021,ASIA,IN,Maharashtra,,20.866916,79.475257,,
3887846223,,,Juvenile,,2021-03,2021,ASIA,IN,Maharashtra,,20.866916,79.475257,,
3887846222,,Male,Adult,,2021,2021,ASIA,IN,Madhya Pradesh,,23.72209,81.017718,,
3887846221,,Female,Adult,,2021,2021,ASIA,IN,Madhya Pradesh,,23.72209,81.017718,,
3887846220,,,Subadult,,2021,2021,ASIA,IN,Madhya Pradesh,,23.72209,81.017718,,
3887846219,,,Juvenile,,2021-03,2021,ASIA,IN,Maharashtra,,20.866916,79.475257,,
3887846218,,,Juvenile,,2021-03,2021,ASIA,IN,Maharashtra,,20.866916,79.475257,,
3887846217,,,Subadult,,2021,2021,ASIA,IN,Madhya Pradesh,,23.72209,81.017718,,
3887846216,,Female,Adult,,2021-04,2021,ASIA,IN,Maharashtra,,21.65602,79.348918,,
3887846215,,Female,Adult,,2021,2021,ASIA,IN,Madhya Pradesh,,23.72209,81.017718,,
3887846214,,Male,Adult,,2021,2021,ASIA,IN,Maharashtra,,20.866916,79.475257,,
3887846213,,,Subadult,,2021,2021,ASIA,IN,Madhya Pradesh,,21.649522,79.245115,,
3887846212,,,Subadult,,2021,2021,ASIA,IN,Madhya Pradesh,,21.715522,79.304146,,
3887846211,,Female,Adult,,2020-06,2020,ASIA,IN,Madhya Pradesh,,23.722092,81.017718,,
3887846210,,Female,Adult,,2021,2021,ASIA,IN,Madhya Pradesh,,21.715522,79.304146,,
3887846209,,Male,Adult,,2021-01,2021,ASIA,IN,Maharashtra,,20.866916,79.475257,,
3887846208,,Male,Adult,,2021-03,2021,ASIA,IN,Maharashtra,,20.866916,79.475257,,
3887846207,,Male,Adult,,2021,2021,ASIA,IN,Madhya Pradesh,,23.722092,81.017718,,
3887846206,,Female,Adult,,2021-04,2021,ASIA,IN,Maharashtra,,21.65602,79.348918,,
3887846205,,Female,Adult,,2021-04-05,2021,ASIA,IN,Madhya Pradesh,,21.715522,79.304146,,
3887846204,,Male,Adult,,2021-03,2021,ASIA,IN,Maharashtra,,20.866916,79.475257,,
3887846203,,,Subadult,,2021-04,2021,ASIA,IN,Madhya Pradesh,,23.722092,81.017718,,
3887846202,,Female,Adult,,2021-03,2021,ASIA,IN,Maharashtra,,20.866916,79.475257,,
3887846201,,,Subadult,,2020-03,2020,ASIA,IN,Madhya Pradesh,,21.715522,79.304146,,
3887846200,,,Juvenile,,2021-06-03,2021,ASIA,IN,Madhya Pradesh,,23.72209,81.017718,,
3887846199,,Female,Adult,,2021,2021,ASIA,IN,Maharashtra,,21.65602,79.348918,,
3887846198,,Male,Adult,,2021-04,2021,ASIA,IN,Maharashtra,,20.866916,79.475257,,
3887846197,,Female,Adult,,2019-06,2019,ASIA,IN,Madhya Pradesh,,23.725068,81.023449,,
3887846196,,,Juvenile,,2021,2021,ASIA,IN,Maharashtra,,20.866916,79.475257,,
3887846195,,Female,Adult,,2021-03,2021,ASIA,IN,Maharashtra,,20.845175,79.601912,,
3887846194,,,Juvenile,,2021,2021,ASIA,IN,Maharashtra,,20.866916,79.475257,,
3887846193,,,Subadult,,2021,2021,ASIA,IN,Madhya Pradesh,,23.722092,81.017718,,
3887846192,,Male,Juvenile,,2021-06-03,2021,ASIA,IN,Madhya Pradesh,,23.722092,81.017718,,
3887846191,,Male,Adult,,2013-12,2013,ASIA,IN,Maharashtra,,21.715522,79.304146,,
3887846190,,,Adult,,2019-06,2019,ASIA,IN,Madhya Pradesh,,23.722092,81.017718,,
3887846189,,Male,Subadult,,2021-04-05,2021,ASIA,IN,Madhya Pradesh,,23.722092,81.017718,,
3887846188,,Female,Adult,,2019-04,2019,ASIA,IN,Maharashtra,,21.65602,79.348918,,
3887846187,,,Subadult,,2021-04,2021,ASIA,IN,Maharashtra,,21.715522,79.304146,,
3887846186,,Female,Adult,,2021,2021,ASIA,IN,Maharashtra,,20.866916,79.475257,,
3887846185,,Female,Adult,,2021-04,2021,ASIA,IN,Maharashtra,,21.715522,79.304146,,
3887846184,,,Adult,,2021,2021,ASIA,IN,Madhya Pradesh,,23.72209,81.017718,,
3887846183,,,Juvenile,,2021-03,2021,ASIA,IN,Maharashtra,,20.866916,79.475257,,
3887846182,,,Adult,,2021-04,2021,ASIA,IN,Maharashtra,,21.588748,79.277444,,
3887846181,,Male,Adult,,2021-03,2021,ASIA,IN,Maharashtra,,20.845175,79.601912,,
3887846180,,Male,Adult,,2020-10,2020,ASIA,IN,Maharashtra,,21.588748,79.277444,,
3887846179,,Male,Adult,,2021-06-01,2021,ASIA,IN,Madhya Pradesh,,23.72209,81.017718,,
3887846178,,Female,Adult,,2021-03,2021,ASIA,IN,Maharashtra,,20.866916,79.475257,,
3887846177,,Female,Adult,,2021-06-03,2021,ASIA,IN,Madhya Pradesh,,23.72209,81.017718,,
3887846176,,Female,Adult,,2021,2021,ASIA,IN,Madhya Pradesh,,21.649522,79.245115,,
3887846175,,Male,Adult,,2021,2021,ASIA,IN,Maharashtra,,20.866916,79.475257,,
3887846174,,Female,Adult,,2021-06-03,2021,ASIA,IN,Madhya Pradesh,,23.72209,81.017718,,
3887846173,,Female,Adult,,2021,2021,ASIA,IN,Madhya Pradesh,,23.722092,81.017718,,
3887846172,,,,,2021,2021,ASIA,IN,Maharashtra,,21.65602,79.348918,,
3887846171,,,Adult,,2021,2021,ASIA,IN,Maharashtra,,20.866916,79.475257,,
3887846170,,,Subadult,,2021,2021,ASIA,IN,Madhya Pradesh,,21.715522,79.304146,,
3887846169,,,Adult,,2021,2021,ASIA,IN,Madhya Pradesh,,23.722092,81.017718,,
3887846168,,,Subadult,,2021,2021,ASIA,IN,Madhya Pradesh,,21.715522,79.304146,,
3887846167,,,Juvenile,,2021-06-07,2021,ASIA,IN,Madhya Pradesh,,23.699079,80.976048,,
3887846166,,Male,Adult,,2020-02,2020,ASIA,IN,Maharashtra,,20.866916,79.475257,,
3887846165,,,Juvenile,,2021,2021,ASIA,IN,Maharashtra,,20.866916,79.475257,,
3887846164,,Male,Adult,,2021,2021,ASIA,IN,Madhya Pradesh,,23.722092,81.017718,,
3887846163,,,Adult,,2021,2021,ASIA,IN,Madhya Pradesh,,23.722092,81.017718,,
3887846162,,Female,Adult,,2021,2021,ASIA,IN,Maharashtra,,21.65602,79.348918,,
3887846161,,,Juvenile,,2021,2021,ASIA,IN,Maharashtra,,20.866916,79.475257,,
3887846160,,Male,Adult,,2021,2021,ASIA,IN,Maharashtra,,21.715522,79.304146,,
3887846159,,Female,Adult,,2021,2021,ASIA,IN,Maharashtra,,21.65602,79.348918,,
3887846158,,Female,Adult,,2021-04,2021,ASIA,IN,Maharashtra,,20.845175,79.601912,,
3887846157,,Male,Subadult,,2021-06-04,2021,ASIA,IN,Madhya Pradesh,,23.722092,81.017718,,
3887846156,,,Adult,,2021,2021,ASIA,IN,Madhya Pradesh,,21.715522,79.304146,,
3887846155,,Female,Adult,,2021,2021,ASIA,IN,Maharashtra,,20.866916,79.475257,,
3887846154,,Male,Adult,,2020-10,2020,ASIA,IN,Maharashtra,,21.588748,79.277444,,
3887846153,,Female,Adult,,2021-06-04,2021,ASIA,IN,Madhya Pradesh,,23.722092,81.017718,,
3887846152,,Male,Adult,,2021,2021,ASIA,IN,Maharashtra,,21.715522,79.304146,,
3887846151,,,Juvenile,,2021-04,2021,ASIA,IN,Maharashtra,,20.845175,79.601912,,
3887846150,,,Adult,,2021,2021,ASIA,IN,Madhya Pradesh,,23.722092,81.017718,,
3887846149,,,Juvenile,,2021-04,2021,ASIA,IN,Maharashtra,,20.845175,79.601912,,
3887846148,,Male,Adult,,2021-06-04,2021,ASIA,IN,Madhya Pradesh,,23.722092,81.017718,,
3887846147,,,Juvenile,,2021-04,2021,ASIA,IN,Maharashtra,,20.845175,79.601912,,
3887846146,,Female,Adult,,2021,2021,ASIA,IN,Madhya Pradesh,,21.715522,79.304146,,
3887846145,,,Juvenile,,2021-04,2021,ASIA,IN,Maharashtra,,20.845175,79.601912,,
3887846144,,,Subadult,,2021,2021,ASIA,IN,Madhya Pradesh,,21.715522,79.304146,,
3887846143,,,Juvenile,,2021-04,2021,ASIA,IN,Maharashtra,,20.866916,79.475257,,
3887846142,,Female,Adult,,2021,2021,ASIA,IN,Madhya Pradesh,,23.722092,81.017718,,
3887846141,,Female,Adult,,2021,2021,ASIA,IN,Madhya Pradesh,,23.722092,81.017718,,
3887846140,,Female,Adult,,2021-03,2021,ASIA,IN,Madhya Pradesh,,21.715522,79.304146,,
3887846139,,Female,Subadult,,2018-01,2018,ASIA,IN,Madhya Pradesh,,23.722092,81.017718,,
3887846138,,Female,Adult,,2021-06,2021,ASIA,IN,Madhya Pradesh,,23.722092,81.017718,,
3887846137,,,Juvenile,,2021-04,2021,ASIA,IN,Maharashtra,,20.866916,79.475257,,
3887846136,,,,,2021,2021,ASIA,IN,Madhya Pradesh,,21.715522,79.304146,,
3887846135,,,Juvenile,,2021,2021,ASIA,IN,Maharashtra,,20.845175,79.601912,,
3887846134,,Female,Adult,,2021,2021,ASIA,IN,Maharashtra,,20.845175,79.601912,,
3887846133,,,Juvenile,,2021-06,2021,ASIA,IN,Madhya Pradesh,,23.722092,81.017718,,
3887846132,,,Juvenile,,2019-05,2019,ASIA,IN,Madhya Pradesh,,23.722092,81.017718,,
3887846131,,Female,Adult,,2021,2021,ASIA,IN,Maharashtra,,21.588748,79.277444,,
3887846130,,Female,Adult,,2019,2019,ASIA,IN,Madhya Pradesh,,21.740573,79.334861,,
3887846129,,Female,Adult,,2021,2021,ASIA,IN,Madhya Pradesh,,21.715522,79.304146,,
3887846128,,,Juvenile,,2021,2021,ASIA,IN,Maharashtra,,20.845175,79.601912,,
3887846127,,,Juvenile,,2019-05,2019,ASIA,IN,Madhya Pradesh,,23.722092,81.017718,,
3887846126,,Female,Adult,,2021,2021,ASIA,IN,Maharashtra,,21.715522,79.304146,,
3887846125,,Female,Adult,,2021,2021,ASIA,IN,Madhya Pradesh,,23.725068,81.023449,,
3887846124,,,Juvenile,,2021,2021,ASIA,IN,Maharashtra,,20.845175,79.601912,,
3887846123,,Male,Adult,,2021,2021,ASIA,IN,Maharashtra,,20.866916,79.475257,,
3887846122,,Female,Adult,,2021,2021,ASIA,IN,Madhya Pradesh,,21.715522,79.304146,,
3887846121,,Female,Adult,,2020-11,2020,ASIA,IN,Madhya Pradesh,,23.722092,81.017718,,
3887846120,,Female,Adult,,2021,2021,ASIA,IN,Madhya Pradesh,,21.715522,79.304146,,
3887846119,,,Juvenile,,2021,2021,ASIA,IN,Maharashtra,,20.845175,79.601912,,
3887846118,,,Juvenile,,2021-04,2021,ASIA,IN,Maharashtra,,20.866916,79.475257,,
3887846117,,Female,Adult,,2021,2021,ASIA,IN,Madhya Pradesh,,23.722092,81.017718,,
3887846116,,Female,Adult,,2021,2021,ASIA,IN,Maharashtra,,21.65602,79.348918,,
3887846115,,Female,Adult,,2021,2021,ASIA,IN,Madhya Pradesh,,21.715522,79.304146,,
3887846114,,,Juvenile,,2021,2021,ASIA,IN,Madhya Pradesh,,23.722092,81.017718,,
3887846113,,,Juvenile,,2021-04,2021,ASIA,IN,Maharashtra,,20.866916,79.475257,,
3887846112,,Male,Adult,,2020-02,2020,ASIA,IN,Maharashtra,,20.866916,79.475257,,
3887846111,,Female,Adult,,2021-06-03,2021,ASIA,IN,Madhya Pradesh,,23.722092,81.017718,,
3887846110,,,Juvenile,,2021-06-03,2021,ASIA,IN,Madhya Pradesh,,23.722092,81.017718,,
3887846109,,Male,Adult,,2020-02,2020,ASIA,IN,Maharashtra,,20.866916,79.475257,,
3887846108,,,Juvenile,,2021-06,2021,ASIA,IN,Madhya Pradesh,,23.722092,81.017718,,
3887846107,,,Juvenile,,2021-06-03,2021,ASIA,IN,Madhya Pradesh,,23.722092,81.017718,,
3887846106,,,Juvenile,,2021-06,2021,ASIA,IN,Madhya Pradesh,,23.722092,81.017718,,
3887846105,,,Juvenile,,2021-04,2021,ASIA,IN,Maharashtra,,20.866916,79.475257,,
3887846104,,,Juvenile,,2021,2021,ASIA,IN,Maharashtra,,20.866916,79.475257,,
3887846103,,Male,Adult,,2021-06-04,2021,ASIA,IN,Madhya Pradesh,,23.722092,81.017718,,
3887846102,,,Subadult,,2021,2021,ASIA,IN,Maharashtra,,20.866916,79.475257,,
3887846101,,,Juvenile,,2021,2021,ASIA,IN,Maharashtra,,20.866916,79.475257,,
3887846100,,Male,Juvenile,,2021,2021,ASIA,IN,Madhya Pradesh,,23.722092,81.017718,,
3887846099,,Male,Adult,,2021-04,2021,ASIA,IN,Maharashtra,,20.845175,79.601912,,
3887846098,,,Subadult,,2021,2021,ASIA,IN,Maharashtra,,20.866916,79.475257,,
3887846097,,Female,Adult,,2021-06,2021,ASIA,IN,Madhya Pradesh,,23.699079,80.976048,,
3887846096,,Male,Juvenile,,2021,2021,ASIA,IN,Madhya Pradesh,,23.722092,81.017718,,
3887846095,,,Juvenile,,2021-06,2021,ASIA,IN,Madhya Pradesh,,23.699079,80.976048,,
3887846094,,Female,Adult,,2018,2018,ASIA,IN,Maharashtra,,21.715522,79.304146,,
3887846093,,Female,Adult,,2021,2021,ASIA,IN,Madhya Pradesh,,23.22092,81.017718,,
3887846092,,,Juvenile,,2021-04,2021,ASIA,IN,Maharashtra,,20.866916,79.475257,,
3887846091,,Male,Adult,,2021,2021,ASIA,IN,Madhya Pradesh,,21.82542,79.31864,,
3887846090,,Male,Adult,,2020-12,2020,ASIA,IN,Maharashtra,,20.866916,79.475257,,
3887846089,,Female,Adult,,2008-10,2008,ASIA,IN,Madhya Pradesh,,23.722092,81.017718,,
3887846088,,Male,Adult,,2021,2021,ASIA,IN,Madhya Pradesh,,23.722092,81.017718,,
3887846087,,Female,Subadult,,2017,2017,ASIA,IN,Madhya Pradesh,,21.715522,79.304146,,
3887846086,,,Juvenile,,2021-03,2021,ASIA,IN,Madhya Pradesh,,23.722092,81.017718,,
3887846085,,,Juvenile,,2021-03,2021,ASIA,IN,Madhya Pradesh,,23.722092,81.017718,,
3887846084,,Female,Adult,,2019-01,2019,ASIA,IN,Madhya Pradesh,,21.715522,79.304146,,
3887846083,,,Juvenile,,2021-03,2021,ASIA,IN,Madhya Pradesh,,23.722092,81.017718,,
3887846082,,Male,Adult,,2017-12,2017,ASIA,IN,Maharashtra,,21.715522,79.304146,,
3887846081,,Female,Adult,,2021,2021,ASIA,IN,Madhya Pradesh,,21.715522,79.304146,,
3887846080,,Male,Subadult,,2020,2020,ASIA,IN,Madhya Pradesh,,23.722092,81.017718,,
3887846079,,,Adult,,2021-03-06,2021,ASIA,IN,Madhya Pradesh,,21.715522,79.304146,,
3887846078,,,Juvenile,,2021-03,2021,ASIA,IN,Madhya Pradesh,,23.722092,81.017718,,
3887846077,,,Juvenile,,2019-01,2019,ASIA,IN,Madhya Pradesh,,21.715522,79.304146,,
3887846076,,Male,Adult,,2021,2021,ASIA,IN,Madhya Pradesh,,23.722092,81.017718,,
3887846075,,Male,Adult,,2021,2021,ASIA,IN,Madhya Pradesh,,23.22092,81.017718,,
3887846074,,,Adult,,2021-03-06,2021,ASIA,IN,Madhya Pradesh,,21.715522,79.304146,,
3887846073,,,Adult,,2021-04-20,2021,ASIA,IN,Madhya Pradesh,,23.722092,81.017718,,
3887846072,,Male,Adult,,2021,2021,ASIA,IN,Madhya Pradesh,,23.22092,81.017718,,
3887846071,,Male,Adult,,2021,2021,ASIA,IN,Madhya Pradesh,,23.722092,81.017718,,
3887846070,,,,,2021-03-06,2021,ASIA,IN,Madhya Pradesh,,21.715522,79.304146,,
3887846069,,,Adult,,2019-06,2019,ASIA,IN,Madhya Pradesh,,23.722092,81.017718,,
3887846068,,Male,Adult,,2021-04,2021,ASIA,IN,Madhya Pradesh,,23.722092,81.017718,,
3887846067,,,Adult,,2021,2021,ASIA,IN,Madhya Pradesh,,23.722092,81.017718,,
3887846066,,Female,Adult,,2021,2021,ASIA,IN,Madhya Pradesh,,23.722092,81.017718,,
3887846065,,,Subadult,,2021,2021,ASIA,IN,Madhya Pradesh,,23.722092,81.017718,,
3887846064,,Female,Adult,,2021,2021,ASIA,IN,Madhya Pradesh,,23.722092,81.017718,,
3887846063,,,Subadult,,2021,2021,ASIA,IN,Madhya Pradesh,,23.722092,81.017718,,
3887846062,,Male,Adult,,2021,2021,ASIA,IN,Madhya Pradesh,,23.722092,81.017718,,
3887846061,,,Adult,,2021,2021,ASIA,IN,Madhya Pradesh,,23.722092,81.017718,,
3887846060,,,Adult,,2021,2021,ASIA,IN,Madhya Pradesh,,23.722092,81.017718,,
3887846059,,,Adult,,2019-06,2019,ASIA,IN,Madhya Pradesh,,23.722092,81.017718,,
3887846058,,Female,Adult,,2016,2016,ASIA,IN,Madhya Pradesh,,23.722092,81.017718,,
3887846057,,,Adult,,2019,2019,ASIA,IN,Madhya Pradesh,,23.722092,81.017718,,
3887846056,,Female,Adult,,2021,2021,ASIA,IN,Madhya Pradesh,,23.725068,81.023449,,
3887846055,,Male,Adult,,2019-04,2019,ASIA,IN,Madhya Pradesh,,23.722092,81.017718,,
3887846054,,Male,Adult,,2021-04,2021,ASIA,IN,Madhya Pradesh,,23.722092,81.017718,,
3887846053,,Male,Adult,,2019,2019,ASIA,IN,Madhya Pradesh,,23.722092,81.017718,,
3887846052,,Male,Adult,,2021,2021,ASIA,IN,Madhya Pradesh,,23.722092,81.017718,,
3887846051,,Female,Adult,,2021-04,2021,ASIA,IN,Madhya Pradesh,,23.722092,81.017718,,
3887846050,,Male,Adult,,2019,2019,ASIA,IN,Madhya Pradesh,,23.722092,81.017718,,
3887846049,,,Adult,,2019-06,2019,ASIA,IN,Madhya Pradesh,,23.722092,81.017718,,
3887846048,,,Adult,,2021,2021,ASIA,IN,Madhya Pradesh,,23.722092,81.017718,,
3887846047,,Female,Adult,,2010-12,2010,ASIA,IN,Madhya Pradesh,,23.725068,81.023449,,
3887846046,,Female,Adult,,2021-02,2021,ASIA,IN,Madhya Pradesh,,23.722092,81.017718,,
3887846045,,Female,Adult,,2021,2021,ASIA,IN,Madhya Pradesh,,23.722092,81.017718,,
3887846044,,,Adult,,2019-06,2019,ASIA,IN,Madhya Pradesh,,23.722092,81.017718,,
3887846043,,,Adult,,2021,2021,ASIA,IN,Madhya Pradesh,,23.722092,81.017718,,
3887846042,,Female,Adult,,2017,2017,ASIA,IN,Madhya Pradesh,,23.722092,81.017718,,
3887846041,,Female,Subadult,,2021,2021,ASIA,IN,Madhya Pradesh,,23.722092,81.017718,,
3887846040,,,Subadult,,2019-04,2019,ASIA,IN,Madhya Pradesh,,23.722092,81.017718,,
3887846039,,Female,Adult,,2021,2021,ASIA,IN,Madhya Pradesh,,23.722092,81.017718,,
3887846038,,Male,Subadult,,2021-04,2021,ASIA,IN,Madhya Pradesh,,23.722092,81.017718,,
3887846037,,Male,Adult,,2019-04,2019,ASIA,IN,Madhya Pradesh,,23.722092,81.017718,,
3887846036,,Male,Adult,,2019-04,2019,ASIA,IN,Madhya Pradesh,,23.722092,81.017718,,
3887846035,,,Adult,,2020-02,2020,ASIA,IN,Madhya Pradesh,,23.722092,81.017718,,
3887846034,,Male,Adult,,2021,2021,ASIA,IN,Madhya Pradesh,,23.722092,81.017718,,
3887846033,,Female,Adult,,2021-02,2021,ASIA,IN,Madhya Pradesh,,23.722092,81.017718,,
3887846032,,Female,Adult,,2021,2021,ASIA,IN,Madhya Pradesh,,23.722092,81.017718,,
3887846031,,Male,Adult,,2021,2021,ASIA,IN,Madhya Pradesh,,23.722092,81.017718,,
3887846030,,Male,Adult,,2021-04,2021,ASIA,IN,Madhya Pradesh,,23.722092,81.017718,,
3887846029,,Male,Adult,,2012,2012,ASIA,IN,Madhya Pradesh,,23.722092,81.017718,,
3887846028,,Female,Subadult,,2017,2017,ASIA,IN,Madhya Pradesh,,23.725068,81.023449,,
3887846027,,Male,Subadult,,2020,2020,ASIA,IN,Madhya Pradesh,,23.722092,81.017718,,
3887846026,,Female,Adult,,2021,2021,ASIA,IN,Madhya Pradesh,,23.722092,81.017718,,
3887846025,,Male,Subadult,,2021,2021,ASIA,IN,Maharashtra,,20.26666,79.4,,
3887846024,,Male,Adult,,2021-04,2021,ASIA,IN,Madhya Pradesh,,23.722092,81.017718,,
3887846023,,,Juvenile,,2021-04,2021,ASIA,IN,Madhya Pradesh,,23.722092,81.017718,,
3887846022,,Female,Adult,,2019,2019,ASIA,IN,Madhya Pradesh,,23.722092,81.017718,,
3887846021,,Male,Adult,,2021-02,2021,ASIA,IN,Maharashtra,,20.26666,79.4,,
3887846020,,Female,Adult,,2021-07,2021,ASIA,IN,Maharashtra,,20.298737,79.479268,,
3887846019,,Male,Adult,,2019-01,2019,ASIA,IN,West Bengal,,21.904322,88.867629,,
3887846018,,Female,Subadult,,2021,2021,ASIA,IN,Maharashtra,,20.26666,79.4,,
3887846017,,Female,Adult,,2019,2019,ASIA,IN,West Bengal,,21.904322,88.867629,,
3887846016,,Female,Adult,,2018-12,2018,ASIA,IN,West Bengal,,21.904322,88.867629,,
3887846015,,Male,Adult,,2021-01-16,2021,ASIA,IN,West Bengal,,21.904322,88.867629,,
3887846014,,,Adult,,2020-12,2020,ASIA,IN,West Bengal,,21.904322,88.867629,,
3887846013,,Female,Adult,,2020-12-25,2020,ASIA,IN,West Bengal,,21.904322,88.867629,,
3887846012,,Female,Adult,,2019-12-06,2019,ASIA,IN,West Bengal,,21.904322,88.867629,,
3887846011,,Female,Adult,,2021,2021,ASIA,IN,West Bengal,,21.904322,88.867629,,
3887846010,,Male,Adult,,2020-11-20,2020,ASIA,IN,West Bengal,,21.904322,88.867629,,
3887846009,,Female,,,2021-01-03,2021,ASIA,IN,West Bengal,,21.904322,88.867629,,
3887846008,,Female,Adult,,2020-12,2020,ASIA,IN,West Bengal,,21.904322,88.867629,,
3887846007,,,,,2019-02-02,2019,ASIA,IN,West Bengal,,21.904322,88.867629,,
3887846006,,Male,Adult,,2019-03,2019,ASIA,IN,West Bengal,,21.904322,88.867629,,
3887846005,,Female,Adult,,2020-12,2020,ASIA,IN,West Bengal,,21.904322,88.867629,,
3887846004,,,,,2019,2019,ASIA,IN,West Bengal,,21.904322,88.867629,,
3887846003,,Male,Adult,,2020-11-20,2020,ASIA,IN,West Bengal,,21.904322,88.867629,,
3887846002,,,Adult,,2020-12,2020,ASIA,IN,West Bengal,,21.904322,88.867629,,
3887846001,,Male,Adult,,2020,2020,ASIA,IN,West Bengal,,21.904322,88.867629,,
3887846000,,,Subadult,,2020,2020,ASIA,IN,West Bengal,,21.904322,88.867629,,
3887845999,,Male,Adult,,2019-07-29,2019,ASIA,IN,West Bengal,,21.904322,88.867629,,
3887845998,,Female,Adult,,2020-12,2020,ASIA,IN,West Bengal,,21.904322,88.867629,,
3887845997,,Male,Adult,,2019-07,2019,ASIA,IN,West Bengal,,21.904322,88.867629,,
3887845996,,Male,Adult,,2020,2020,ASIA,IN,West Bengal,,21.904322,88.867629,,
3887845995,,Male,Adult,,2018-02,2018,ASIA,IN,West Bengal,,21.904322,88.867629,,
3887845994,,,Subadult,,2020-12,2020,ASIA,IN,West Bengal,,21.904322,88.867629,,
3887845993,,,Subadult,,2020-12,2020,ASIA,IN,West Bengal,,21.904322,88.867629,,
3887845992,,,Adult,,2020,2020,ASIA,IN,West Bengal,,21.997826,88.822402,,
3887845991,,Female,Adult,,2020,2020,ASIA,IN,West Bengal,,21.904322,88.867629,,
3887845990,,Female,Adult,,2020,2020,ASIA,IN,West Bengal,,22.069247,88.828038,,
3887845989,,Female,Adult,,2019-12-06,2019,ASIA,IN,West Bengal,,22.069247,88.828038,,
3887845988,,Male,Adult,,2021-01,2021,ASIA,IN,West Bengal,,21.904322,88.867629,,
3887845987,,Female,Adult,,2019-12,2019,ASIA,IN,West Bengal,,21.904322,88.867629,,
3887845986,,Female,Adult,,2021,2021,ASIA,IN,West Bengal,,22.107393,88.818755,,
3887845985,,,Adult,,2021-01,2021,ASIA,IN,West Bengal,,21.904322,88.867629,,
3887845984,,,Subadult,,2021-01,2021,ASIA,IN,West Bengal,,21.904322,88.867629,,
3887845983,,Male,Adult,,2021-01-16,2021,ASIA,IN,West Bengal,,21.904322,88.867629,,
3887845982,,,Adult,,2021-01-02,2021,ASIA,IN,West Bengal,,21.904322,88.867629,,
3887845981,,,Subadult,,2020-12,2020,ASIA,IN,West Bengal,,21.904322,88.867629,,
3887845980,,Male,Subadult,,2020-12,2020,ASIA,IN,West Bengal,,21.904322,88.867629,,
3887845979,,Male,Adult,,2020-12-31,2020,ASIA,IN,West Bengal,,21.904322,88.867629,,
3887845978,,Female,Adult,,2020-12,2020,ASIA,IN,West Bengal,,21.904322,88.867629,,
3887845977,,Male,Adult,,2020-12,2020,ASIA,IN,West Bengal,,21.904322,88.867629,,
3887845976,,Male,Subadult,,2020,2020,ASIA,IN,West Bengal,,21.904322,88.867629,,
3887845975,,Male,Adult,,2020-12-17,2020,ASIA,IN,West Bengal,,21.904322,88.867629,,
3887845974,,Male,Adult,,2020,2020,ASIA,IN,West Bengal,,21.904322,88.867629,,
3887845973,,Male,Subadult,,2021-04-15,2021,ASIA,IN,Madhya Pradesh,,21.939914,80.642733,,
3887845972,,,Subadult,,2020,2020,ASIA,IN,West Bengal,,21.904322,88.867629,,
3887845971,,Male,Adult,,2020-12,2020,ASIA,IN,West Bengal,,21.904322,88.867629,,
3887845970,,,Adult,,2020,2020,ASIA,IN,West Bengal,,21.904322,88.867629,,
3887845969,,,Adult,,2021-03,2021,ASIA,IN,Madhya Pradesh,,21.939914,80.642733,,
3887845968,,Female,Adult,,2019-12,2019,ASIA,IN,West Bengal,,21.904322,88.867629,,
3887845967,,Male,Adult,,2020-10,2020,ASIA,IN,West Bengal,,21.904322,88.867629,,
3887845966,,,Subadult,,2021-04-06,2021,ASIA,IN,Madhya Pradesh,,21.939914,80.642733,,
3887845965,,Male,Adult,,2018-11-05,2018,ASIA,IN,West Bengal,,21.904322,88.867629,,
3887845964,,Female,,,2020,2020,ASIA,IN,West Bengal,,21.904322,88.867629,,
3887845963,,,Adult,,2021-02,2021,ASIA,IN,Madhya Pradesh,,21.939914,80.642733,,
3887845962,,,Adult,,2020,2020,ASIA,IN,West Bengal,,21.904322,88.867629,,
3887845961,,Male,Adult,,2018-11,2018,ASIA,IN,West Bengal,,21.904322,88.867629,,
3887845960,,,Subadult,,2021-01,2021,ASIA,IN,Madhya Pradesh,,21.939914,80.642733,,
3887845959,,,Subadult,,2020,2020,ASIA,IN,West Bengal,,21.904322,88.867629,,
3887845958,,Male,Adult,,2015,2015,ASIA,IN,Madhya Pradesh,,21.939914,80.642733,,
3887845957,,Female,Subadult,,2020-10-03,2020,ASIA,IN,West Bengal,,21.904322,88.867629,,
3887845956,,Female,Adult,,2021,2021,ASIA,IN,Madhya Pradesh,,21.939914,80.642733,,
3887845955,,Female,Adult,,2021-04,2021,ASIA,IN,Madhya Pradesh,,21.939914,80.642733,,
3887845954,,,Subadult,,2018-05-13,2018,ASIA,IN,Madhya Pradesh,,21.939914,80.642733,,
3887845953,,Female,Adult,,2020,2020,ASIA,IN,West Bengal,,21.904322,88.867629,,
3887845952,,,Subadult,,2018-05-13,2018,ASIA,IN,Madhya Pradesh,,21.939914,80.642733,,
3887845951,,Female,Adult,,2018-05-13,2018,ASIA,IN,Madhya Pradesh,,21.939914,80.642733,,
3887845950,,Male,Adult,,2020,2020,ASIA,IN,West Bengal,,21.904322,88.867629,,
3887845949,,Male,Adult,,2021,2021,ASIA,IN,West Bengal,,21.904322,88.867629,,
3887845948,,Female,Adult,,2020,2020,ASIA,IN,West Bengal,,21.904322,88.867629,,
3887845947,,Female,Subadult,,2021,2021,ASIA,IN,Madhya Pradesh,,21.939914,80.642733,,
3887845946,,Male,Adult,,2021-01-17,2021,ASIA,IN,West Bengal,,21.904322,88.867629,,
3887845945,,Male,Adult,,2009,2009,ASIA,IN,West Bengal,,21.904322,88.867629,,
3887845944,,,Subadult,,2018-05-13,2018,ASIA,IN,Madhya Pradesh,,21.939914,80.642733,,
3887845943,,Male,Adult,,2021-03,2021,ASIA,IN,Madhya Pradesh,,21.939914,80.642733,,
3887845942,,Male,Adult,,2021-01-17,2021,ASIA,IN,West Bengal,,21.904322,88.867629,,
3887845941,,Male,Adult,,2021-01-17,2021,ASIA,IN,West Bengal,,21.904322,88.867629,,
3887845940,,Female,Subadult,,2021-04,2021,ASIA,IN,Madhya Pradesh,,21.939914,80.642733,,
3887845939,,,Adult,,2020-06,2020,ASIA,IN,Madhya Pradesh,,21.939914,80.642733,,
3887845938,,Male,Adult,,2021-01-17,2021,ASIA,IN,West Bengal,,21.904322,88.867629,,
3887845937,,Male,Adult,,2021-03,2021,ASIA,IN,Madhya Pradesh,,21.939914,80.642733,,
3887845936,,Male,Subadult,,2021-03,2021,ASIA,IN,Madhya Pradesh,,21.939914,80.642733,,
3887845935,,Male,Adult,,2021-01-17,2021,ASIA,IN,West Bengal,,21.904322,88.867629,,
3887845934,,Female,Subadult,,2021,2021,ASIA,IN,Madhya Pradesh,,21.939914,80.642733,,
3887845933,,Male,Adult,,2021,2021,ASIA,IN,Madhya Pradesh,,21.939914,80.642733,,
3887845932,,Female,Adult,,2021,2021,ASIA,IN,West Bengal,,21.904322,88.867629,,
3887845931,,Female,Adult,,2021-01-03,2021,ASIA,IN,West Bengal,,21.904322,88.867629,,
3887845930,,Female,Adult,,2020,2020,ASIA,IN,West Bengal,,21.904322,88.867629,,
3887845929,,Female,Subadult,,2021,2021,ASIA,IN,Madhya Pradesh,,21.939914,80.642733,,
3887845928,,,Adult,,2021,2021,ASIA,IN,West Bengal,,21.904322,88.867629,,
3887845927,,Female,Adult,,2021-03,2021,ASIA,IN,Madhya Pradesh,,21.939914,80.642733,,
3887845926,,Female,Adult,,2020,2020,ASIA,IN,West Bengal,,21.904322,88.867629,,
3887845925,,Female,Adult,,2021,2021,ASIA,IN,Madhya Pradesh,,21.939914,80.642733,,
3887845924,,Male,Adult,,2021,2021,ASIA,IN,Madhya Pradesh,,21.939914,80.642733,,
3887845923,,Male,Subadult,,2021,2021,ASIA,IN,Madhya Pradesh,,21.939914,80.642733,,
3887845922,,Female,Adult,,2020,2020,ASIA,IN,West Bengal,,21.904322,88.867629,,
3887845921,,Female,Adult,,2020,2020,ASIA,IN,West Bengal,,21.904322,88.867629,,
3887845920,,,Adult,,2021,2021,ASIA,IN,Madhya Pradesh,,21.939914,80.642733,,
3887845919,,Female,Adult,,2020,2020,ASIA,IN,West Bengal,,21.904322,88.867629,,
3887845918,,,Adult,,2021,2021,ASIA,IN,West Bengal,,21.904322,88.867629,,
3887845917,,,Adult,,2020-12,2020,ASIA,IN,Uttarakhand,,29.563036,78.892366,,
3887845916,,Female,Adult,,2020-03,2020,ASIA,IN,Uttarakhand,,29.534069,79.069799,,
3887845915,,,,,2021-02,2021,ASIA,IN,Maharashtra,,20.26666,79.4,,
3887845914,,Female,Adult,,2021-03-26,2021,ASIA,IN,Maharashtra,,20.26666,79.4,,
3887845913,,Male,Adult,,2021-03,2021,ASIA,IN,Maharashtra,,20.26666,79.4,,
3887845912,,,Subadult,,2020-03,2020,ASIA,IN,Uttarakhand,,29.534069,79.069799,,
3887845911,,,Subadult,,2020-03,2020,ASIA,IN,Uttarakhand,,29.534069,79.069799,,
3887845910,,,,,2021-02,2021,ASIA,IN,Maharashtra,,20.26666,79.4,,
3887845909,,,Subadult,,2021,2021,ASIA,IN,Maharashtra,,20.26666,79.4,,
3887845908,,Female,Subadult,,2021-03,2021,ASIA,IN,Uttarakhand,,29.563036,78.892366,,
3887845907,,,Subadult,,2020-03,2020,ASIA,IN,Uttarakhand,,29.534069,79.069799,,
3887845906,,Male,Adult,,2021,2021,ASIA,IN,Uttarakhand,,29.534069,79.069799,,
3887845905,,,Juvenile,,2021,2021,ASIA,IN,Maharashtra,,20.26666,79.4,,
3887845904,,Female,Adult,,2021,2021,ASIA,IN,Maharashtra,,20.26666,79.4,,
3887845903,,Female,Adult,,2021-02,2021,ASIA,IN,Uttarakhand,,29.563036,78.892366,,
3887845902,,Male,Subadult,,2019,2019,ASIA,IN,Maharashtra,,20.26666,79.4,,
3887845901,,,Adult,,2021-02-16,2021,ASIA,IN,Uttarakhand,,29.534069,79.069799,,
3887845900,,,Subadult,,2021-02,2021,ASIA,IN,Uttarakhand,,29.534069,79.069799,,
3887845899,,Female,Subadult,,2021,2021,ASIA,IN,Maharashtra,,20.26666,79.4,,
3887845898,,Male,Adult,,2021-03,2021,ASIA,IN,Uttarakhand,,29.517615,78.852645,,
3887845897,,Female,Adult,,2021,2021,ASIA,IN,Uttarakhand,,29.563036,78.892366,,
3887845896,,Female,Adult,,2021,2021,ASIA,IN,Madhya Pradesh,,21.715522,79.304146,,
3887845895,,,Subadult,,2021,2021,ASIA,IN,Maharashtra,,20.26666,79.4,,
3887845894,,Female,Adult,,2021-01-26,2021,ASIA,IN,Uttarakhand,,29.563036,78.892366,,
3887845893,,Male,Subadult,,2021,2021,ASIA,IN,Maharashtra,,20.26666,79.4,,
3887845892,,,Subadult,,2021,2021,ASIA,IN,Maharashtra,,20.26666,79.4,,
3887845891,,Female,Adult,,2021-02,2021,ASIA,IN,Uttarakhand,,29.534069,79.069799,,
3887845890,,Female,Subadult,,2021-01-19,2021,ASIA,IN,Uttarakhand,,29.534069,79.069799,,
3887845889,,Female,Adult,,2021,2021,ASIA,IN,Maharashtra,,20.26666,79.4,,
3887845888,,Male,Adult,,2021,2021,ASIA,IN,Maharashtra,,20.26666,79.4,,
3887845887,,Female,Adult,,2021,2021,ASIA,IN,Uttarakhand,,29.563036,78.892366,,
3887845886,,Female,Adult,,2021,2021,ASIA,IN,Maharashtra,,20.405937,79.317614,,
3887845885,,Male,Subadult,,2021-03,2021,ASIA,IN,Uttarakhand,,29.563036,78.892366,,
3887845884,,,Subadult,,2021-02,2021,ASIA,IN,Maharashtra,,20.26666,79.4,,
3887845883,,Female,Subadult,,2021,2021,ASIA,IN,Maharashtra,,20.26666,79.4,,
3887845882,,,Adult,,2016-12,2016,ASIA,IN,Uttarakhand,,29.554046,79.044354,,
3887845881,,Female,,,2019-12,2019,ASIA,IN,Maharashtra,,20.26666,79.4,,
3887845880,,Male,Adult,,2021-03,2021,ASIA,IN,Maharashtra,,20.26666,79.4,,
3887845879,,,Adult,,2021-03,2021,ASIA,IN,Uttarakhand,,29.534069,79.069799,,
3887845878,,,Subadult,,2021,2021,ASIA,IN,Maharashtra,,20.298737,79.479268,,
3887845877,,,Subadult,,2021,2021,ASIA,IN,Maharashtra,,20.152123,79.457434,,
3887845876,,,Adult,,2021-02-16,2021,ASIA,IN,Uttarakhand,,29.534069,79.069799,,
3887845875,,,Juvenile,,2021,2021,ASIA,IN,Maharashtra,,20.196902,79.366946,,
3887845874,,Female,Adult,,2021-02-16,2021,ASIA,IN,Uttarakhand,,29.534069,79.069799,,
3887845873,,Female,Adult,,2021,2021,ASIA,IN,Uttarakhand,,29.534069,79.069799,,
3887845872,,Male,Subadult,,2021,2021,ASIA,IN,Maharashtra,,20.26666,79.4,,
3887845871,,Female,Adult,,2021-03,2021,ASIA,IN,Maharashtra,,20.26666,79.4,,
3887845870,,Male,Subadult,,2021-03,2021,ASIA,IN,Maharashtra,,20.26666,79.4,,
3887845869,,Female,Adult,,2021-03,2021,ASIA,IN,Uttarakhand,,29.563036,78.892366,,
3887845868,,,Adult,,2021-03,2021,ASIA,IN,Uttarakhand,,29.534069,79.069799,,
3887845867,,Female,Adult,,2021-03,2021,ASIA,IN,Maharashtra,,20.26666,79.4,,
3887845866,,,Adult,,2021-02,2021,ASIA,IN,Uttarakhand,,29.563036,78.892366,,
3887845865,,Female,Adult,,2021,2021,ASIA,IN,Uttarakhand,,29.563036,78.892366,,
3887845864,,Male,Adult,,2021,2021,ASIA,IN,Maharashtra,,20.26666,79.4,,
3887845863,,Female,Adult,,2021,2021,ASIA,IN,Maharashtra,,20.26666,79.4,,
3887845862,,,Adult,,2021-03,2021,ASIA,IN,Uttarakhand,,29.563036,78.892366,,
3887845861,,,Subadult,,2021-03,2021,ASIA,IN,Maharashtra,,20.26666,79.4,,
3887845860,,Female,Adult,,2021-02,2021,ASIA,IN,Uttarakhand,,29.534069,79.069799,,
3887845859,,,Subadult,,2021,2021,ASIA,IN,Maharashtra,,20.298737,79.479268,,
3887845858,,Female,Adult,,2021-02,2021,ASIA,IN,Uttarakhand,,29.563036,78.892366,,
3887845857,,Female,Adult,,2021,2021,ASIA,IN,Uttarakhand,,29.563036,78.892366,,
3887845856,,Female,Adult,,2014-06,2014,ASIA,IN,Maharashtra,,20.26666,79.4,,
3887845855,,Male,Adult,,2021,2021,ASIA,IN,Maharashtra,,20.26666,79.4,,
3887845854,,Female,Adult,,2021-03,2021,ASIA,IN,Uttarakhand,,29.563036,78.892366,,
3887845853,,Male,Adult,,2021-04,2021,ASIA,IN,Maharashtra,,20.26666,79.4,,
3887845852,,Female,Adult,,2021,2021,ASIA,IN,Maharashtra,,20.26666,79.4,,
3887845851,,Female,Subadult,,2021-04,2021,ASIA,IN,Uttarakhand,,29.563036,78.892366,,
3887845850,,Female,Adult,,2021,2021,ASIA,IN,Uttarakhand,,29.563036,78.892366,,
3887845849,,Female,Adult,,2021,2021,ASIA,IN,Maharashtra,,20.26666,79.4,,
3887845848,,,Subadult,,2021-03,2021,ASIA,IN,Maharashtra,,20.26666,79.4,,
3887845847,,Female,Adult,,2021-04,2021,ASIA,IN,Uttarakhand,,29.563036,78.892366,,
3887845846,,Female,Subadult,,2020-01,2020,ASIA,IN,Uttarakhand,,29.563036,78.892366,,
3887845845,,Female,Adult,,2021,2021,ASIA,IN,Madhya Pradesh,,21.715522,79.304146,,
3887845844,,Male,,,2021,2021,ASIA,IN,Maharashtra,,20.26666,79.4,,
3887845843,,,Subadult,,2021,2021,ASIA,IN,Maharashtra,,20.26666,79.4,,
3887845842,,Female,Adult,,2020-03,2020,ASIA,IN,Uttarakhand,,29.563036,78.892366,,
3887845841,,Female,Subadult,,2020-10,2020,ASIA,IN,Maharashtra,,21.65602,79.348918,,
3887845840,,,Subadult,,2020-12,2020,ASIA,IN,Maharashtra,,21.65602,79.348918,,
3887845839,,Female,Adult,,2021,2021,ASIA,IN,Maharashtra,,20.26666,79.4,,
3887845838,,Female,Adult,,2020-12,2020,ASIA,IN,Maharashtra,,21.65602,79.348918,,
3887845837,,Female,Adult,,2021,2021,ASIA,IN,Uttarakhand,,29.534069,79.069799,,
3887845836,,Female,,,2021-12-13,2021,ASIA,IN,Maharashtra,,20.26666,79.4,,
3887845835,,Female,Adult,,2021,2021,ASIA,IN,Maharashtra,,20.26666,79.4,,
3887845834,,,Juvenile,,2021,2021,ASIA,IN,Madhya Pradesh,,21.715522,79.304146,,
3887845833,,Female,Subadult,,2020-03,2020,ASIA,IN,Uttarakhand,,29.563036,78.892366,,
3887845832,,Female,Adult,,2021,2021,ASIA,IN,Madhya Pradesh,,21.715522,79.304146,,
3887845831,,Male,Subadult,,2021,2021,ASIA,IN,Maharashtra,,20.26666,79.4,,
3887845830,,Female,Adult,,2021,2021,ASIA,IN,Uttarakhand,,29.563036,78.892366,,
3887845829,,,Adult,,2021-04,2021,ASIA,IN,Uttarakhand,,29.563036,78.892366,,
3887845828,,Female,Adult,,2020-10,2020,ASIA,IN,Maharashtra,,21.65602,79.348918,,
3887845827,,,Juvenile,,2021,2021,ASIA,IN,Maharashtra,,20.26666,79.4,,
3887845826,,Female,Adult,,2020-01,2020,ASIA,IN,Uttarakhand,,29.563036,78.892366,,
3887845825,,Female,Adult,,2021-03,2021,ASIA,IN,Maharashtra,,20.26666,79.4,,
3887845824,,Female,Subadult,,2020-01,2020,ASIA,IN,Uttarakhand,,29.563036,78.892366,,
3887845823,,Female,Subadult,,2020-01,2020,ASIA,IN,Uttarakhand,,29.563036,78.892366,,
3887845822,,Female,Adult,,2021,2021,ASIA,IN,Maharashtra,,21.65602,79.348918,,
3887845821,,,Juvenile,,2021,2021,ASIA,IN,Madhya Pradesh,,21.715522,79.304146,,
3887845820,,Female,Adult,,2020,2020,ASIA,IN,Maharashtra,,21.65602,79.348918,,
3887845819,,,Subadult,,2021-03,2021,ASIA,IN,Uttarakhand,,29.563036,78.892366,,
3887845818,,,Subadult,,2021-03,2021,ASIA,IN,Uttarakhand,,29.563036,78.892366,,
3887845817,,,Juvenile,,2021,2021,ASIA,IN,Madhya Pradesh,,21.740573,79.334861,,
3887845816,,Female,Adult,,2021,2021,ASIA,IN,Maharashtra,,21.65602,79.348918,,
3887845815,,,,,2021,2021,ASIA,IN,Maharashtra,,20.26666,79.4,,
3887845814,,Female,Adult,,2021,2021,ASIA,IN,Maharashtra,,20.26666,79.4,,
3887845813,,Female,Adult,,2021,2021,ASIA,IN,Maharashtra,,21.65602,79.348918,,
3887845812,,,Subadult,,2021-03,2021,ASIA,IN,Uttarakhand,,29.563036,78.892366,,
3887845811,,,Juvenile,,2021,2021,ASIA,IN,Maharashtra,,20.866916,79.475257,,
3887845810,,,Adult,,2021,2021,ASIA,IN,Uttarakhand,,29.534069,79.069799,,
3887845809,,,Juvenile,,2021,2021,ASIA,IN,Maharashtra,,20.26666,79.4,,
3887845808,,Female,Subadult,,2021,2021,ASIA,IN,Maharashtra,,21.65602,79.348918,,
3887845807,,Female,Adult,,2020-12,2020,ASIA,IN,Uttarakhand,,29.534069,79.069799,,
3887845806,,Female,Adult,,2021,2021,ASIA,IN,Maharashtra,,21.65602,79.348918,,
3887845805,,,Juvenile,,2021,2021,ASIA,IN,Maharashtra,,20.26666,79.4,,
3887845804,,Female,Adult,,2021,2021,ASIA,IN,Maharashtra,,20.26666,79.4,,
3887845803,,,Subadult,,2021,2021,ASIA,IN,Uttarakhand,,29.534069,79.069799,,
3887845802,,Female,Adult,,2021,2021,ASIA,IN,Madhya Pradesh,,21.715522,79.304146,,
3887845801,,Female,Adult,,2021,2021,ASIA,IN,Maharashtra,,21.65602,79.348918,,
3887845800,,,Juvenile,,2021,2021,ASIA,IN,Maharashtra,,20.26666,79.4,,
3887845799,,,,,2021-03-23,2021,ASIA,IN,Maharashtra,,20.26666,79.4,,
3887845798,,Female,Adult,,2021,2021,ASIA,IN,Maharashtra,,21.65602,79.348918,,
3887845797,,,Subadult,,2021,2021,ASIA,IN,Maharashtra,,20.26666,79.4,,
3887845796,,Female,Adult,,2020-03,2020,ASIA,IN,Uttarakhand,,29.534069,79.069799,,
3887845795,,Female,Adult,,2021,2021,ASIA,IN,Uttarakhand,,29.563036,78.892366,,
3887845794,,,Subadult,,2020-03,2020,ASIA,IN,Uttarakhand,,29.534069,79.069799,,
3887845793,,Female,Adult,,2021,2021,ASIA,IN,Madhya Pradesh,,21.715522,79.304146,,
3887845792,,Female,Adult,,2021-03,2021,ASIA,IN,Uttarakhand,,29.529679,78.775383,,
3887845791,,,,,2021,2021,ASIA,IN,Maharashtra,,20.26666,79.4,,
3887845790,,Female,Adult,,2021,2021,ASIA,IN,Maharashtra,,20.26666,79.4,,
3887845789,,Female,Adult,,2021,2021,ASIA,IN,Madhya Pradesh,,21.740573,79.334861,,
3887845788,,Female,Adult,,2021,2021,ASIA,IN,Madhya Pradesh,,21.715522,79.304146,,
3887845787,,Female,Adult,,2021,2021,ASIA,IN,Maharashtra,,20.26666,79.4,,
3887845786,,Female,Adult,,2021,2021,ASIA,IN,Madhya Pradesh,,21.65602,79.348918,,
3887845785,,Male,Adult,,2021,2021,ASIA,IN,Maharashtra,,20.298737,79.479268,,
3887845784,,,Juvenile,,2021-03,2021,ASIA,IN,Maharashtra,,20.26666,79.4,,
3887845783,,Male,Adult,,2021,2021,ASIA,IN,Madhya Pradesh,,21.715522,79.304146,,
3887845782,,Male,Subadult,,2020-02,2020,ASIA,IN,Madhya Pradesh,,21.715522,79.304146,,
3887845781,,,Juvenile,,2021,2021,ASIA,IN,Maharashtra,,20.26666,79.4,,
3887845780,,,Juvenile,,2021-04,2021,ASIA,IN,Maharashtra,,20.298737,79.479268,,
3887845779,,Male,Juvenile,,2021,2021,ASIA,IN,Maharashtra,,20.446563,79.275322,,
3887845778,,Female,Adult,,2020-10,2020,ASIA,IN,Madhya Pradesh,,21.65602,79.348918,,
3887845777,,Female,Adult,,2021,2021,ASIA,IN,Maharashtra,,21.65602,79.348918,,
3887845776,,,Adult,,2021,2021,ASIA,IN,Madhya Pradesh,,21.65602,79.348918,,
3887845775,,,Subadult,,2021,2021,ASIA,IN,Maharashtra,,20.26666,79.4,,
3887845774,,Female,Adult,,2021,2021,ASIA,IN,Madhya Pradesh,,21.715522,79.304146,,
3887845773,,Female,Adult,,2021,2021,ASIA,IN,Maharashtra,,20.26666,79.4,,
3887845772,,Female,Adult,,2021,2021,ASIA,IN,Madhya Pradesh,,21.65602,79.348918,,
3887845771,,Female,Adult,,2021-06,2021,ASIA,IN,Madhya Pradesh,,21.715522,79.304146,,
3887845770,,,,,2021-03-23,2021,ASIA,IN,Maharashtra,,20.26666,79.4,,
3887845769,,Female,Adult,,2021,2021,ASIA,IN,Madhya Pradesh,,21.740573,79.334861,,
3887845768,,Male,Adult,,2021,2021,ASIA,IN,Maharashtra,,20.26666,79.4,,
3887845767,,,Juvenile,,2021,2021,ASIA,IN,Maharashtra,,20.866916,79.475257,,
3887845766,,Female,Subadult,,2013,2013,ASIA,IN,Maharashtra,,20.26666,79.4,,
3887845765,,,Subadult,,2020-12,2020,ASIA,IN,Maharashtra,,20.405937,79.317614,,
3887845764,,Female,Adult,,2021,2021,ASIA,IN,Madhya Pradesh,,21.715522,79.304146,,
3887845763,,Female,Adult,,2021,2021,ASIA,IN,Madhya Pradesh,,21.740573,79.334861,,
3887845762,,Female,Adult,,2021,2021,ASIA,IN,Maharashtra,,20.866916,79.475257,,
3887845761,,Female,Adult,,2020-12,2020,ASIA,IN,Maharashtra,,20.866916,79.475257,,
3887845760,,,Juvenile,,2021,2021,ASIA,IN,Madhya Pradesh,,21.740573,79.334861,,
3887845759,,Female,Adult,,2021-07-03,2021,ASIA,IN,Madhya Pradesh,,23.722092,81.017718,,
3887845758,,,Juvenile,,2021,2021,ASIA,IN,Maharashtra,,20.366643,79.295453,,
3887845757,,Female,Adult,,2021,2021,ASIA,IN,Maharashtra,,21.65602,79.348918,,
3887845756,,Female,Adult,,2021,2021,ASIA,IN,Maharashtra,,20.366643,79.295453,,
3887845755,,,Juvenile,,2021,2021,ASIA,IN,Madhya Pradesh,,21.740573,79.334861,,
3887845754,,Female,Adult,,2021,2021,ASIA,IN,Maharashtra,,20.122018,79.435413,,
3887845753,,,Juvenile,,2021,2021,ASIA,IN,Madhya Pradesh,,21.740573,79.334861,,
3887845752,,Female,Adult,,2021,2021,ASIA,IN,Maharashtra,,20.845175,79.601912,,
3887845751,,Female,Adult,,2021,2021,ASIA,IN,Maharashtra,,20.866916,79.475257,,
3887845750,,Female,Adult,,2021,2021,ASIA,IN,Madhya Pradesh,,21.740573,79.334861,,
3887845749,,Male,Adult,,2021,2021,ASIA,IN,Maharashtra,,20.845175,79.601912,,
3887845748,,,Juvenile,,2021,2021,ASIA,IN,Maharashtra,,20.845175,79.601912,,
3887845747,,,Juvenile,,2021,2021,ASIA,IN,Madhya Pradesh,,21.740573,79.334861,,
3887845746,,Male,Subadult,,2021,2021,ASIA,IN,Maharashtra,,20.405937,79.317614,,
3887845745,,Female,Adult,,2021-06,2021,ASIA,IN,Madhya Pradesh,,21.715522,79.304146,,
3887845744,,Female,Adult,,2020-12,2020,ASIA,IN,Maharashtra,,20.26666,79.4,,
3887845743,,,,,2021,2021,ASIA,IN,Maharashtra,,20.26666,79.4,,
3887845742,,Male,Adult,,2021,2021,ASIA,IN,Madhya Pradesh,,21.715522,79.304146,,
3887845741,,Male,Adult,,2021-03,2021,ASIA,IN,Maharashtra,,20.845175,79.601912,,
3887845740,,Female,Subadult,,2013,2013,ASIA,IN,Maharashtra,,20.26666,79.4,,
3887845739,,Female,Adult,,2021-06-01,2021,ASIA,IN,Madhya Pradesh,,21.740573,79.334861,,
3887845738,,Male,Adult,,2021,2021,ASIA,IN,Maharashtra,,20.405937,79.317614,,
3887845737,,Female,Adult,,2021,2021,ASIA,IN,Maharashtra,,20.866916,79.475257,,
3887845736,,,Juvenile,,2021,2021,ASIA,IN,Maharashtra,,20.26666,79.4,,
3887845735,,,Juvenile,,2021,2021,ASIA,IN,Madhya Pradesh,,21.740573,79.334861,,
3887845734,,Male,Subadult,,2021-02-21,2021,ASIA,IN,Maharashtra,,19.915736,78.451924,,
3887845733,,,Juvenile,,2021,2021,ASIA,IN,Maharashtra,,20.26666,79.4,,
3887845732,,,Subadult,,2021-01,2021,ASIA,IN,Maharashtra,,19.915736,78.451924,,
3887845731,,Male,Adult,,2020-01,2020,ASIA,IN,Maharashtra,,19.915736,78.451924,,
3887845730,,Male,Adult,,2021-02,2021,ASIA,IN,Maharashtra,,20.26666,79.4,,
3887845729,,,Adult,,2020,2020,ASIA,IN,Maharashtra,,19.915736,78.451924,,
3887845728,,Female,Adult,,2020-12-13,2020,ASIA,IN,Maharashtra,,20.26666,79.4,,
3887845727,,,Adult,,2020,2020,ASIA,IN,Maharashtra,,19.915736,78.451924,,
3887845726,,,Subadult,,2021-01,2021,ASIA,IN,Maharashtra,,19.915736,78.451924,,
3887845725,,Female,Adult,,2021,2021,ASIA,IN,Madhya Pradesh,,21.715522,79.304146,,
3887845724,,Female,Adult,,2021-06,2021,ASIA,IN,Madhya Pradesh,,21.715522,79.304146,,
3887845723,,,Juvenile,,2021-06,2021,ASIA,IN,Madhya Pradesh,,21.715522,79.304146,,
3887845722,,Male,Juvenile,,2019-06,2019,ASIA,IN,Maharashtra,,19.915736,78.451924,,
3887845721,,,Subadult,,2021,2021,ASIA,IN,Maharashtra,,19.915736,78.451924,,
3887845720,,Male,Juvenile,,2019-06,2019,ASIA,IN,Maharashtra,,19.915736,78.451924,,
3887845719,,Female,Adult,,2021,2021,ASIA,IN,Maharashtra,,20.26666,79.4,,
3887845718,,Female,Adult,,2021,2021,ASIA,IN,Madhya Pradesh,,21.740573,79.334861,,
3887845717,,Male,Subadult,,2020-12,2020,ASIA,IN,Maharashtra,,20.26666,79.4,,
3887845716,,Female,Adult,,2021,2021,ASIA,IN,Maharashtra,,20.26666,79.4,,
3887845715,,,Subadult,,2021,2021,ASIA,IN,Maharashtra,,20.113899,79.319123,,
3887845714,,Male,Subadult,,2020,2020,ASIA,IN,Madhya Pradesh,,21.715522,79.304146,,
3887845713,,Female,Adult,,2021,2021,ASIA,IN,Maharashtra,,19.915736,78.451924,,
3887845712,,,Juvenile,,2021,2021,ASIA,IN,Maharashtra,,20.26666,79.4,,
3887845711,,Female,Adult,,2021,2021,ASIA,IN,Madhya Pradesh,,21.740573,79.334861,,
3887845710,,,Juvenile,,2021,2021,ASIA,IN,Maharashtra,,20.26666,79.4,,
3887845709,,Male,Adult,,2021,2021,ASIA,IN,Madhya Pradesh,,23.722092,81.017718,,
3887845708,,Female,Adult,,2020-08,2020,ASIA,IN,Maharashtra,,19.915736,78.451924,,
3887845707,,,Adult,,2018,2018,ASIA,IN,Maharashtra,,20.834181,79.533004,,
3887845706,,Female,Adult,,2021,2021,ASIA,IN,Madhya Pradesh,,21.715522,79.304146,,
3887845705,,Female,Adult,,2019-12,2019,ASIA,IN,Madhya Pradesh,,23.722092,81.017718,,
3887845704,,,Juvenile,,2021-06,2021,ASIA,IN,Madhya Pradesh,,21.715522,79.304146,,
3887845703,,Female,Adult,,2020-08,2020,ASIA,IN,Maharashtra,,19.915736,78.451924,,
3887845702,,Female,Adult,,2021-06,2021,ASIA,IN,Madhya Pradesh,,23.722092,81.017718,,
3887845701,,Male,Adult,,2020-01,2020,ASIA,IN,Maharashtra,,19.915736,78.451924,,
3887845700,,Male,Subadult,,2021,2021,ASIA,IN,Maharashtra,,19.915736,78.451924,,
3887845699,,Female,Adult,,2021-07-14,2021,ASIA,IN,Madhya Pradesh,,23.722092,81.017718,,
3887845698,,,Juvenile,,2021,2021,ASIA,IN,Madhya Pradesh,,21.715522,79.304146,,
3887845697,,,Juvenile,,2021,2021,ASIA,IN,Madhya Pradesh,,21.715522,79.304146,,
3887845696,,,Juvenile,,2021,2021,ASIA,IN,Madhya Pradesh,,21.715522,79.304146,,
3887845695,,Female,Adult,,2021-06,2021,ASIA,IN,Madhya Pradesh,,23.722092,81.017718,,
3887845694,,Male,Adult,,2016-01-06,2016,ASIA,IN,Madhya Pradesh,,23.722092,81.017718,,
3887845693,,Female,Adult,,2021-06,2021,ASIA,IN,Madhya Pradesh,,21.715522,79.304146,,
3887845692,,Female,Subadult,,2020-09,2020,ASIA,IN,Maharashtra,,19.915736,78.451924,,
3887845691,,Female,Subadult,,2021,2021,ASIA,IN,Maharashtra,,19.915736,78.451924,,
3887845690,,,Subadult,,2021,2021,ASIA,IN,Maharashtra,,19.915736,78.451924,,
3887845689,,Female,Adult,,2021-06,2021,ASIA,IN,Madhya Pradesh,,21.740573,79.334861,,
3887845688,,,Juvenile,,2021-06,2021,ASIA,IN,Madhya Pradesh,,21.715522,79.304146,,
3887845687,,,,,2019,2019,ASIA,IN,Maharashtra,,19.915736,78.451924,,
3887845686,,Female,Adult,,2021-06,2021,ASIA,IN,Madhya Pradesh,,21.715522,79.304146,,
3887845685,,Male,Adult,,2021,2021,ASIA,IN,Maharashtra,,19.915736,78.451924,,
3887845684,,Male,Adult,,2021-06,2021,ASIA,IN,Madhya Pradesh,,21.740573,79.334861,,
3887845683,,,Subadult,,2019-04,2019,ASIA,IN,Maharashtra,,19.915736,78.451924,,
3887845682,,,Adult,,2021,2021,ASIA,IN,Maharashtra,,19.915736,78.451924,,
3887845681,,Female,Adult,,2021-06-10,2021,ASIA,IN,Madhya Pradesh,,21.740573,79.334861,,
3887845680,,,Subadult,,2021,2021,ASIA,IN,Madhya Pradesh,,21.740573,79.334861,,
3887845679,,Female,Adult,,2020-12,2020,ASIA,IN,Maharashtra,,19.915736,78.451924,,
3887845678,,Female,Adult,,2021-06-10,2021,ASIA,IN,Madhya Pradesh,,21.715522,79.304146,,
3887845677,,Female,Adult,,2021,2021,ASIA,IN,Maharashtra,,19.915736,78.451924,,
3887845676,,Male,Subadult,,2021,2021,ASIA,IN,Maharashtra,,19.915736,78.451924,,
3887845675,,Female,Adult,,2021,2021,ASIA,IN,Madhya Pradesh,,21.740573,79.334861,,
3887845674,,Female,Subadult,,2021,2021,ASIA,IN,Maharashtra,,19.915736,78.451924,,
3887845673,,,Juvenile,,2021,2021,ASIA,IN,Madhya Pradesh,,21.715522,79.304146,,
3887845672,,,Adult,,2021-03,2021,ASIA,IN,Maharashtra,,19.915736,78.451924,,
3887845671,,,Subadult,,2021,2021,ASIA,IN,Madhya Pradesh,,21.740573,79.334861,,
3887845670,,Male,Adult,,2021-06,2021,ASIA,IN,Madhya Pradesh,,21.698609,79.3621,,
3887845669,,,Juvenile,,2021,2021,ASIA,IN,Madhya Pradesh,,21.715522,79.304146,,
3887845668,,Female,Adult,,2021,2021,ASIA,IN,Maharashtra,,20.897699,79.557418,,
3887845667,,Female,Adult,,2021,2021,ASIA,IN,Madhya Pradesh,,21.740573,79.334861,,
3887845666,,Female,Adult,,2020-08,2020,ASIA,IN,Maharashtra,,19.915736,78.451924,,
3887845665,,Female,Adult,,2020-02,2020,ASIA,IN,Madhya Pradesh,,21.715522,79.304146,,
3887845664,,Female,,,2020-08,2020,ASIA,IN,Maharashtra,,19.915736,78.451924,,
3887845663,,Female,Adult,,2019-05,2019,ASIA,IN,Maharashtra,,21.65602,79.348918,,
3887845662,,Male,Adult,,2020-01,2020,ASIA,IN,Madhya Pradesh,,21.65602,79.348918,,
3887845661,,Female,Adult,,2021,2021,ASIA,IN,Maharashtra,,20.122018,79.435413,,
3887845660,,Female,Adult,,2021,2021,ASIA,IN,Madhya Pradesh,,21.740573,79.334861,,
3887845659,,Female,Adult,,2021-01,2021,ASIA,IN,Maharashtra,,19.915736,78.451924,,
3887845658,,Female,Adult,,2021-01,2021,ASIA,IN,Madhya Pradesh,,21.65602,79.348918,,
3887845657,,Female,Adult,,2018-05,2018,ASIA,IN,Maharashtra,,21.65602,79.348918,,
3887845656,,,,,2021,2021,ASIA,IN,Maharashtra,,20.340141,79.410647,,
3887845655,,Female,Adult,,2021-01,2021,ASIA,IN,Maharashtra,,20.26666,79.4,,
3887845654,,,Subadult,,2021-03,2021,ASIA,IN,Maharashtra,,19.915736,78.451924,,
3887845653,,Male,Subadult,,2021,2021,ASIA,IN,Madhya Pradesh,,21.715522,79.304146,,
3887845652,,Male,Adult,,2021,2021,ASIA,IN,Maharashtra,,20.26666,79.4,,
3887845651,,,Juvenile,,2019-06,2019,ASIA,IN,Maharashtra,,19.915736,78.451924,,
3887845650,,,Subadult,,2021,2021,ASIA,IN,Madhya Pradesh,,21.740573,79.334861,,
3887845649,,,Subadult,,2021,2021,ASIA,IN,Madhya Pradesh,,21.715522,79.304146,,
3887845648,,,Subadult,,2021,2021,ASIA,IN,Madhya Pradesh,,21.715522,79.304146,,
3887845647,,,Juvenile,,2019-06,2019,ASIA,IN,Maharashtra,,19.915736,78.451924,,
3887845646,,,Subadult,,2021,2021,ASIA,IN,Maharashtra,,19.915736,78.451924,,
3887845645,,,Subadult,,2021,2021,ASIA,IN,Madhya Pradesh,,21.715522,79.304146,,
3887845644,,,Subadult,,2021-01,2021,ASIA,IN,Maharashtra,,19.915736,78.451924,,
3887845643,,Female,Subadult,,2021,2021,ASIA,IN,Maharashtra,,21.715522,79.304146,,
3887845642,,Female,Adult,,2021,2021,ASIA,IN,Maharashtra,,20.26666,79.4,,
3887845641,,Female,Adult,,2019-06,2019,ASIA,IN,Rajasthan,,26.013898,76.504682,,
3887845640,,Male,Subadult,,2021,2021,ASIA,IN,Maharashtra,,21.715522,79.304146,,
3887845639,,Female,Adult,,2021-02,2021,ASIA,IN,Maharashtra,,20.26666,79.4,,
3887845638,,Female,Adult,,2021,2021,ASIA,IN,Rajasthan,,26.013898,76.504682,,
3887845637,,Female,Adult,,2021,2021,ASIA,IN,Rajasthan,,26.013898,76.504682,,
3887845636,,Male,Adult,,2021,2021,ASIA,IN,Rajasthan,,26.109356,76.518211,,
3887845635,,,Juvenile,,2021,2021,ASIA,IN,Maharashtra,,20.26666,79.4,,
3887845634,,Female,Adult,,2021,2021,ASIA,IN,Madhya Pradesh,,21.715522,79.304146,,
3887845633,,Female,Subadult,,2021,2021,ASIA,IN,Rajasthan,,26.013898,76.504682,,
3887845632,,Female,Adult,,2020-12,2020,ASIA,IN,Rajasthan,,26.039992,76.473327,,
3887845631,,,Juvenile,,2021,2021,ASIA,IN,Maharashtra,,20.26666,79.4,,
3887845630,,Female,Subadult,,2021-03-11,2021,ASIA,IN,Rajasthan,,26.013898,76.504682,,
3887845629,,Female,Adult,,2021,2021,ASIA,IN,Maharashtra,,21.715522,79.304146,,
3887845628,,Male,Adult,,2021-06,2021,ASIA,IN,Madhya Pradesh,,21.740573,79.334861,,
3887845627,,,Adult,,2021,2021,ASIA,IN,Rajasthan,,26.013898,76.504682,,
3887845626,,,Juvenile,,2021,2021,ASIA,IN,Maharashtra,,20.26666,79.4,,
3887845625,,Female,Adult,,2020-02,2020,ASIA,IN,Madhya Pradesh,,21.715522,79.304146,,
3887845624,,Female,Adult,,2019-06,2019,ASIA,IN,Maharashtra,,20.26666,79.4,,
3887845623,,Male,Adult,,2019,2019,ASIA,IN,Madhya Pradesh,,21.715522,79.304146,,
3887845622,,Female,Adult,,2021-03,2021,ASIA,IN,Rajasthan,,26.013898,76.504682,,
3887845621,,Female,Adult,,2021-01,2021,ASIA,IN,Maharashtra,,20.26666,79.4,,
3887845620,,Female,Adult,,2021,2021,ASIA,IN,Madhya Pradesh,,21.65602,79.348918,,
3887845619,,Female,Adult,,2021,2021,ASIA,IN,Maharashtra,,21.715522,79.304146,,
3887845618,,,Juvenile,,2021,2021,ASIA,IN,Maharashtra,,20.26666,79.4,,
3887845617,,,Adult,,2021,2021,ASIA,IN,Rajasthan,,26.013898,76.504682,,
3887845616,,Male,Adult,,2021-02,2021,ASIA,IN,Maharashtra,,20.394272,79.262648,,
3887845615,,Female,Subadult,,2021,2021,ASIA,IN,Rajasthan,,26.013898,76.504682,,
3887845614,,Female,Adult,,2021,2021,ASIA,IN,Madhya Pradesh,,21.715522,79.304146,,
3887845613,,Female,Adult,,2021-02-06,2021,ASIA,IN,Madhya Pradesh,,24.590517,79.941659,,
3887845612,,,Subadult,,2021,2021,ASIA,IN,Rajasthan,,26.013898,76.504682,,
3887845611,,Male,Subadult,,2021-01,2021,ASIA,IN,Maharashtra,,20.26666,79.4,,
3887845610,,,Subadult,,2021,2021,ASIA,IN,Rajasthan,,26.013898,76.504682,,
3887845609,,Male,Adult,,2016,2016,ASIA,IN,Maharashtra,,20.26666,79.4,,
3887845608,,Male,Subadult,,2021-02,2021,ASIA,IN,Madhya Pradesh,,24.590517,79.941659,,
3887845607,,Female,Adult,,2021,2021,ASIA,IN,Maharashtra,,20.095039,79.478753,,
3887845606,,,Subadult,,2021,2021,ASIA,IN,Rajasthan,,26.013898,76.504682,,
3887845605,,Female,Adult,,2021,2021,ASIA,IN,Rajasthan,,26.039992,76.473327,,
3887845604,,Female,Subadult,,2021-03-15,2021,ASIA,IN,Maharashtra,,26.013898,76.504682,,
3887845603,,,Subadult,,2021-04,2021,ASIA,IN,Maharashtra,,20.26666,79.4,,
3887845602,,Female,Subadult,,2021,2021,ASIA,IN,Rajasthan,,26.013898,76.504682,,
3887845601,,Male,Adult,,2021-02,2021,ASIA,IN,Madhya Pradesh,,24.730945,80.010514,,
3887845600,,Male,Adult,,2021-03,2021,ASIA,IN,Maharashtra,,20.26666,79.4,,
3887845599,,Female,Adult,,2020-11,2020,ASIA,IN,Madhya Pradesh,,24.590517,79.941659,,
3887845598,,Male,Adult,,2021-02-24,2021,ASIA,IN,Madhya Pradesh,,24.730945,80.010514,,
3887845597,,,Juvenile,,2021-03,2021,ASIA,IN,Maharashtra,,20.26666,79.4,,
3887845596,,,Subadult,,2021-02-01,2021,ASIA,IN,Madhya Pradesh,,24.730945,80.010519,,
3887845595,,Female,Adult,,2021-01-31,2021,ASIA,IN,Madhya Pradesh,,24.590517,79.941659,,
3887845594,,,Adult,,2021,2021,ASIA,IN,Maharashtra,,20.26666,79.4,,
3887845593,,Female,Adult,,2021,2021,ASIA,IN,Rajasthan,,26.013898,76.504682,,
3887845592,,,Subadult,,2021-02-01,2021,ASIA,IN,Madhya Pradesh,,24.730945,80.010514,,
3887845591,,,,,2019-03,2019,ASIA,IN,Maharashtra,,20.26666,79.4,,
3887845590,,Female,Adult,,2021,2021,ASIA,IN,Rajasthan,,26.013898,76.504682,,
3887845589,,Male,Adult,,2021-03,2021,ASIA,IN,Maharashtra,,20.26666,79.4,,
3887845588,,Female,Adult,,2021,2021,ASIA,IN,Rajasthan,,26.013898,76.504682,,
3887845587,,,Juvenile,,2021-02,2021,ASIA,IN,Madhya Pradesh,,24.590517,79.941659,,
3887845586,,,Juvenile,,2021-04,2021,ASIA,IN,Maharashtra,,20.26666,79.4,,
3887845585,,Female,Adult,,2021-02,2021,ASIA,IN,Madhya Pradesh,,24.590517,79.941659,,
3887845584,,Male,Adult,,2021,2021,ASIA,IN,Rajasthan,,26.109356,76.518211,,
3887845583,,,Juvenile,,2021-01,2021,ASIA,IN,Maharashtra,,20.26666,79.4,,
3887845582,,Female,Subadult,,2019-12,2019,ASIA,IN,Rajasthan,,26.013898,76.504682,,
3887845581,,Female,Subadult,,2021,2021,ASIA,IN,Rajasthan,,26.013898,76.504682,,
3887845580,,Male,Adult,,2021,2021,ASIA,IN,Maharashtra,,20.26666,79.4,,
3887845579,,Female,Adult,,2021,2021,ASIA,IN,Maharashtra,,20.299667,79.447654,,
3887845578,,Female,Adult,,2021,2021,ASIA,IN,Rajasthan,,26.013898,76.504682,,
3887845577,,Female,Adult,,2021,2021,ASIA,IN,Rajasthan,,26.013898,76.504682,,
3887845576,,Female,Adult,,2021-01-08,2021,ASIA,IN,Maharashtra,,20.405937,79.317614,,
3887845575,,Male,Adult,,2021-01-07,2021,ASIA,IN,Maharashtra,,20.405937,79.317614,,
3887845574,,Female,Adult,,2021,2021,ASIA,IN,Rajasthan,,26.013898,76.504682,,
3887845573,,,Subadult,,2019-06,2019,ASIA,IN,Maharashtra,,20.26666,79.4,,
3887845572,,Female,Subadult,,2021-02,2021,ASIA,IN,Madhya Pradesh,,23.722092,81.017718,,
3887845571,,Male,Adult,,2021,2021,ASIA,IN,Maharashtra,,20.122018,79.435413,,
3887845570,,Male,Subadult,,2021,2021,ASIA,IN,Rajasthan,,26.013898,76.504682,,
3887845569,,Female,Adult,,2021,2021,ASIA,IN,Maharashtra,,20.26666,79.4,,
3887845568,,Female,Adult,,2021,2021,ASIA,IN,Rajasthan,,26.013898,76.504682,,
3887845567,,Female,Subadult,,2018-01,2018,ASIA,IN,Madhya Pradesh,,23.722092,81.017718,,
3887845566,,Male,Subadult,,2021-03,2021,ASIA,IN,Maharashtra,,20.26666,79.4,,
3887845565,,Female,Adult,,2021,2021,ASIA,IN,Rajasthan,,26.013898,76.504682,,
3887845564,,Female,Adult,,2021,2021,ASIA,IN,Rajasthan,,26.013898,76.504682,,
3887845563,,Female,Subadult,,2021,2021,ASIA,IN,Rajasthan,,26.013898,76.504682,,
3887845562,,Male,Adult,,2021,2021,ASIA,IN,Maharashtra,,20.299667,79.447654,,
3887845561,,Female,Adult,,2021,2021,ASIA,IN,Maharashtra,,20.299667,79.447654,,
3887845560,,Female,Adult,,2021-04,2021,ASIA,IN,Rajasthan,,26.013898,76.504682,,
3887845559,,Male,Adult,,2016-06,2016,ASIA,IN,Maharashtra,,20.26666,79.4,,
3887845558,,Male,Subadult,,2019-06,2019,ASIA,IN,Maharashtra,,20.26666,79.4,,
3887845557,,Female,Adult,,2021,2021,ASIA,IN,Rajasthan,,26.013898,76.504682,,
3887845556,,Female,Adult,,2021-04-15,2021,ASIA,IN,Rajasthan,,26.013898,76.504682,,
3887845555,,Male,Adult,,2021-02,2021,ASIA,IN,Maharashtra,,20.26666,79.4,,
3887845554,,Female,Adult,,2019-12,2019,ASIA,IN,Maharashtra,,20.26666,79.4,,
3887845553,,Male,Adult,,2020,2020,ASIA,IN,Maharashtra,,20.26666,79.4,,
3887845552,,Female,Adult,,2021,2021,ASIA,IN,Madhya Pradesh,,23.722092,81.017718,,
3887845551,,Female,Adult,,2021,2021,ASIA,IN,Rajasthan,,26.013898,76.504682,,
3887845550,,Male,Adult,,2021,2021,ASIA,IN,Rajasthan,,26.013898,76.504682,,
3887845549,,Male,Adult,,2019-12,2019,ASIA,IN,Maharashtra,,20.26666,79.4,,
3887845548,,Male,Adult,,2021-01,2021,ASIA,IN,Maharashtra,,20.26666,79.4,,
3887845547,,Female,Subadult,,2021-03,2021,ASIA,IN,Rajasthan,,26.013898,76.504682,,
3887845546,,Female,Subadult,,2021,2021,ASIA,IN,Rajasthan,,26.013898,76.504682,,
3887845545,,Female,Adult,,2021-01,2021,ASIA,IN,Maharashtra,,20.26666,79.4,,
3887845544,,Female,Subadult,,2021-04,2021,ASIA,IN,Rajasthan,,26.013898,76.504682,,
3887845543,,Male,Subadult,,2021,2021,ASIA,IN,Madhya Pradesh,,23.722092,81.017718,,
3887845542,,Male,Adult,,2019-06,2019,ASIA,IN,Rajasthan,,26.013898,76.504682,,
3887845541,,Female,Subadult,,2019-06,2019,ASIA,IN,Maharashtra,,20.26666,79.4,,
3887845540,,Female,Adult,,2021-06,2021,ASIA,IN,Madhya Pradesh,,23.722092,81.017718,,
3887845539,,Female,Subadult,,2019,2019,ASIA,IN,Maharashtra,,20.26666,79.4,,
3887845538,,Male,Subadult,,2021,2021,ASIA,IN,Maharashtra,,20.26666,79.4,,
3887845537,,,,,2021,2021,ASIA,IN,Rajasthan,,26.013898,76.504682,,
3887845536,,Female,Adult,,2021-06,2021,ASIA,IN,Madhya Pradesh,,23.722092,81.017718,,
3887845535,,Male,Adult,,2019-06,2019,ASIA,IN,Rajasthan,,26.013898,76.504682,,
3887845534,,Male,Adult,,2021,2021,ASIA,IN,Maharashtra,,20.26666,79.4,,
3887845533,,Male,Adult,,2021-06-10,2021,ASIA,IN,Madhya Pradesh,,23.699079,80.976048,,
3887845532,,Female,Subadult,,2021,2021,ASIA,IN,Rajasthan,,26.013898,76.504682,,
3887845531,,Male,Adult,,2021-02,2021,ASIA,IN,Maharashtra,,20.4277,79.298564,,
3887845530,,Male,Adult,,2021-01,2021,ASIA,IN,Maharashtra,,20.26666,79.4,,
3887845529,,Male,Adult,,2019-06,2019,ASIA,IN,Rajasthan,,26.013898,76.504682,,
3887845528,,Male,Adult,,2021,2021,ASIA,IN,Rajasthan,,26.013898,76.504682,,
3887845527,,Male,Adult,,2021,2021,ASIA,IN,Maharashtra,,20.26666,79.4,,
3887845526,,,Subadult,,2021-06,2021,ASIA,IN,Madhya Pradesh,,23.722092,81.017718,,
3887845525,,Female,Adult,,2021,2021,ASIA,IN,Rajasthan,,26.013898,76.504682,,
3887845524,,Male,Adult,,2021-01,2021,ASIA,IN,Maharashtra,,20.26666,79.4,,
3887845523,,Female,Adult,,2021,2021,ASIA,IN,Rajasthan,,26.013898,76.504682,,
3887845522,,Male,Juvenile,,2021-02,2021,ASIA,IN,Maharashtra,,20.26666,79.4,,
3887845521,,Female,Subadult,,2021,2021,ASIA,IN,Rajasthan,,26.013898,76.504682,,
3887845520,,Male,Adult,,2021-02,2021,ASIA,IN,Maharashtra,,20.26666,79.4,,
3887845519,,Male,Adult,,2021,2021,ASIA,IN,Rajasthan,,26.013898,76.504682,,
3887845518,,Female,Adult,,2021,2021,ASIA,IN,Maharashtra,,20.26666,79.4,,
3887845517,,Female,Adult,,2021,2021,ASIA,IN,Rajasthan,,26.013898,76.504682,,
3887845516,,,Juvenile,,2021,2021,ASIA,IN,Maharashtra,,20.4277,79.298564,,
3887845515,,,Juvenile,,2021,2021,ASIA,IN,Maharashtra,,20.845175,79.601912,,
3887845514,,Female,Adult,,2021,2021,ASIA,IN,Maharashtra,,20.845175,79.601912,,
3887845513,,,Subadult,,2019-06,2019,ASIA,IN,Madhya Pradesh,,23.722092,81.017718,,
3887845512,,Male,Adult,,2021-06,2021,ASIA,IN,Madhya Pradesh,,23.722092,81.017718,,
3887845511,,Male,Adult,,2021-06-06,2021,ASIA,IN,Madhya Pradesh,,23.722092,81.017718,,
3887845510,,,Juvenile,,2021,2021,ASIA,IN,Maharashtra,,20.845175,79.601912,,
3887845509,,Male,Adult,,2021-06,2021,ASIA,IN,Madhya Pradesh,,23.722092,81.017718,,
3887845508,,Female,Adult,,2021-06,2021,ASIA,IN,Madhya Pradesh,,23.722092,81.017718,,
3887845507,,Male,Subadult,,2021,2021,ASIA,IN,Madhya Pradesh,,23.722092,81.017718,,
3887845506,,,Juvenile,,2021,2021,ASIA,IN,Maharashtra,,20.845175,79.601912,,
3887845505,,Female,Adult,,2021-06,2021,ASIA,IN,Madhya Pradesh,,23.722092,81.017718,,
3887845504,,Male,Adult,,2021,2021,ASIA,IN,Maharashtra,,20.866916,79.475257,,
3887845503,,Male,Subadult,,2021,2021,ASIA,IN,Madhya Pradesh,,23.722092,81.017718,,
3887845502,,,Juvenile,,2021,2021,ASIA,IN,Maharashtra,,20.845175,79.601912,,
3887845501,,Female,Subadult,,2015-01,2015,ASIA,IN,Madhya Pradesh,,23.722092,81.017718,,
3887845500,,Female,Adult,,2021-06-12,2021,ASIA,IN,Madhya Pradesh,,23.722092,81.017718,,
3887845499,,Female,Adult,,2021,2021,ASIA,IN,Maharashtra,,20.845175,79.601912,,
3887845498,,Female,Adult,,2021,2021,ASIA,IN,Maharashtra,,20.866916,79.475257,,
3887845497,,Female,Adult,,2021,2021,ASIA,IN,Maharashtra,,20.845175,79.601912,,
3887845496,,Female,Subadult,,2021-06-21,2021,ASIA,IN,Madhya Pradesh,,23.722092,81.017718,,
3887845495,,Male,Subadult,,2021,2021,ASIA,IN,Madhya Pradesh,,23.722092,81.017718,,
3887845494,,Female,Adult,,2021-03,2021,ASIA,IN,Maharashtra,,20.845175,79.601912,,
3887845493,,Male,Adult,,2021,2021,ASIA,IN,Maharashtra,,20.866916,79.475257,,
3887845492,,Male,Subadult,,2021,2021,ASIA,IN,Maharashtra,,20.845175,79.601912,,
3887845491,,Female,Subadult,,2021-06-21,2021,ASIA,IN,Madhya Pradesh,,23.722092,81.017718,,
3887845490,,Female,Subadult,,2021-06-21,2021,ASIA,IN,Madhya Pradesh,,23.722092,81.017718,,
3887845489,,,Juvenile,,2021,2021,ASIA,IN,Maharashtra,,20.866916,79.475257,,
3887845488,,Male,Adult,,2020-11-18,2020,ASIA,IN,Madhya Pradesh,,23.722092,81.017718,,
3887845487,,Male,Adult,,2021-03,2021,ASIA,IN,Maharashtra,,20.845175,79.601912,,
3887845486,,,Adult,,2020,2020,ASIA,IN,West Bengal,,21.904322,88.867629,,
3887845485,,Male,Adult,,2021-03,2021,ASIA,IN,Maharashtra,,20.845175,79.601912,,
3887845484,,Female,Adult,,2021-06-21,2021,ASIA,IN,Madhya Pradesh,,23.722092,81.017718,,
3887845483,,Male,Adult,,2021,2021,ASIA,IN,Maharashtra,,20.866916,79.475257,,
3887845482,,Male,Adult,,2021-06-09,2021,ASIA,IN,Madhya Pradesh,,23.722092,81.017718,,
3887845481,,,Adult,,2020,2020,ASIA,IN,West Bengal,,21.904322,88.867629,,
3887845480,,Male,Adult,,2020,2020,ASIA,IN,West Bengal,,21.904322,88.867629,,
3887845479,,Female,Adult,,2021,2021,ASIA,IN,Madhya Pradesh,,23.722092,81.017718,,
3887845478,,Female,Adult,,2021,2021,ASIA,IN,Maharashtra,,20.845175,79.601912,,
3887845477,,Male,Adult,,2021-06,2021,ASIA,IN,Madhya Pradesh,,23.722092,81.017718,,
3887845476,,Female,Adult,,2021,2021,ASIA,IN,Maharashtra,,20.866916,79.475257,,
3887845475,,Male,Adult,,2021-02,2021,ASIA,IN,Maharashtra,,20.845175,79.601912,,
3887845474,,,Adult,,2018-08,2018,ASIA,IN,West Bengal,,22.107393,88.818755,,
3887845473,,,Subadult,,2021,2021,ASIA,IN,Madhya Pradesh,,23.722092,81.017718,,
3887845472,,Male,Adult,,2020-02,2020,ASIA,IN,Maharashtra,,20.866916,79.475257,,
3887845471,,Male,Adult,,2021-06-13,2021,ASIA,IN,Madhya Pradesh,,23.722092,81.017718,,
3887845470,,Female,Adult,,2021,2021,ASIA,IN,Madhya Pradesh,,23.725068,81.023449,,
3887845469,,Male,Adult,,2021-06-04,2021,ASIA,IN,Madhya Pradesh,,23.722092,81.017718,,
3887845468,,,Juvenile,,2021-06,2021,ASIA,IN,Madhya Pradesh,,23.722092,81.017718,,
3887845467,,,Juvenile,,2021-06-04,2021,ASIA,IN,Madhya Pradesh,,23.722092,81.017718,,
3887845466,,,Adult,,2018-10,2018,ASIA,IN,West Bengal,,22.107393,88.818755,,
3887845465,,,,,2020-12,2020,ASIA,IN,West Bengal,,21.904322,88.867629,,
3887845464,,Male,Adult,,2020,2020,ASIA,IN,West Bengal,,21.904322,88.867629,,
3887845463,,Female,Subadult,,2021-06-21,2021,ASIA,IN,Madhya Pradesh,,23.722092,81.017718,,
3887845462,,Male,Adult,,2021,2021,ASIA,IN,Madhya Pradesh,,23.722092,81.017718,,
3887845461,,Female,Adult,,2021-06,2021,ASIA,IN,Madhya Pradesh,,23.722092,81.017718,,
3887845460,,,Subadult,,2021,2021,ASIA,IN,Madhya Pradesh,,23.722092,81.017718,,
3887845459,,Female,Adult,,2021-06-21,2021,ASIA,IN,Madhya Pradesh,,23.722092,81.017718,,
3887845458,,Female,Adult,,2021-02,2021,ASIA,IN,West Bengal,,21.904322,88.867629,,
3887845457,,Male,Adult,,2017,2017,ASIA,IN,West Bengal,,21.904322,88.867629,,
3887845456,,,Adult,,2020,2020,ASIA,IN,West Bengal,,21.904322,88.867629,,
3887845455,,Female,Adult,,2021-06,2021,ASIA,IN,Madhya Pradesh,,21.939914,80.642733,,
3887845454,,Male,Adult,,2021,2021,ASIA,IN,Madhya Pradesh,,23.722092,81.017718,,
3887845453,,Male,Adult,,2021,2021,ASIA,IN,Madhya Pradesh,,23.699079,80.976048,,
3887845452,,Male,Adult,,2021-03,2021,ASIA,IN,West Bengal,,21.904322,88.867629,,
3887845451,,Female,Adult,,2018-10,2018,ASIA,IN,West Bengal,,22.107393,88.818755,,
3887845450,,Male,Adult,,2021,2021,ASIA,IN,West Bengal,,21.904322,88.867629,,
3887845449,,,Adult,,2021,2021,ASIA,IN,West Bengal,,21.904322,88.867629,,
3887845448,,Female,Adult,,2020-10,2020,ASIA,IN,West Bengal,,22.107393,88.818755,,
3887845447,,Female,Adult,,2021,2021,ASIA,IN,Madhya Pradesh,,21.939914,80.642733,,
3887845446,,Female,Adult,,2020-10,2020,ASIA,IN,West Bengal,,22.107393,88.818755,,
3887845445,,,Adult,,2020,2020,ASIA,IN,West Bengal,,21.904322,88.867629,,
3887845444,,Male,Adult,,2019,2019,ASIA,IN,West Bengal,,21.904322,88.867629,,
3887845443,,,Adult,,2017-08,2017,ASIA,IN,West Bengal,,21.904322,88.867629,,
3887845442,,Male,Adult,,2017,2017,ASIA,IN,West Bengal,,21.904322,88.867629,,
3887845441,,Male,Adult,,2020-12,2020,ASIA,IN,West Bengal,,21.904322,88.867629,,
3887845440,,,Adult,,2021-02,2021,ASIA,IN,West Bengal,,21.904322,88.867629,,
3887845439,,Female,Adult,,2021-02,2021,ASIA,IN,West Bengal,,21.904322,88.867629,,
3887845438,,,Adult,,2021-02,2021,ASIA,IN,West Bengal,,21.904322,88.867629,,
3887845437,,Female,Adult,,2021-02,2021,ASIA,IN,West Bengal,,21.904322,88.867629,,
3887845436,,,Adult,,2021-02,2021,ASIA,IN,West Bengal,,21.904322,88.867629,,
3887845435,,Male,Adult,,2021-06,2021,ASIA,IN,Madhya Pradesh,,21.939914,80.642733,,
3887845434,,Female,Adult,,2021-02,2021,ASIA,IN,West Bengal,,21.904322,88.867629,,
3887845433,,Male,Adult,,2021,2021,ASIA,IN,Madhya Pradesh,,21.939914,80.642733,,
3887845432,,,Adult,,2021-02,2021,ASIA,IN,West Bengal,,21.904322,88.867629,,
3887845431,,,,,2021,2021,ASIA,IN,West Bengal,,21.904322,88.867629,,
3887845430,,,,,2021-02,2021,ASIA,IN,West Bengal,,21.904322,88.867629,,
3887845429,,,,,2021-03,2021,ASIA,IN,West Bengal,,21.904322,88.867629,,
3887845428,,,,,2018-11,2018,ASIA,IN,West Bengal,,21.904322,88.867629,,
3887845427,,Male,Adult,,2018-11,2018,ASIA,IN,West Bengal,,21.904322,88.867629,,
3887845426,,,,,2020-12,2020,ASIA,IN,West Bengal,,21.904322,88.867629,,
3887845425,,,Adult,,2020-12,2020,ASIA,IN,West Bengal,,21.904322,88.867629,,
3887845424,,Male,Adult,,2021-03,2021,ASIA,IN,West Bengal,,21.904322,88.867629,,
3887845423,,Female,Adult,,2015-07,2015,ASIA,IN,West Bengal,,21.904322,88.867629,,
3887845422,,Male,Adult,,2018-11,2018,ASIA,IN,West Bengal,,21.904322,88.867629,,
3887845421,,,Adult,,2015-12,2015,ASIA,IN,West Bengal,,21.904322,88.867629,,
3887845420,,Female,Adult,,2020-02,2020,ASIA,IN,Uttarakhand,,29.534069,79.069799,,
3887845419,,Male,Adult,,2018-11,2018,ASIA,IN,West Bengal,,21.904322,88.867629,,
3887845418,,Female,Subadult,,2020-02,2020,ASIA,IN,Uttarakhand,,29.562076,78.759586,,
3887845417,,,Adult,,2020,2020,ASIA,IN,West Bengal,,21.904322,88.867629,,
3887845416,,Male,Adult,,2018-11,2018,ASIA,IN,West Bengal,,21.904322,88.867629,,
3887845415,,Male,Adult,,2021-06,2021,ASIA,IN,Madhya Pradesh,,21.939914,80.642733,,
3887845414,,,Adult,,2010-03-07,2010,ASIA,IN,West Bengal,,21.99958,88.775213,,
3887845413,,Female,Adult,,2020-12,2020,ASIA,IN,West Bengal,,21.904322,88.867629,,
3887845412,,,Subadult,,2018-11,2018,ASIA,IN,West Bengal,,21.904322,88.867629,,
3887845411,,,Adult,,2017-11,2017,ASIA,IN,West Bengal,,21.904322,88.867629,,
3887845410,,Male,Adult,,2021,2021,ASIA,IN,West Bengal,,21.904322,88.867629,,
3887845409,,Female,Adult,,2019-12,2019,ASIA,IN,West Bengal,,21.904322,88.867629,,
3887845408,,Male,Adult,,2018-12-05,2018,ASIA,IN,West Bengal,,21.904322,88.867629,,
3887845407,,Male,Adult,,2019-12,2019,ASIA,IN,West Bengal,,21.904322,88.867629,,
3887845406,,Female,Subadult,,2021,2021,ASIA,IN,Madhya Pradesh,,22.458053,78.155155,,
3887845405,,Male,Adult,,2018-11,2018,ASIA,IN,West Bengal,,21.904322,88.867629,,
3887845404,,Female,Adult,,2021,2021,ASIA,IN,Madhya Pradesh,,21.939914,80.642733,,
3887845403,,,Juvenile,,2020-10,2020,ASIA,IN,Uttarakhand,,29.517615,78.852645,,
3887845402,,Female,Adult,,2021-03,2021,ASIA,IN,Madhya Pradesh,,22.43336,78.225097,,
3887845401,,Female,Adult,,2021-03,2021,ASIA,IN,Madhya Pradesh,,22.43336,78.225097,,
3887845400,,Male,Adult,,2021,2021,ASIA,IN,Madhya Pradesh,,21.939914,80.642733,,
3887845399,,Female,Adult,,2020-10,2020,ASIA,IN,Uttarakhand,,29.517615,78.852645,,
3887845398,,Male,Subadult,,2021-03-21,2021,ASIA,IN,Madhya Pradesh,,22.43336,78.225097,,
3887845397,,Female,Adult,,2021-06,2021,ASIA,IN,Madhya Pradesh,,21.939914,80.642733,,
3887845396,,Male,Adult,,2021,2021,ASIA,IN,Madhya Pradesh,,22.43336,78.225097,,
3887845395,,,Subadult,,2021-04,2021,ASIA,IN,Madhya Pradesh,,22.43336,78.225097,,
3887845394,,Female,Subadult,,2020-02,2020,ASIA,IN,Uttarakhand,,29.563036,78.892366,,
3887845393,,,,,2021,2021,ASIA,IN,Madhya Pradesh,,22.43336,78.225097,,
3887845392,,Female,Adult,,2021,2021,ASIA,IN,Madhya Pradesh,,22.458053,78.155155,,
3887845391,,Female,Adult,,2021-04,2021,ASIA,IN,Madhya Pradesh,,22.43336,78.225097,,
3887845390,,Female,Adult,,2021,2021,ASIA,IN,Madhya Pradesh,,22.458053,78.155155,,
3887845389,,Male,Adult,,2021-03-19,2021,ASIA,IN,Rajasthan,,27.347621,76.451299,,
3887845388,,Female,Adult,,2019-05,2019,ASIA,IN,Rajasthan,,27.347621,76.451299,,
3887845387,,Female,Adult,,2021,2021,ASIA,IN,Rajasthan,,27.347621,76.451299,,
3887845386,,Female,Subadult,,2020-02,2020,ASIA,IN,Uttarakhand,,29.563036,78.892366,,
3887845385,,Female,Subadult,,2020-02,2020,ASIA,IN,Uttarakhand,,29.562076,78.759586,,
3887845384,,Male,Adult,,2021-04,2021,ASIA,IN,Rajasthan,,27.347621,76.451299,,
3887845383,,Female,Adult,,2021-01,2021,ASIA,IN,Rajasthan,,27.347621,76.451299,,
3887845382,,Female,Subadult,,2020-02,2020,ASIA,IN,Uttarakhand,,29.563036,78.892366,,
3887845381,,Female,Adult,,2020-11,2020,ASIA,IN,Rajasthan,,27.347621,76.451299,,
3887845380,,Female,Subadult,,2020-02,2020,ASIA,IN,Uttarakhand,,29.563036,78.892366,,
3887845379,,Female,Adult,,2021-02,2021,ASIA,IN,Rajasthan,,27.347621,76.451299,,
3887845378,,Female,Subadult,,2020-02,2020,ASIA,IN,Uttarakhand,,29.563036,78.892366,,
3887845377,,Female,Adult,,2021,2021,ASIA,IN,Rajasthan,,27.347621,76.451299,,
3887845376,,Female,Adult,,2019-02,2019,ASIA,IN,Uttarakhand,,29.534069,79.069799,,
3887845375,,Male,Adult,,2021-02,2021,ASIA,IN,Uttarakhand,,29.534069,79.069799,,
3887845374,,,Juvenile,,2020-10,2020,ASIA,IN,Uttarakhand,,29.517615,78.852645,,
3887845373,,Male,Adult,,2022,2022,ASIA,IN,Rajasthan,,26.013898,76.504682,,
3887845372,,Female,Subadult,,2021,2021,ASIA,IN,Rajasthan,,26.013898,76.504682,,
3887845371,,Female,Subadult,,2021,2021,ASIA,IN,Rajasthan,,26.013898,76.504682,,
3887845370,,Female,Adult,,2021-02-16,2021,ASIA,IN,Rajasthan,,26.109356,76.518211,,
3887845369,,,,,2021,2021,ASIA,IN,Rajasthan,,26.013898,76.504682,,
3887845368,,,Juvenile,,2020-10,2020,ASIA,IN,Uttarakhand,,29.517615,78.852645,,
3887845367,,Female,Subadult,,2018,2018,ASIA,IN,Rajasthan,,26.013898,76.504682,,
3887845366,,Male,Adult,,2019,2019,ASIA,IN,Madhya Pradesh,,23.610572,82.37069,,
3887845365,,Female,Adult,,2021,2021,ASIA,IN,Rajasthan,,26.013898,76.504682,,
3887845364,,Female,Adult,,2019-02,2019,ASIA,IN,Uttarakhand,,29.563036,78.892366,,
3887845363,,Female,Adult,,2021-03-01,2021,ASIA,IN,Rajasthan,,26.013898,76.504682,,
3887845362,,Female,Adult,,2020-09,2020,ASIA,IN,Uttarakhand,,29.563036,78.892366,,
3887845361,,Female,Adult,,2021,2021,ASIA,IN,Uttarakhand,,29.534069,79.069799,,
3887845360,,,Juvenile,,2021-01-20,2021,ASIA,IN,Uttarakhand,,29.534069,79.069799,,
3887845359,,Female,Adult,,2021-02,2021,ASIA,IN,Uttarakhand,,29.534069,79.069799,,
3887845358,,Male,Adult,,2019,2019,ASIA,IN,Rajasthan,,26.013898,76.504682,,
3887845357,,,Subadult,,2021-02,2021,ASIA,IN,Uttarakhand,,29.534069,79.069799,,
3887845356,,Female,Adult,,2021,2021,ASIA,IN,Rajasthan,,26.013898,76.504682,,
3887845355,,,Subadult,,2021,2021,ASIA,IN,Uttarakhand,,29.562076,78.759586,,
3887845354,,Female,Adult,,2021,2021,ASIA,IN,Uttarakhand,,29.534069,79.069799,,
3887845353,,Female,Adult,,2019,2019,ASIA,IN,Rajasthan,,26.013898,76.504682,,
3887845352,,Female,Adult,,2018-04,2018,ASIA,IN,Uttarakhand,,29.563036,78.892366,,
3887845351,,Male,Adult,,2019,2019,ASIA,IN,Rajasthan,,26.013898,76.504682,,
3887845350,,Male,Adult,,2021,2021,ASIA,IN,Rajasthan,,26.013898,76.504682,,
3887845349,,Male,Adult,,2019,2019,ASIA,IN,Rajasthan,,26.013898,76.504682,,
3887845348,,Female,Adult,,2021-01-20,2021,ASIA,IN,Uttarakhand,,29.534069,79.069799,,
3887845347,,Female,Subadult,,2018,2018,ASIA,IN,Uttarakhand,,29.563036,78.892366,,
3887845346,,Male,Adult,,2019-04,2019,ASIA,IN,Rajasthan,,26.013898,76.504682,,
3887845345,,,Subadult,,2021-02,2021,ASIA,IN,Uttarakhand,,29.534069,79.069799,,
3887845344,,Female,Adult,,2021-02,2021,ASIA,IN,Uttarakhand,,29.563036,78.892366,,
3887845343,,,,,2021-03,2021,ASIA,IN,Maharashtra,,20.26666,79.4,,
3887845342,,Female,Adult,,2016-12,2016,ASIA,IN,Maharashtra,,20.26666,79.4,,
3887845341,,Female,Adult,,2018-04,2018,ASIA,IN,Uttarakhand,,29.563036,78.892366,,
3887845340,,Female,Adult,,2021-01-26,2021,ASIA,IN,Uttarakhand,,29.563036,78.892366,,
3887845339,,,Subadult,,2021-04,2021,ASIA,IN,Maharashtra,,20.26666,79.4,,
3887845338,,,Subadult,,2021-04,2021,ASIA,IN,Maharashtra,,20.26666,79.4,,
3887845337,,Female,Subadult,,2020,2020,ASIA,IN,Rajasthan,,26.039992,76.473327,,
3887845336,,Male,Adult,,2021-04,2021,ASIA,IN,Maharashtra,,20.26666,79.4,,
3887845335,,Female,Adult,,2021-01,2021,ASIA,IN,Uttarakhand,,29.534069,79.069799,,
3887845334,,Female,Adult,,2021-02,2021,ASIA,IN,Uttarakhand,,29.563036,78.892366,,
3887845333,,,Juvenile,,2021-02,2021,ASIA,IN,Uttarakhand,,29.563036,78.892366,,
3887845332,,Male,Adult,,2019-05,2019,ASIA,IN,Maharashtra,,20.26666,79.4,,
3887845331,,Male,Adult,,2021,2021,ASIA,IN,Maharashtra,,20.26666,79.4,,
3887845330,,Male,Adult,,2019-05,2019,ASIA,IN,Maharashtra,,20.26666,79.4,,
3887845329,,Female,Adult,,2021-03-04,2021,ASIA,IN,Rajasthan,,26.013898,76.504682,,
3887845328,,Male,Adult,,2019,2019,ASIA,IN,Rajasthan,,26.013898,76.504682,,
3887845327,,Female,Subadult,,2020,2020,ASIA,IN,Rajasthan,,26.039992,76.473327,,
3887845326,,,Subadult,,2021-04,2021,ASIA,IN,Maharashtra,,20.446563,79.275322,,
3887845325,,,,,2018,2018,ASIA,IN,Rajasthan,,26.013898,76.504682,,
3887845324,,Female,Adult,,2021-02,2021,ASIA,IN,Uttarakhand,,29.563036,78.892366,,
3887845323,,Male,Subadult,,2021,2021,ASIA,IN,Rajasthan,,26.013898,76.504682,,
3887845322,,,Subadult,,2021,2021,ASIA,IN,Rajasthan,,26.013898,76.504682,,
3887845321,,Male,Subadult,,2021,2021,ASIA,IN,Rajasthan,,26.013898,76.504682,,
3887845320,,Male,Adult,,2021,2021,ASIA,IN,Maharashtra,,20.298737,79.479268,,
3887845319,,Male,Adult,,2021-01,2021,ASIA,IN,Uttarakhand,,29.563036,78.892366,,
3887845318,,Male,Subadult,,2021,2021,ASIA,IN,Maharashtra,,20.26666,79.4,,
3887845317,,Male,Adult,,2021,2021,ASIA,IN,Maharashtra,,20.26666,79.4,,
3887845316,,,Adult,,2020-11-17,2020,ASIA,IN,Uttarakhand,,29.563036,78.892366,,
3887845315,,Female,Subadult,,2021,2021,ASIA,IN,Rajasthan,,26.013898,76.504682,,
3887845314,,Female,Subadult,,2021-04,2021,ASIA,IN,Maharashtra,,20.298737,79.479268,,
3887845313,,Male,Adult,,2021,2021,ASIA,IN,Maharashtra,,20.26666,79.4,,
3887845312,,,Adult,,2020-11-17,2020,ASIA,IN,Uttarakhand,,29.563036,78.892366,,
3887845311,,,Subadult,,2021,2021,ASIA,IN,Rajasthan,,26.013898,76.504682,,
3887845310,,,Subadult,,2021,2021,ASIA,IN,Rajasthan,,26.013898,76.504682,,
3887845309,,,Adult,,2020-11-17,2020,ASIA,IN,Uttarakhand,,29.563036,78.892366,,
3887845308,,,Adult,,2021-01,2021,ASIA,IN,Uttarakhand,,29.563036,78.892366,,
3887845307,,Male,Adult,,2019,2019,ASIA,IN,Maharashtra,,20.26666,79.4,,
3887845306,,Female,Adult,,2020-10,2020,ASIA,IN,Rajasthan,,26.013898,76.504682,,
3887845305,,Female,Subadult,,2021,2021,ASIA,IN,Maharashtra,,20.26666,79.4,,
3887845304,,,Subadult,,2020-02,2020,ASIA,IN,Uttarakhand,,29.563036,78.892366,,
3887845303,,Female,Adult,,2021,2021,ASIA,IN,Rajasthan,,26.013898,76.504682,,
3887845302,,Female,Subadult,,2021,2021,ASIA,IN,Rajasthan,,26.013898,76.504682,,
3887845301,,Female,Adult,,2021,2021,ASIA,IN,Rajasthan,,26.013898,76.504682,,
3881719572,,,,,2018-04-21 17:28,2018,ASIA,IN,Uttarakhand,"Uttarakhand, IN",29.59861,78.988689,2022-07-31 19:33:59,130793
3881654604,,,,,2018-04-22 17:41,2018,ASIA,IN,Uttarakhand,"Uttarakhand, IN",29.441101,78.915969,2022-08-01 18:16:54,130793
3881431254,,,,,2018-04-21 6:44,2018,ASIA,IN,Uttarakhand,"Uttarakhand, IN",29.407338,78.849054,2022-07-31 19:34:03,130793
3873313929,,,,,2022-07-13 17:38,2022,ASIA,IN,Karnataka,"Karnataka, IN",11.887775,76.097306,2022-07-16 8:55:03,130793
3872938196,,,,,2022-07-09,2022,ASIA,IN,Rajasthan,"Sawai Madhopur, IN-RJ, IN",26.028402,76.591673,2022-07-12 6:52:00,130793
3860695916,,,,,2019-04-14 5:33:34,2019,ASIA,IN,Madhya Pradesh,"Madhya Pradesh, IN",22.412135,80.616276,2022-06-24 19:11:52,130793
3860548081,,,,,2019-04-15 5:51:20,2019,ASIA,IN,Madhya Pradesh,"Madhya Pradesh, IN",22.488421,80.762755,2022-06-25 3:58:33,130793
3860527054,,,,,2019-04-11 6:30:50,2019,ASIA,IN,Madhya Pradesh,"Madhya Pradesh, IN",21.840044,79.490675,2022-06-17 13:15:06,130793
3860518854,"{""evidenceOfPresence"":""organism""}",,,,2022-05-28 6:22:12,2022,ASIA,IN,Maharashtra,"Chandrapur, IN-MH, IN",20.381187,79.33998,2022-06-15 14:57:48,130793
3860426144,,,,,2019-04-20 18:54:55,2019,ASIA,IN,Madhya Pradesh,"Madhya Pradesh, IN",23.592357,81.141769,2022-06-26 16:33:09,130793
3860317015,,,,,2019-04-16 19:53:47,2019,ASIA,IN,Madhya Pradesh,"Madhya Pradesh, IN",22.592288,80.67532,2022-06-25 14:54:05,130793
3860271128,,,,,2019-04-19 18:34:03,2019,ASIA,IN,Madhya Pradesh,"Madhya Pradesh, IN",23.518942,81.009304,2022-06-26 6:42:00,130793
3859968162,"{""evidenceOfPresence"":""track""}",,,,2022-06-27,2022,ASIA,IN,Uttarakhand,"Uttarakhand, IN",29.769792,78.653597,2022-07-03 7:23:49,130793
3859890071,,,,,2019-04-17 21:50:38,2019,ASIA,IN,Madhya Pradesh,"Madhya Pradesh, IN",23.470811,81.097753,2022-06-25 20:50:26,130793
3859728659,"{""evidenceOfPresence"":""organism""}",Female,Adult,"My first wild tiger! Notes: Female, 3-4 years of age, seen cooling off at a waterhole, doing a flehmen response and then marking trees with her urine repeatedly.",2022-04-29 7:58,2022,ASIA,IN,Karnataka,"Karnataka, IN",11.925172,76.064807,2022-06-29 15:26:31,130793
3859634249,,,,,2019-04-20 5:55:23,2019,ASIA,IN,Madhya Pradesh,"Madhya Pradesh, IN",23.586266,81.096181,2022-06-26 15:02:24,130793
3859523098,,,,,2022-06-02 17:58,2022,ASIA,IN,Maharashtra,"Maharashtra, IN",21.79673,79.218958,2022-06-10 5:50:41,130793
3859433070,,,,,2022-06-02 17:57,2022,ASIA,IN,Maharashtra,"Maharashtra, IN",21.638732,79.210616,2022-06-10 5:50:49,130793
3859301140,,,,,2019-04-15 4:39:49,2019,ASIA,IN,Madhya Pradesh,"Madhya Pradesh, IN",22.491165,80.6216,2022-06-25 3:29:28,130793
3859152002,,,,,2006-11-15 11:56,2006,ASIA,IN,Madhya Pradesh,"Madhya Pradesh, IN",23.712399,81.035044,2022-07-03 10:52:48,130793
3858943205,,,,,2019-04-16 5:18:22,2019,ASIA,IN,Madhya Pradesh,"Madhya Pradesh, IN",22.510536,80.784913,2022-06-25 14:35:30,130793
3858942061,,,,,2019-04-15 4:23:12,2019,ASIA,IN,Madhya Pradesh,"Madhya Pradesh, IN",22.44142,80.635622,2022-06-25 3:27:44,130793
3858741116,,,,,2022-06-03 7:46,2022,ASIA,IN,Maharashtra,"Maharashtra, IN",21.643827,79.309495,2022-06-10 5:49:19,130793
3858708059,,,,,2019-04-16 19:52:48,2019,ASIA,IN,Madhya Pradesh,"Madhya Pradesh, IN",22.440185,80.725662,2022-06-25 14:44:02,130793
3858606918,,,,,2019-04-12 6:17:42,2019,ASIA,IN,Madhya Pradesh,"Madhya Pradesh, IN",21.925963,79.479764,2022-06-24 0:11:06,130793
3858505141,,,,,2022-06-03 7:56,2022,ASIA,IN,Maharashtra,"Maharashtra, IN",21.720998,79.240907,2022-06-10 5:49:04,130793
3858477115,,,,,2022-06-03 7:45,2022,ASIA,IN,Maharashtra,"Maharashtra, IN",21.6278,79.325211,2022-06-10 5:49:36,130793
3858468095,,,,,2019-04-11 19:29:03,2019,ASIA,IN,Madhya Pradesh,"Madhya Pradesh, IN",21.838648,79.45547,2022-06-18 3:49:17,130793
3818511839,,,,"Panthera tigris voucher AIWC 314 large subunit ribosomal RNA gene, partial sequence mitochondrial.",2021-07-07,2021,ASIA,IN,,,,,,ASV:e9f1280fb207abfa6bb6e826e3c88310
3818475796,,,,"Panthera tigris voucher AIWC 312 small subunit ribosomal RNA gene, partial sequence mitochondrial.",2021-07-07,2021,ASIA,IN,,,,,,ASV:162f7d696d3005316cc0a45c63f3b0c1
3818037862,,,,"Panthera tigris isolate 310 cytochrome b gene, partial cds mitochondrial.",2021-07-07,2021,ASIA,IN,,,,,,ASV:25047835eaf0c7ea3cc520ee789e7f58
3802764998,,,,,2022-05-21 6:35,2022,ASIA,IN,Madhya Pradesh,"Madhya Pradesh, IN",23.751228,81.05764,2022-05-27 0:16:48,130793
3802754038,,,,,2022-05-21 6:20,2022,ASIA,IN,Madhya Pradesh,"Madhya Pradesh, IN",23.753765,81.015046,2022-09-12 16:04:16,130793
3802738005,,,,,2022-05-20 18:52,2022,ASIA,IN,Madhya Pradesh,"Madhya Pradesh, IN",23.6423,81.137188,2022-05-27 0:29:15,130793
3802729534,,,,,2022-05-20 18:19,2022,ASIA,IN,Madhya Pradesh,"Madhya Pradesh, IN",23.747912,81.017676,2022-09-12 16:04:35,130793
3802728637,,,,,2022-05-20 17:58,2022,ASIA,IN,Madhya Pradesh,"Madhya Pradesh, IN",23.735796,81.146916,2022-09-12 16:04:52,130793
3802649867,,,,,2022-05-20 16:41,2022,ASIA,IN,Madhya Pradesh,"Madhya Pradesh, IN",23.728728,81.025855,2022-11-15 1:00:29,130793
3802636781,,,,,2022-05-20 16:46,2022,ASIA,IN,Madhya Pradesh,"Madhya Pradesh, IN",23.756461,81.141102,2022-11-15 0:59:51,130793
3802579007,,,,,2022-05-20 16:34,2022,ASIA,IN,Madhya Pradesh,"Madhya Pradesh, IN",23.702434,81.117475,2022-11-15 1:10:56,130793
3802570976,,,,,2022-05-20 16:44,2022,ASIA,IN,Madhya Pradesh,"Madhya Pradesh, IN",23.738336,81.034503,2022-11-15 0:59:44,130793
3802545014,,,,,2022-05-20 16:40,2022,ASIA,IN,Madhya Pradesh,"Madhya Pradesh, IN",23.682377,81.011121,2022-09-12 16:06:17,130793
3802528919,,,,,2022-05-20 17:44,2022,ASIA,IN,Madhya Pradesh,"Madhya Pradesh, IN",23.733491,81.178598,2022-11-15 1:00:03,130793
3802523848,,,,,2022-05-20 16:41,2022,ASIA,IN,Madhya Pradesh,"Madhya Pradesh, IN",23.661688,81.058659,,130793
3802496963,,,,,2022-05-20 16:40,2022,ASIA,IN,Madhya Pradesh,"Madhya Pradesh, IN",23.704617,81.017034,2022-06-22 16:33:54,130793
3802491822,,,,,2022-05-20 16:42,2022,ASIA,IN,Madhya Pradesh,"Madhya Pradesh, IN",23.739125,81.101565,2022-11-15 1:00:16,130793
3802473038,,,,,2022-05-20 16:43,2022,ASIA,IN,Madhya Pradesh,"Madhya Pradesh, IN",23.654231,81.196703,2022-11-15 1:00:09,130793
3802456951,,,,,2022-05-20 16:55,2022,ASIA,IN,Madhya Pradesh,"Madhya Pradesh, IN",23.681217,81.193511,2022-11-15 0:59:56,130793
3784862790,"{""evidenceOfPresence"":""organism""}",,Adult,,2022-05-16 22:30:28,2022,ASIA,IN,Rajasthan,"Rajasthan, IN",27.68422,75.458982,2022-05-19 7:10:43,130793
3773577578,,,,,2015-03-04 15:52,2015,ASIA,IN,Rajasthan,"Sawai Madhopur, IN-RJ, IN",26.154512,76.590788,2022-05-09 5:08:24,130793
3772748039,,,,,2021-11-14 15:42:24,2021,ASIA,IN,Rajasthan,"Sawai Madhopur, IN-RJ, IN",25.982508,76.557972,2022-04-30 8:17:42,130793
3760186852,"{""evidenceOfPresence"":""organism""}",,Adult,,2022-04-03 10:47:14,2022,ASIA,IN,West Bengal,"North 24 Parganas, IN-WB, IN",21.979568,88.994758,2022-04-05 1:17:59,130793
3759873501,,,,,2015-12-24 13:20,2015,ASIA,IN,Madhya Pradesh,"Balaghat, IN-MP, IN",21.851007,79.923249,2020-12-22 23:31:47,41967
3759212801,"{""evidenceOfPresence"":""scat""}",Indeterminate,Adult,,2021-10-06 7:40,2021,ASIA,IN,Karnataka,"Karnataka, IN",12.113633,76.015638,2022-01-30 3:07:23,130793
3759186863,"{""evidenceOfPresence"":""track""}",,,Pug mark,2022-01-27 9:08:07,2022,ASIA,IN,Karnataka,"Chamrajnagar, IN-KA, IN",12.114548,77.280909,2022-02-12 7:40:43,41967
3759136804,"{""evidenceOfPresence"":""track""}",Indeterminate,Adult,,2021-10-06 6:48,2021,ASIA,IN,Karnataka,"Karnataka, IN",12.054428,76.045066,2022-01-30 3:08:11,130793
3759090791,"{""evidenceOfPresence"":""track""}",,,Indirect sighting...pug mark,2022-02-01 12:54:06,2022,ASIA,IN,Karnataka,"Karnataka, IN",12.121716,77.307226,2022-02-12 7:37:58,41967
3759088301,"{""evidenceOfPresence"":""scat""}",,,"Still fresh (?). Shot early one morning, while dangling over the side of a gypsy/jeep in Kanha National Park.",2012-03-21 8:00,2012,ASIA,IN,Madhya Pradesh,"Madhya Pradesh, IN",22.358867,80.499638,2012-07-26 14:40:46,130793
3747020349,,,,,2019-02-24,2019,ASIA,IN,Madhya Pradesh,"Madhya Pradesh, IN",22.252017,80.745318,2020-03-13 11:08:01,130793
3712475589,,,,,2019-02-04 14:09:30,2019,ASIA,IN,Rajasthan,"Sawai Madhopur, IN-RJ, IN",26.0774,76.42728,2022-03-10 17:17:34,130793
3712404125,,,,,2021-11-12 16:41:58,2021,ASIA,IN,Rajasthan,"Sawai Madhopur, IN-RJ, IN",26.177445,76.416798,2022-03-09 3:59:40,130793
3698073649,,,,,2014-11-03 18:09,2014,ASIA,IN,Rajasthan,"Sawai Madhopur, IN-RJ, IN",26.12148,76.497926,2022-02-19 23:14:54,130793
3499703428,,,,,2012-04-05 3:23,2012,ASIA,IN,Madhya Pradesh,"Madhya Pradesh, IN",22.384677,80.797251,2022-02-16 15:32:48,130793
3499640494,"{""evidenceOfPresence"":""track""}",,,Bengal tiger foot prints,2021-10-15T14:54Z,2021,ASIA,IN,Andhra Pradesh,"Andhra Pradesh, IN",16.058669,78.916786,,130793
3499610595,,,,territorial claw marks from male,2020-03-06,2020,ASIA,IN,Assam,"Assam, IN",26.682646,93.529023,2022-01-10 21:13:14,130793
3499608584,,,,,2020-02-26,2020,ASIA,IN,Rajasthan,"Sawai Madhopur, IN-RJ, IN",26.084846,76.448751,2022-01-09 3:58:41,130793
3499334581,"{""evidenceOfPresence"":""track""}",,,,2021-11-12 12:44,2021,ASIA,IN,West Bengal,"North 24 Parganas, IN-WB, IN",22.061644,88.659198,2021-11-23 12:09:01,130793
3468683610,,,,,2019-11-20 20:18,2019,ASIA,IN,Madhya Pradesh,"Panna, IN-MP, IN",24.623873,80.128212,2022-02-06 2:17:47,130793
3466267247,,,,,2019-03-27T17:03Z,2019,ASIA,IN,Maharashtra,"Chandrapur, IN-MH, IN",20.346627,79.299627,2022-01-30 12:12:33,130793
3466155383,,,,,2019-03-21 16:54,2019,ASIA,IN,Assam,"Assam, IN",26.779239,93.505024,2022-01-25 8:57:26,130793
3466080658,,,,,2017-05-09 20:03:51,2017,ASIA,IN,Karnataka,"Kodagu, IN-KA, IN",12.541072,75.668878,2021-07-06 2:58:42,130793
3466069272,,,,,2021-09-25 7:10:25,2021,ASIA,IN,Rajasthan,"Rajasthan, IN",25.971478,76.372048,2022-02-03 17:50:29,130793
3466039608,"{""evidenceOfPresence"":""track""}",,,,2021-02-20 9:50,2021,ASIA,IN,West Bengal,"West Bengal, IN",21.923722,88.86313,2022-01-31 12:35:21,130793
3459805110,,,,,2018-02-20,2018,ASIA,IN,,,26.637213,93.356541,,
3459805108,,,,,2018-02-20,2018,ASIA,IN,,,26.655218,93.353837,,
3459804358,,,,territorial call,2018-02-14,2018,ASIA,IN,,,27.609435,95.335407,,
3456966076,"{""evidenceOfPresence"":""track""}",,,,2021-12-15 10:03:03,2021,ASIA,IN,Assam,"Assam, IN",26.767864,91.088042,2021-12-15 17:21:21,41967
3456931517,"{""evidenceOfPresence"":""organism""}",Male,Adult,,2021-12-31 8:45,2021,ASIA,IN,Karnataka,India,11.716806,76.627119,2022-01-03 15:09:48,130793
3456583132,,,,,2021-10-05 9:36,2021,ASIA,IN,Karnataka,"Karnataka, IN",12.027705,76.063784,2021-12-15 6:29:41,130793
3456249964,,,,,2020-02-24 15:19,2020,ASIA,IN,Rajasthan,"Sawai Madhopur, IN-RJ, IN",26.021807,76.548362,2022-01-09 1:31:17,130793
3456221773,"{""evidenceOfPresence"":""organism""}",Male,Adult,,2021-12-31 20:01,2021,ASIA,IN,Karnataka,India,11.623655,76.754296,2022-01-03 15:10:12,130793
3456055666,"{""evidenceOfPresence"":""organism""}",Male,Adult,,2021-12-31 17:20,2021,ASIA,IN,Karnataka,India,11.784952,76.454141,2022-11-15 1:11:34,130793
3455715075,,,,,2021-02-26 18:08,2021,ASIA,IN,Karnataka,"Karnataka, IN",11.83981,76.289413,2022-01-15 17:34:01,130793
3455635546,,,,,2020-02-24,2020,ASIA,IN,Rajasthan,"Sawai Madhopur, IN-RJ, IN",26.063791,76.575147,2022-01-09 0:56:02,130793
3455630048,"{""evidenceOfPresence"":""track""}",Indeterminate,Adult,,2021-12-15 10:33:28,2021,ASIA,IN,Assam,"Assam, IN",26.658351,91.008667,2022-01-31 12:33:52,130793
3455555899,,,,,2020-02-27,2020,ASIA,IN,Rajasthan,"Sawai Madhopur, IN-RJ, IN",26.096336,76.527707,2022-01-09 23:47:07,130793
3455554977,"{""evidenceOfPresence"":""organism""}",Male,Adult,,2021-12-30 17:20,2021,ASIA,IN,Karnataka,India,11.775089,76.674561,2021-12-30 14:33:53,130793
3455351725,,,,,2007-12-07 21:08:09,2007,ASIA,IN,Rajasthan,"Rajasthan, IN",25.880803,76.473052,2021-11-26 22:14:28,130793
3416105192,,,Adult,,2017-04-27 19:11,2017,ASIA,IN,Maharashtra,"Chandrapur, IN-MH, IN",20.334834,79.322338,2021-11-19 10:19:30,130793
3415862874,"{""evidenceOfPresence"":""track""}",,,,2018-08-29T08:40Z,2018,ASIA,IN,Karnataka,"Karnataka, IN",11.987582,76.332044,2021-11-23 14:58:04,130793
3415812779,"{""evidenceOfPresence"":""organism""}",,,"Not 100% sure, heard it and recorded it was very far away but still audible, one person there said, he saw a tiger. There have been sightings of leopards nearby, and it is a tiger range I've heard. If someone can confirm from the sound, that would be nice.",2021-08-09T09:35Z,2021,ASIA,IN,Madhya Pradesh,"Raisen, IN-MP, IN",23.234677,77.665848,2021-11-23 14:59:45,130793
3415657184,,,,,2021-11-05 19:44,2021,ASIA,IN,Madhya Pradesh,"Umaria, IN-MP, IN",23.79559,80.894978,2021-11-05 18:53:12,130793
3415607193,,,,,2021-11-06 12:21:41,2021,ASIA,IN,Rajasthan,"Rajasthan, IN",25.958209,76.346106,2021-11-12 16:01:41,130793
3415543610,,,,,2021-11-20 9:20,2021,ASIA,IN,Maharashtra,"Chandrapur, IN-MH, IN",20.087628,79.3239,2021-12-09 16:02:03,130793
3407931390,,,,,2017-05-10T09:48Z,2017,ASIA,IN,Rajasthan,"Sawai Madhopur, IN-RJ, IN",26.197979,76.557259,2020-09-25 17:17:22,130793
3407929375,,,,,2017-05-10T13:11Z,2017,ASIA,IN,Rajasthan,"Rajasthan, IN",25.82328,76.223854,2020-09-25 17:17:23,130793
3407903397,,,,,2017-05-07T11:50Z,2017,ASIA,IN,Rajasthan,"Rajasthan, IN",25.862636,76.252399,2020-09-25 17:17:20,130793
3399139155,,,,This is a Tiger Pug mark.,2021-10-14 16:05,2021,ASIA,IN,Karnataka,"Uttara Kannada, IN-KA, IN",15.394187,74.704143,2021-11-23 14:57:50,130793
3398748168,"{""evidenceOfPresence"":""track""}",Male,Adult,Tiger claw marks in Anshi,2021-10-16 11:56,2021,ASIA,IN,Karnataka,"Uttara Kannada, IN-KA, IN",15.087773,74.355117,2021-11-23 14:57:37,130793
3391355056,"{""evidenceOfPresence"":""organism""}",,,,2014-11-06 16:36:48,2014,ASIA,IN,Maharashtra,"Chandrapur, IN-MH, IN",20.383204,79.369122,2021-10-12 7:31:36,130793
3385125242,"{""evidenceOfPresence"":""organism""}",,,,2021-10-01 15:58:06,2021,ASIA,IN,Maharashtra,"Chandrapur, IN-MH, IN",20.298399,79.20249,2021-10-05 4:55:22,130793
3383913222,"{""evidenceOfPresence"":""organism""}",Female,Adult,,2021-07-21 17:30:26,2021,ASIA,IN,Assam,"Assam, IN",26.776339,93.339257,2021-09-10 4:31:11,130793
3355131507,,,,,2014-02-14 4:19,2014,ASIA,IN,Madhya Pradesh,"Madhya Pradesh, IN",22.289378,80.66432,2021-09-01 14:55:16,130793
3351907622,,,,"Panthera tigris voucher AIWC 116 large subunit ribosomal RNA gene, partial sequence mitochondrial.",2019-05-28,2019,ASIA,IN,,,,,,ASV:4961d6abe3e4ada00fcec257eaa5eb94
3351884648,,,,"Panthera tigris voucher AIWC 128 large subunit ribosomal RNA gene, partial sequence mitochondrial.",2020-11-24,2020,ASIA,IN,,,,,,ASV:19e8997f15597e8a0d5a9816c9b9b458
3351819569,,,,"Panthera tigris voucher AIWC 125 small subunit ribosomal RNA gene, partial sequence mitochondrial.",2020-11-24,2020,ASIA,IN,,,,,,ASV:96725082173ba035d2d10abcb1526515
3351787686,,,,"Panthera tigris voucher AIWC 250 large subunit ribosomal RNA gene, partial sequence mitochondrial.",2019-05-28,2019,ASIA,IN,,,,,,ASV:2034c25a64f61b30d795b9e842fc9d74
3351755933,,,,"Panthera tigris voucher AIWC 48 cytochrome b (cytb) gene, partial cds mitochondrial.",2019-05-28,2019,ASIA,IN,,,,,,ASV:11bc06f2e4e03d8dafd4fb4002815fcf
3349489024,,,,"Panthera tigris voucher AIWC 215 large subunit ribosomal RNA gene, partial sequence mitochondrial.",2018-06-27,2018,ASIA,IN,,,,,,ASV:cb7b490b39809fe6d75ec28e195131d6
3349488892,,,,"Panthera tigris voucher AIWC 49 small subunit ribosomal RNA gene, partial sequence mitochondrial.",2019-05-28,2019,ASIA,IN,,,,,,ASV:ae5ac10f6113948f438ce9d1fe0c097e
3349465417,,,,"Panthera tigris voucher AIWC 19 small subunit ribosomal RNA gene, partial sequence mitochondrial.",2020-04-13,2020,ASIA,IN,,,,,,ASV:c0f3d117d04411a6ff7612b36151f72f
3349347163,,,,"Panthera tigris voucher AIWC 154 small subunit ribosomal RNA gene, partial sequence mitochondrial.",2018-06-27,2018,ASIA,IN,,,,,,ASV:756a56fd1568e2c2dc084a87eb08aac6
3347754009,,,,"Panthera tigris tigris Y-linked zinc finger protein (zfy) gene, intron.",2013-08-14,2013,ASIA,IN,,,,,,ASV:2802bf5fe56afd7906e84b519d4d206c
3347013151,,,,"Panthera tigris isolate KAU510 cytochrome b (cytb) gene, partial cds mitochondrial.",2010-05-22,2010,ASIA,IN,,,,,,ASV:b0736b98ae2873d05f32ac69ff18acca
3346523864,,,,Panthera tigris altaica mitochondrial partial 12S rRNA gene,2004-10-12,2004,ASIA,IN,,,29.24,79.28,,ASV:0065c2869132aa6fc3b45ee439e3490f
3346522841,,,,Panthera tigris tigris mitochondrial partial 12S rRNA gene,2004-10-12,2004,ASIA,IN,,,29.24,79.28,,ASV:23dae5bd89eb67f183d17ee7ae4f6b11
3335243563,"{""evidenceOfPresence"":""organism""}",,Adult,,2019-12-08 16:29,2019,ASIA,IN,Maharashtra,"Chandrapur, IN-MH, IN",20.348369,79.339622,2021-08-05 17:22:16,130793
3333485397,,,,Bangal tiger,2021-07-27 9:05:29,2021,ASIA,IN,Uttarakhand,"Uttarakhand, IN",29.817092,78.395407,2021-08-05 17:38:10,130793
3333308441,"{""evidenceOfPresence"":""track""}",,,,2012-02-09 7:19,2012,ASIA,IN,Kerala,"Kerala, IN",11.955014,75.638184,2021-11-23 15:01:44,130793
3333105430,"{""evidenceOfPresence"":""scat""}",,,Tiger scat,2018-11-16 7:47,2018,ASIA,IN,Karnataka,"Karnataka, IN",11.930986,76.368879,2021-06-13 5:06:11,41967
3327864885,,,,,2019-04-18T10:01:28Z,2019,ASIA,IN,Madhya Pradesh,"Madhya Pradesh, IN",23.759591,81.134241,2021-07-11 7:33:04,130793
3323284199,,,,,2021-03-27,2021,ASIA,IN,,"SH 33, Manchegowdanahalli, Karnataka 571114",12.010162,76.255039,,164696
3320951600,"{""evidenceOfPresence"":""organism""}",,,,2019-04-15 16:14,2019,ASIA,IN,Maharashtra,"Maharashtra, IN",21.761654,79.382181,2021-06-25 12:40:43,130793
3314506996,"{""evidenceOfPresence"":""organism""}",,,,2018-07-26 16:00,2018,ASIA,IN,Karnataka,"Karnataka, IN",11.965669,75.927832,2021-06-20 20:03:49,130793
3314327753,"{""evidenceOfPresence"":""organism""}",,Adult,,2021-06-15 8:27,2021,ASIA,IN,Madhya Pradesh,"Madhya Pradesh, IN",23.703266,81.173723,2021-06-19 10:23:40,130793
3302241193,"{""evidenceOfPresence"":""organism""}",,,,2014-12-06 15:37,2014,ASIA,IN,Uttarakhand,"Uttarakhand, IN",29.436032,79.004688,2021-06-08 14:54:15,130793
3302079825,"{""evidenceOfPresence"":""organism""}",Female,Adult,,2021-03-02,2021,ASIA,IN,Rajasthan,"Sawai Madhopur, IN-RJ, IN",26.024576,76.532429,2021-06-09 14:36:54,130793
3301960823,"{""evidenceOfPresence"":""organism""}",Male,Adult,,2021-03-01 15:20,2021,ASIA,IN,Rajasthan,"Sawai Madhopur, IN-RJ, IN",26.057501,76.402626,2021-06-09 18:14:19,130793
3124600622,"{""evidenceOfPresence"":""organism""}",,,,2021-05-04 7:58,2021,ASIA,IN,Uttarakhand,"Uttarakhand, IN",29.660239,78.869448,2021-05-22 7:21:28,130793
3124577820,"{""evidenceOfPresence"":""organism""}",,,,2021-05-03 6:16,2021,ASIA,IN,Uttarakhand,"Uttarakhand, IN",29.795692,78.833418,2021-05-22 7:26:58,130793
3124559797,"{""evidenceOfPresence"":""organism""}",,,,2021-05-03 6:11,2021,ASIA,IN,Uttarakhand,"Uttarakhand, IN",29.795947,78.986918,2021-05-22 7:23:04,130793
3124489587,"{""evidenceOfPresence"":""organism""}",,,,2021-05-04 7:51,2021,ASIA,IN,Uttarakhand,"Uttarakhand, IN",29.742008,78.847321,2021-05-22 7:22:18,130793
3118512393,"{""evidenceOfPresence"":""organism""}",,,,2021-05-02 17:20,2021,ASIA,IN,Uttarakhand,"Uttarakhand, IN",29.683802,78.807172,2021-05-18 13:23:06,130793
3118507400,"{""evidenceOfPresence"":""organism""}",,,,2021-05-02 16:07,2021,ASIA,IN,Uttarakhand,"Uttarakhand, IN",29.692911,78.878155,2021-05-18 13:23:06,130793
3118344640,"{""evidenceOfPresence"":""organism""}",Female,Adult,,2021-05-04 7:58,2021,ASIA,IN,Uttarakhand,"Uttarakhand, IN",29.627387,78.800018,2021-05-20 10:40:42,130793
3118300693,"{""evidenceOfPresence"":""organism""}",,,,2021-05-04 7:44,2021,ASIA,IN,Uttarakhand,"Uttarakhand, IN",29.644152,78.959647,2021-05-20 10:40:42,130793
3118223694,"{""evidenceOfPresence"":""organism""}",,,,2021-05-04 7:32,2021,ASIA,IN,Uttarakhand,"Uttarakhand, IN",29.733277,78.880585,2021-05-20 10:40:41,130793
3118210655,"{""evidenceOfPresence"":""organism""}",,Adult,,2021-05-04 7:59,2021,ASIA,IN,Uttarakhand,"Uttarakhand, IN",29.779454,78.953114,2021-05-20 10:40:43,130793
3118201369,"{""evidenceOfPresence"":""organism""}",,,,2021-05-02 17:22,2021,ASIA,IN,Uttarakhand,"Uttarakhand, IN",29.655963,78.92793,2021-05-18 13:23:06,130793
3118187646,"{""evidenceOfPresence"":""organism""}",,,,2021-05-04 7:55,2021,ASIA,IN,Uttarakhand,"Uttarakhand, IN",29.766538,78.857877,2021-05-20 10:40:42,130793
3113607548,"{""evidenceOfPresence"":""organism""}",,,,2021-05-02 18:32,2021,ASIA,IN,Uttarakhand,"Uttarakhand, IN",29.751353,78.925796,2021-05-11 16:45:41,130793
3113495562,"{""evidenceOfPresence"":""organism""}",,,,2021-05-02 17:13,2021,ASIA,IN,Uttarakhand,"Uttarakhand, IN",29.769698,78.870773,2021-05-11 16:45:20,130793
3097088457,,,,Pug marks,2020-10-24 9:09:03,2020,ASIA,IN,Tamil Nadu,"Tamil Nadu, IN",10.209888,77.04477,2020-10-24 13:38:34,41967
3090862224,"{""evidenceOfPresence"":""organism""}",,,,2021-04-05 10:17,2021,ASIA,IN,Madhya Pradesh,"Madhya Pradesh, IN",22.228121,80.643434,2021-04-10 14:00:49,130793
3090854207,"{""evidenceOfPresence"":""organism""}",,,,2021-04-04 17:25,2021,ASIA,IN,Madhya Pradesh,"Madhya Pradesh, IN",22.242677,80.659383,2021-04-10 14:02:42,130793
3090742187,"{""evidenceOfPresence"":""organism""}",,,,2021-04-03 17:19,2021,ASIA,IN,Madhya Pradesh,"Madhya Pradesh, IN",22.284261,80.63272,2021-04-10 14:03:02,130793
3090709743,,,Adult,,2016-12-28,2016,ASIA,IN,Assam,"Assam, IN",26.596326,92.976469,2020-07-16 15:45:07,130793
3090678810,"{""evidenceOfPresence"":""organism""}",,,,2021-03-31 9:13:35,2021,ASIA,IN,Karnataka,"Karnataka, IN",12.080136,76.130409,2021-04-14 13:51:19,130793
3079649550,,,,,2017-02-22 8:01,2017,ASIA,IN,Madhya Pradesh,"Madhya Pradesh, IN",22.30472,80.613215,2021-04-08 13:49:52,130793
3070391576,"{""evidenceOfPresence"":""organism""}",,,,2021-03-15 9:32:01,2021,ASIA,IN,Karnataka,India,15.747141,74.221728,2021-06-02 18:19:40,130793
3061713822,"{""evidenceOfPresence"":""organism""}",Female,Adult,With Blue bull (Nilgai) kill,2019-02-28 17:11,2019,ASIA,IN,Madhya Pradesh,"Madhya Pradesh, IN",24.419552,79.914355,2021-03-13 18:26:36,130793
3061669483,,,,Track,2012-02-17 0:35,2012,ASIA,IN,Uttarakhand,"Uttarakhand, IN",29.552981,78.854408,2021-01-15 21:39:08,130793
3061617031,,,,,2013-04-03 19:30,2013,ASIA,IN,Maharashtra,"Chandrapur, IN-MH, IN",20.379794,79.254573,2021-03-16 8:35:07,130793
3061587267,,,,,2013-04-03 4:14,2013,ASIA,IN,Maharashtra,"Chandrapur, IN-MH, IN",20.363222,79.326523,2021-03-16 8:35:06,130793
3059129765,,,,,2013-04-02 5:47,2013,ASIA,IN,Maharashtra,"Chandrapur, IN-MH, IN",20.323021,79.279304,2021-03-03 3:38:29,130793
3059037423,,,,,2020-12-05 9:19,2020,ASIA,IN,Assam,"Assam, IN",26.022201,92.722126,2021-03-05 6:48:00,130793
3058910927,,,,,2018-09-16 16:12,2018,ASIA,IN,Karnataka,"Mysore, IN-KA, IN",12.055919,76.201625,2021-03-04 6:47:12,130793
3058827760,"{""evidenceOfPresence"":""organism""}",,,,2016-12-21T13:00Z,2016,ASIA,IN,West Bengal,"West Bengal, IN",21.660919,88.941849,2021-03-10 22:16:33,130793
3058781168,,Female,Adult,,2021-03-01 17:00,2021,ASIA,IN,Rajasthan,"Sawai Madhopur, IN-RJ, IN",26.074639,76.522596,2021-03-01 13:25:55,130793
3044735068,"{""evidenceOfPresence"":""organism""}",Female,Adult,,2021-01-14 9:37,2021,ASIA,IN,Maharashtra,"Chandrapur, IN-MH, IN",20.394189,79.355913,2021-02-14 6:03:09,130793
3034595612,,,,,2019-12-07,2019,ASIA,IN,,"Ramnagar, Uttarakhand 244715, India",29.5851,78.8635,,164696
3034592057,,,,,2020-02-22,2020,ASIA,IN,,"Mailani, road, F-1, Bhira, Uttar Pradesh 262901, India",28.370527,80.421525,,164696
3034592028,,,,,2020-02-07,2020,ASIA,IN,,"Suplai, Madhya Pradesh 461881, India",22.56222,78.149681,,164696
3034591865,,,,,2019-04-22,2019,ASIA,IN,,"Chandrapur, Maharashtra 442401, India",20.248383,79.360689,,164696
3034584862,,,,,2020-02-22,2020,ASIA,IN,,"F-1, Uttar Pradesh 262901, India",28.3829,80.4013,,164696
3034568677,,,,,2018-11-22,2018,ASIA,IN,,"Rajasthan, India",26.0173,76.5026,,164696
3034566664,,,,,2019-04-22,2019,ASIA,IN,,"Nainital District, Ramnagar, Uttarakhand 244715, India",29.53,78.7747,,164696
3032081010,"{""evidenceOfPresence"":""organism""}",Indeterminate,Juvenile,,2018-05-06 6:16,2018,ASIA,IN,Maharashtra,"Chandrapur, IN-MH, IN",20.315638,79.244449,2021-01-28 1:47:42,130793
3032073957,,,,,2012-02-06 22:51,2012,ASIA,IN,Rajasthan,"Sawai Madhopur, IN-RJ, IN",26.009602,76.453848,2021-01-15 21:13:18,130793
3032057874,,,,,2012-02-24 7:05,2012,ASIA,IN,Madhya Pradesh,"Madhya Pradesh, IN",22.22521,80.792048,2021-01-15 21:50:07,130793
3018149173,,Female,Adult,,2011-04-12T15:36Z,2011,ASIA,IN,Rajasthan,"Sawai Madhopur, IN-RJ, IN",26.006496,76.462588,2021-01-07 2:38:28,130793
3017974595,,,,,2015-10-19 12:19,2015,ASIA,IN,Madhya Pradesh,"Madhya Pradesh, IN",22.565178,80.537665,2020-12-22 23:29:13,41967
3013999297,"{""evidenceOfPresence"":""organism""}",,,,2019-04-08 16:23,2019,ASIA,IN,Kerala,"Kerala, IN",11.997493,76.068651,2020-12-31 8:17:26,130793
3013942930,,,,"Kingdom: Animalia Phylum: Chordata Class: Mammalia Order: Carnivora Suborder: Feliformia Family: Felidae Subfamily: Pantherinae Genus: Panthera Species: Panthera tigris Status: Endangered Population: 3600 Appearance - Orange fur with white underside and black stripes Weight: 220 - 660 pounds Length: 6 - 10 ft Fact - Each tiger has a different stripe pattern Habitat - Alpine regions:Siberia - Tropical rainforests, evergreen forests, temperate forests, mangrove swamps, grasslands, and savannas: Indian Subcontinent, Indonesia Diet - Moose - Deer - Elephant.calves - Pigs - Horses - Buffalo - Gaur - Termites - Cows Subspecies - Siberian Tiger - Sumatran tiger - Bengal tiger - South China Tiger - Indochinese Tiger - Javan Tiger - Caspian Tiger - Bali Tiger - Mainland Asian tiger Prehistoric - Sabre Toothed Tiger Marking their territory - Mark territory by spraying urine on trees to leave a scent indicating that they own that land - scratch marks on trees Fact - It is said that there can be one dominating female that marks her territory, hence females often fight with their daughters to gain control of power.",2020-12-25 6:30,2020,ASIA,IN,Karnataka,"Mysore, IN-KA, IN",12.120323,76.338511,2021-06-02 18:22:42,130793
3013910723,"{""evidenceOfPresence"":""organism""}",,,,2016-11-24 15:59:52,2016,ASIA,IN,Madhya Pradesh,"Madhya Pradesh, IN",25.50335,76.938112,2020-12-26 4:08:07,130793
3008556983,,,,,2015-11-15 15:29,2015,ASIA,IN,Madhya Pradesh,"Balaghat, IN-MP, IN",22.056052,80.245441,2020-12-22 23:18:22,41967
3008538943,,,,,2015-11-21 11:37,2015,ASIA,IN,Madhya Pradesh,"Madhya Pradesh, IN",22.372027,80.332359,2020-12-22 23:34:36,41967
2999070190,"{""evidenceOfPresence"":""organism""}",,Adult,,2018-03-28 17:41,2018,ASIA,IN,Karnataka,India,11.662459,76.44762,2020-12-10 20:20:59,130793
2992660447,,Male,Adult,,2019-03-10 7:19,2019,ASIA,IN,Madhya Pradesh,"Madhya Pradesh, IN",22.15943,80.645541,2020-06-27 12:32:48,130793
2988711575,,,,,2015-02-07 16:45,2015,ASIA,IN,Uttarakhand,"Nainital, IN-UT, IN",29.399406,79.149086,2020-11-21 15:49:59,41967
2988597798,,,,,2020-11-09 12:14:03,2020,ASIA,IN,Madhya Pradesh,"Balaghat, IN-MP, IN",22.118056,80.760478,,41967
2988528104,"{""evidenceOfPresence"":""track""}",,,We were told these are tiger pugmarks; a bit old and thus not very sharp impressions due to the action of tides,2020-03-07 11:36,2020,ASIA,IN,West Bengal,"North 24 Parganas, IN-WB, IN",22.123081,88.690503,2020-11-15 19:18:37,130793
2984383635,,,,,2019-12-03 3:46:21,2019,ASIA,IN,Uttarakhand,"Uttarakhand, IN",29.5521,78.656619,2020-11-08 8:46:17,130793
2984361956,,,,,2020-02-26 5:28,2020,ASIA,IN,Rajasthan,"Sawai Madhopur, IN-RJ, IN",26.097825,76.500154,2020-11-11 21:57:36,130793
2963839175,,,,,2017-05-16,2017,ASIA,IN,Karnataka,India,11.828227,76.310739,2020-10-29 7:38:20,130793
2901779699,,,,,2010-04-11 15:36,2010,ASIA,IN,Maharashtra,"Chandrapur, IN-MH, IN",20.20174,79.373626,2020-10-17 7:41:13,130793
2898428266,,,,,2003-04-16 7:53,2003,ASIA,IN,Madhya Pradesh,"Madhya Pradesh, IN",22.266345,80.686471,2020-10-15 9:37:29,130793
2898418926,,,Adult,,2008-05-26T22:40Z,2008,ASIA,IN,Madhya Pradesh,India,22.039869,79.604164,2020-10-12 3:38:59,130793
2898355239,,,,,2003-04-22 9:11,2003,ASIA,IN,Madhya Pradesh,"Umaria, IN-MP, IN",23.653228,80.906328,2020-10-15 9:24:32,130793
2898352247,,,,,2003-04-21 6:19,2003,ASIA,IN,Madhya Pradesh,"Umaria, IN-MP, IN",23.767513,80.80785,2020-10-15 11:40:03,130793
2898303205,,,,,2003-04-21 7:50,2003,ASIA,IN,Madhya Pradesh,"Umaria, IN-MP, IN",23.773304,80.975149,2020-10-15 9:25:17,130793
2898300285,,,,,2003-04-15 9:33,2003,ASIA,IN,Madhya Pradesh,"Madhya Pradesh, IN",22.370372,80.700641,2020-10-15 9:36:45,130793
2898287224,,,,,2003-04-20 5:51,2003,ASIA,IN,Madhya Pradesh,"Umaria, IN-MP, IN",23.700383,80.874886,2020-10-15 8:25:56,130793
2898277253,,,,,2003-04-20 8:52,2003,ASIA,IN,Madhya Pradesh,"Umaria, IN-MP, IN",23.695917,80.980838,2020-10-15 9:23:38,130793
2883230306,,Male,Adult,,2017-04-24,2017,ASIA,IN,Maharashtra,"Chandrapur, IN-MH, IN",20.321888,79.266354,2020-10-05 20:09:43,130793
2883109380,,,,,2019-03-04 16:05,2019,ASIA,IN,Madhya Pradesh,"Madhya Pradesh, IN",22.230497,80.725015,2020-10-07 16:28:58,130793
2873984602,,,,,2016-12-27 20:58,2016,ASIA,IN,Karnataka,India,11.799619,76.645235,2020-09-30 0:32:43,130793
2873931674,,,,,2018-04-16 4:08,2018,ASIA,IN,Assam,"Assam, IN",26.77319,93.367749,2020-09-27 0:00:57,130793
2873761077,,,,,2016-12-26 7:37,2016,ASIA,IN,Karnataka,India,11.6839,76.744573,2020-09-30 0:33:28,130793
2868364832,,,,,2019-04-29 18:04,2019,ASIA,IN,Madhya Pradesh,"Umaria, IN-MP, IN",23.729371,80.94355,2020-09-21 5:07:33,130793
2868360813,,,,,2019-04-30 16:29,2019,ASIA,IN,Madhya Pradesh,"Umaria, IN-MP, IN",23.696047,80.850199,2020-09-21 5:07:26,130793
2864754081,,,,,2015-02-18 17:37,2015,ASIA,IN,Karnataka,"Karnataka, IN",12.004805,76.136315,2020-09-12 21:37:00,130793
2862501016,,,,,2008-10-02 9:45,2008,ASIA,IN,Madhya Pradesh,"Umaria, IN-MP, IN",23.750506,80.830447,2020-09-07 7:46:35,130793
2862495985,,,,,2012-03-01 17:33:17,2012,ASIA,IN,Uttarakhand,"Uttarakhand, IN",29.432963,79.002341,2020-09-07 7:46:16,130793
2862488146,,Male,,Matkasur Male,2016-06-10 7:08,2016,ASIA,IN,Maharashtra,"Chandrapur, IN-MH, IN",20.2275,79.222737,2020-09-08 12:45:17,130793
2862443003,,,,,2008-05-21 9:05,2008,ASIA,IN,Madhya Pradesh,"Madhya Pradesh, IN",22.228536,80.709805,2020-09-10 4:54:39,130793
2862328023,,,,,2015-05-26 17:07,2015,ASIA,IN,Rajasthan,"Sawai Madhopur, IN-RJ, IN",26.153528,76.509891,2020-09-07 6:41:17,130793
2862294589,,,,,2020-01-23 6:55,2020,ASIA,IN,Madhya Pradesh,"Madhya Pradesh, IN",22.21713,80.653483,2020-09-04 18:35:51,130793
2862294179,,,,,2011-04-03 17:22,2011,ASIA,IN,Madhya Pradesh,"Umaria, IN-MP, IN",23.791808,80.867156,2020-09-08 8:27:51,130793
2856773050,,,,,2009-12-04 15:20,2009,ASIA,IN,Madhya Pradesh,"Umaria, IN-MP, IN",23.713063,80.917989,2020-08-24 7:57:10,130793
2856770008,,,,,2009-12-04 15:46,2009,ASIA,IN,Madhya Pradesh,"Umaria, IN-MP, IN",23.753574,80.897375,2020-08-24 7:56:32,130793
2856719009,,,,,2009-05-26 16:37,2009,ASIA,IN,Madhya Pradesh,"Umaria, IN-MP, IN",23.70468,80.954899,2020-08-24 7:59:52,130793
2856697003,,,,,2009-05-26 16:12,2009,ASIA,IN,Madhya Pradesh,"Umaria, IN-MP, IN",23.634911,80.985329,2020-08-24 8:00:06,130793
2856695047,,,,,2009-05-25 18:25,2009,ASIA,IN,Madhya Pradesh,"Umaria, IN-MP, IN",23.69564,80.97305,2020-08-24 7:59:59,130793
2856657035,,,,,2009-05-26 9:12,2009,ASIA,IN,Madhya Pradesh,"Umaria, IN-MP, IN",23.766048,80.952427,2020-08-24 8:00:13,130793
2856654052,,,,,2011-05-31 8:42,2011,ASIA,IN,Madhya Pradesh,"Umaria, IN-MP, IN",23.640039,80.986228,2020-08-24 7:56:25,130793
2856636012,,,,,2011-05-31 16:49,2011,ASIA,IN,Madhya Pradesh,"Umaria, IN-MP, IN",23.706108,80.813608,2020-08-24 7:56:18,130793
2856628041,,,,,2011-06-01 6:32,2011,ASIA,IN,Madhya Pradesh,"Umaria, IN-MP, IN",23.787903,80.805732,2020-08-24 7:58:00,130793
2856562043,,,,,2009-05-25 17:50,2009,ASIA,IN,Madhya Pradesh,"Umaria, IN-MP, IN",23.767258,80.932738,2020-08-24 8:00:45,130793
2856560041,,,,,2009-05-20 9:10,2009,ASIA,IN,Madhya Pradesh,"Umaria, IN-MP, IN",23.75566,80.969094,2020-08-24 7:59:35,130793
2856555047,,,,,2009-05-25 7:18,2009,ASIA,IN,Madhya Pradesh,"Umaria, IN-MP, IN",23.738134,80.85507,2020-08-24 8:00:52,130793
2856551796,,,,(poorly) photographed from a rampant elephant,2012-04-05 3:29,2012,ASIA,IN,Madhya Pradesh,"Madhya Pradesh, IN",22.214429,80.673901,2020-08-22 13:54:59,130793
2856539054,,,,,2012-05-28 17:55,2012,ASIA,IN,Madhya Pradesh,"Umaria, IN-MP, IN",23.747197,80.90955,2020-08-24 7:58:36,130793
2856535067,,,,,2009-05-23 17:16,2009,ASIA,IN,Madhya Pradesh,"Umaria, IN-MP, IN",23.688588,80.9889,2020-08-24 8:01:09,130793
2856520009,,,,,2010-04-23 16:00,2010,ASIA,IN,Madhya Pradesh,"Umaria, IN-MP, IN",23.742603,80.915318,2020-08-24 8:01:18,130793
2856513065,,,,,2009-05-23 17:53,2009,ASIA,IN,Madhya Pradesh,"Umaria, IN-MP, IN",23.739932,80.816725,2020-08-24 8:01:02,130793
2856512776,,,,,2012-04-03 12:52,2012,ASIA,IN,Madhya Pradesh,"Madhya Pradesh, IN",22.330878,80.7374,2020-08-22 13:54:58,130793
2856496036,,,,,2009-05-19 8:25,2009,ASIA,IN,Madhya Pradesh,"Umaria, IN-MP, IN",23.680864,80.811149,2020-08-24 7:59:43,130793
2856488032,,,,,2009-05-22 9:45,2009,ASIA,IN,Madhya Pradesh,"Umaria, IN-MP, IN",23.635714,80.824409,2020-08-24 7:59:27,130793
2856478046,,,,,2010-04-22 18:36,2010,ASIA,IN,Madhya Pradesh,"Umaria, IN-MP, IN",23.72374,80.996014,2020-08-24 8:01:28,130793
2856475012,,,,,2011-04-04 16:25,2011,ASIA,IN,Madhya Pradesh,"Umaria, IN-MP, IN",23.693542,80.862766,2020-08-24 7:57:24,130793
2851319887,,,,,2019-05-28 10:43,2019,ASIA,IN,Maharashtra,"Maharashtra, IN",21.653172,79.354777,2020-08-15 11:13:53,130793
2851319881,,,,,2019-05-24 17:04,2019,ASIA,IN,Madhya Pradesh,"Umaria, IN-MP, IN",23.680348,80.896492,2020-08-15 17:16:03,130793
2851298516,,,,,2017-05-02 16:04,2017,ASIA,IN,Maharashtra,"Chandrapur, IN-MH, IN",20.396256,79.358394,2020-08-20 6:55:44,130793
2851282960,,Female,,,2017-11-29 16:40,2017,ASIA,IN,Uttarakhand,"Uttarakhand, IN",29.406196,78.726919,2020-08-09 21:06:19,130793
2851273130,,,,,2016-02-14 16:25,2016,ASIA,IN,Maharashtra,"Maharashtra, IN",20.858925,79.440882,2020-08-10 10:27:46,130793
2851260770,,,,,2019-05-23 16:49,2019,ASIA,IN,Madhya Pradesh,"Umaria, IN-MP, IN",23.746331,80.962021,2020-08-15 17:17:11,130793
2851255128,,,,,2020-03-11 9:30,2020,ASIA,IN,Maharashtra,"Chandrapur, IN-MH, IN",20.289454,79.398738,2020-08-17 12:01:42,130793
2851232402,,,,,2018-05-29 16:34,2018,ASIA,IN,Rajasthan,"Sawai Madhopur, IN-RJ, IN",26.16551,76.461089,2020-08-12 10:10:48,130793
2851224666,,,,,2017-11-29 16:40,2017,ASIA,IN,Uttarakhand,"Uttarakhand, IN",29.438787,78.724089,2020-08-07 17:35:02,130793
2851202403,,,,,2018-05-27 18:23,2018,ASIA,IN,Rajasthan,"Sawai Madhopur, IN-RJ, IN",26.026735,76.570996,2020-08-12 10:12:30,130793
2851200829,,,,,2013-06-07 17:47,2013,ASIA,IN,Rajasthan,"Sawai Madhopur, IN-RJ, IN",26.044391,76.414751,2020-08-08 13:39:08,130793
2851197196,,,,,2020-03-11 9:44,2020,ASIA,IN,Maharashtra,"Chandrapur, IN-MH, IN",20.379639,79.38837,2020-08-17 12:01:58,130793
2851196189,,,,,2020-03-13 16:12,2020,ASIA,IN,Maharashtra,"Chandrapur, IN-MH, IN",20.211601,79.267941,2020-08-17 11:09:37,130793
2851189438,,,,,2018-05-27 18:25,2018,ASIA,IN,Rajasthan,"Sawai Madhopur, IN-RJ, IN",26.180931,76.403823,2020-08-12 10:12:23,130793
2851182131,,,,,2020-03-11 9:32,2020,ASIA,IN,Maharashtra,"Chandrapur, IN-MH, IN",20.36124,79.351624,2020-08-17 12:01:50,130793
2851180819,,Male,Adult,,2012-01-29 7:31,2012,ASIA,IN,Madhya Pradesh,"Madhya Pradesh, IN",23.716134,81.037218,2020-08-08 13:38:25,130793
2851173389,,,,,2018-05-28 6:53,2018,ASIA,IN,Rajasthan,"Sawai Madhopur, IN-RJ, IN",26.155074,76.481852,2020-08-12 10:12:16,130793
2851164487,,,,,2018-05-29 18:22,2018,ASIA,IN,Rajasthan,"Sawai Madhopur, IN-RJ, IN",26.022361,76.552555,2020-08-06 12:56:45,130793
2851164486,,,,,2018-05-29 16:04,2018,ASIA,IN,Rajasthan,"Sawai Madhopur, IN-RJ, IN",26.076558,76.47712,2020-08-06 12:56:57,130793
2851161394,,,,,2018-05-28 6:27,2018,ASIA,IN,Rajasthan,"Sawai Madhopur, IN-RJ, IN",26.108515,76.432536,2020-08-12 10:12:10,130793
2851152459,,,,,2017-05-15 18:35,2017,ASIA,IN,Madhya Pradesh,"Madhya Pradesh, IN",22.268311,80.615578,2020-08-19 10:54:39,130793
2851139349,,,,,2015-05-25 17:01,2015,ASIA,IN,Rajasthan,"Sawai Madhopur, IN-RJ, IN",26.166355,76.557486,2020-08-05 10:37:23,130793
2851136712,,,,,2017-05-03 18:29,2017,ASIA,IN,Maharashtra,"Chandrapur, IN-MH, IN",20.365659,79.345622,2020-08-07 21:20:05,130793
2851128832,,Male,Adult,,2012-05-18 8:26,2012,ASIA,IN,Madhya Pradesh,"Madhya Pradesh, IN",22.218377,80.692863,2020-08-10 7:05:40,130793
2851125924,,,,,2019-05-27 17:42,2019,ASIA,IN,Maharashtra,"Maharashtra, IN",21.694299,79.365296,2020-08-15 17:12:28,130793
2851121873,,,,,2019-05-27 17:35,2019,ASIA,IN,Maharashtra,"Maharashtra, IN",21.723104,79.274657,2020-08-15 17:13:05,130793
2851114677,,,,,2019-12-26,2019,ASIA,IN,Madhya Pradesh,"Madhya Pradesh, IN",23.640664,81.007217,2020-08-14 6:21:38,130793
2851112814,,Male,Juvenile,,2013-06-07 18:17,2013,ASIA,IN,Rajasthan,"Sawai Madhopur, IN-RJ, IN",26.163871,76.539779,2020-08-08 13:38:46,130793
2851110969,,Male,,,2017-11-28 15:19,2017,ASIA,IN,Uttarakhand,"Uttarakhand, IN",29.486663,78.696683,2020-08-09 21:08:01,130793
2851110967,,,Juvenile,,2015-06-14 7:06,2015,ASIA,IN,Maharashtra,"Chandrapur, IN-MH, IN",20.324763,79.294988,2020-08-09 21:30:12,130793
2851102341,,,,,2015-05-25 15:52,2015,ASIA,IN,Rajasthan,"Sawai Madhopur, IN-RJ, IN",26.168424,76.559597,2020-08-05 13:38:24,130793
2851089781,,Male,Juvenile,,2011-04-04 6:57,2011,ASIA,IN,Madhya Pradesh,"Madhya Pradesh, IN",23.645994,81.089754,2020-08-10 7:04:01,130793
2851079441,,,,,2018-05-29 6:52,2018,ASIA,IN,Rajasthan,"Sawai Madhopur, IN-RJ, IN",26.135727,76.510432,2020-08-12 9:52:48,130793
2851070707,,,,,2019-04-29 18:06,2019,ASIA,IN,Madhya Pradesh,"Umaria, IN-MP, IN",23.684906,80.872444,2020-08-07 6:07:24,130793
2851067569,,,,,2018-05-29 6:59,2018,ASIA,IN,Rajasthan,"Sawai Madhopur, IN-RJ, IN",26.090356,76.515538,2020-08-06 12:57:38,130793
2851065313,,,,,2015-05-26 18:35,2015,ASIA,IN,Rajasthan,"Sawai Madhopur, IN-RJ, IN",26.106118,76.438572,2020-08-05 13:34:29,130793
2851061552,,,,,2018-05-29 16:55,2018,ASIA,IN,Rajasthan,"Sawai Madhopur, IN-RJ, IN",26.006341,76.409438,2020-08-06 12:57:08,130793
2851061400,,,,,2016-06-03 16:34,2016,ASIA,IN,Maharashtra,"Chandrapur, IN-MH, IN",20.328074,79.238543,2020-08-05 16:37:43,130793
2851059565,,,,,2018-05-29 16:59,2018,ASIA,IN,Rajasthan,"Sawai Madhopur, IN-RJ, IN",26.070765,76.451785,2020-08-06 12:57:19,130793
2851055808,,,,,2013-06-06 6:31,2013,ASIA,IN,Rajasthan,"Sawai Madhopur, IN-RJ, IN",26.12932,76.525395,2020-08-08 13:40:50,130793
2851049949,,Male,Adult,,2015-01-29 16:07,2015,ASIA,IN,Maharashtra,"Chandrapur, IN-MH, IN",20.368974,79.283022,2020-08-09 22:05:58,130793
2851044775,,Male,Juvenile,,2011-04-04 9:04,2011,ASIA,IN,Madhya Pradesh,"Madhya Pradesh, IN",23.687317,81.188332,2020-08-10 7:03:48,130793
2851042784,,Male,,,2011-04-03 17:21,2011,ASIA,IN,Madhya Pradesh,"Madhya Pradesh, IN",23.672531,81.096047,2020-08-10 7:04:10,130793
2851030823,,,Juvenile,,2012-05-17 18:37,2012,ASIA,IN,Madhya Pradesh,"Madhya Pradesh, IN",22.29627,80.702958,2020-08-10 7:05:56,130793
2851028653,,,Adult,,2018-05-29 8:06,2018,ASIA,IN,Rajasthan,"Sawai Madhopur, IN-RJ, IN",26.167058,76.47786,2020-08-07 21:20:17,130793
2851023001,,,,,2010-05-13 8:03,2010,ASIA,IN,Madhya Pradesh,"Madhya Pradesh, IN",22.11824,79.499418,2020-08-03 6:09:35,130793
2851015001,,,,,2008-05-23 18:26,2008,ASIA,IN,Madhya Pradesh,"Madhya Pradesh, IN",23.698435,81.164605,2020-08-03 6:07:52,130793
2850996996,,,,,2009-08-16 7:16,2009,ASIA,IN,Maharashtra,"Chandrapur, IN-MH, IN",20.291409,79.356892,2020-08-03 7:33:05,130793
2850984197,,,,,2014-05-31 8:39,2014,ASIA,IN,Rajasthan,"Sawai Madhopur, IN-RJ, IN",26.03275,76.413131,2020-08-04 12:55:59,130793
2850932199,,,,,2014-05-28 18:15,2014,ASIA,IN,Rajasthan,"Sawai Madhopur, IN-RJ, IN",26.153936,76.517305,2020-08-04 14:30:30,130793
2850924397,,,,,2018-04-29 8:05,2018,ASIA,IN,Uttar Pradesh,"Uttar Pradesh, IN",28.42096,80.780172,2020-08-19 10:21:13,130793
2850894898,,,,,2019-05-28 18:30,2019,ASIA,IN,Maharashtra,"Maharashtra, IN",21.616698,79.363084,2020-08-15 17:11:20,130793
2850894891,,,,,2019-05-24 18:35,2019,ASIA,IN,Madhya Pradesh,"Umaria, IN-MP, IN",23.631606,80.856465,2020-08-15 17:15:00,130793
2850872352,,,,,2015-05-24 16:15,2015,ASIA,IN,Rajasthan,"Sawai Madhopur, IN-RJ, IN",26.106276,76.551426,2020-08-05 10:38:21,130793
2850863813,,,Adult,,2012-05-18 8:27,2012,ASIA,IN,Madhya Pradesh,"Madhya Pradesh, IN",22.338575,80.779123,2020-09-16 18:47:36,130793
2850862780,,,,,2018-05-29 6:58,2018,ASIA,IN,Rajasthan,"Sawai Madhopur, IN-RJ, IN",26.084055,76.585311,2020-08-08 5:47:04,130793
2850862644,,,,,2019-04-28 16:58,2019,ASIA,IN,Madhya Pradesh,"Umaria, IN-MP, IN",23.696646,80.929207,2020-08-07 6:08:20,130793
2850861016,,Female,,,2012-04-06 17:08,2012,ASIA,IN,Maharashtra,"Chandrapur, IN-MH, IN",20.301661,79.397688,2020-08-09 20:52:04,130793
2850848128,,,,,2020-03-13 7:07,2020,ASIA,IN,Maharashtra,"Chandrapur, IN-MH, IN",20.364221,79.279692,2020-08-17 11:12:06,130793
2850844936,,Female,Juvenile,,2015-06-11 17:28,2015,ASIA,IN,Maharashtra,"Chandrapur, IN-MH, IN",20.229589,79.281171,2020-08-09 21:33:52,130793
2850843887,,,,,2019-05-26 6:51,2019,ASIA,IN,Madhya Pradesh,"Umaria, IN-MP, IN",23.796479,80.913917,2020-08-15 17:14:24,130793
2850788487,,,,,2018-04-29 6:13,2018,ASIA,IN,Uttar Pradesh,"Lakhimpur Kheri, IN-UP, IN",28.253423,80.575301,2020-08-12 7:52:48,130793
2850772806,,Male,Juvenile,,2012-04-05 17:03,2012,ASIA,IN,Maharashtra,"Chandrapur, IN-MH, IN",20.282722,79.265882,2020-08-10 7:10:39,130793
2850772141,,,,,2020-03-13 16:30,2020,ASIA,IN,Maharashtra,"Chandrapur, IN-MH, IN",20.318913,79.345333,2020-08-17 11:09:11,130793
2850771788,,,,,2019-05-24 17:35,2019,ASIA,IN,Madhya Pradesh,"Umaria, IN-MP, IN",23.750705,80.845143,2020-08-15 17:15:29,130793
2850769977,,,Juvenile,,2012-04-06 16:14,2012,ASIA,IN,Maharashtra,"Chandrapur, IN-MH, IN",20.331929,79.272192,2020-08-10 6:54:18,130793
2850769806,,Female,Adult,,2011-04-03 6:43,2011,ASIA,IN,Madhya Pradesh,"Madhya Pradesh, IN",23.630056,81.078279,2020-08-10 7:04:24,130793
2850761152,,,,,2020-03-13 16:31,2020,ASIA,IN,Maharashtra,"Chandrapur, IN-MH, IN",20.332938,79.394142,2020-08-17 11:08:50,130793
2850759654,,,,,2019-04-30 18:27,2019,ASIA,IN,Madhya Pradesh,"Umaria, IN-MP, IN",23.77871,80.814519,2020-08-07 6:09:38,130793
2850754482,,,,,2018-05-28 6:42,2018,ASIA,IN,Rajasthan,"Sawai Madhopur, IN-RJ, IN",26.112663,76.540018,2020-08-06 13:59:44,130793
2850749130,,,,,2014-01-24 16:22,2014,ASIA,IN,Rajasthan,"Sawai Madhopur, IN-RJ, IN",26.082815,76.568569,2020-08-17 5:01:11,130793
2850747204,,,Juvenile,,2020-03-13 14:53,2020,ASIA,IN,Maharashtra,"Chandrapur, IN-MH, IN",20.289737,79.212796,2020-08-17 11:09:52,130793
2850741706,,,Adult,,2015-05-24 16:36,2015,ASIA,IN,Rajasthan,"Sawai Madhopur, IN-RJ, IN",26.075601,76.436113,2020-08-14 17:11:28,130793
2850740874,,Male,Adult,,2013-06-07 17:28,2013,ASIA,IN,Rajasthan,"Sawai Madhopur, IN-RJ, IN",26.179837,76.537355,2020-08-08 13:34:02,130793
2850737603,,,,Choti Tara,2017-05-04 6:54,2017,ASIA,IN,Maharashtra,"Chandrapur, IN-MH, IN",20.360828,79.308927,2020-08-13 11:13:48,130793
2850735424,,,,,2017-05-16 10:22,2017,ASIA,IN,Madhya Pradesh,"Madhya Pradesh, IN",22.208379,80.751271,2020-08-19 11:04:48,130793
2850731572,,,,,2017-05-03 6:12,2017,ASIA,IN,Maharashtra,"Chandrapur, IN-MH, IN",20.214515,79.363884,2020-08-13 11:13:56,130793
2850719343,,,,,2018-04-29 6:11,2018,ASIA,IN,Uttar Pradesh,"Lakhimpur Kheri, IN-UP, IN",28.322341,80.492495,2020-08-12 7:52:57,130793
2850709880,,Female,Adult,,2013-06-07 18:12,2013,ASIA,IN,Rajasthan,"Sawai Madhopur, IN-RJ, IN",26.06084,76.505806,2020-08-08 13:33:16,130793
2850707999,,Male,,,2012-04-05 16:32,2012,ASIA,IN,Maharashtra,"Chandrapur, IN-MH, IN",20.254756,79.228922,2020-08-09 20:53:42,130793
2850705458,,,,,2018-04-29 6:09,2018,ASIA,IN,Uttar Pradesh,"Lakhimpur Kheri, IN-UP, IN",28.362919,80.594477,2020-08-12 7:53:04,130793
2850703792,,,,,2011-04-03 6:43,2011,ASIA,IN,Madhya Pradesh,"Umaria, IN-MP, IN",23.416145,80.954745,2020-08-08 13:40:10,130793
2850703374,,,,,2016-04-21 18:02,2016,ASIA,IN,Rajasthan,"Sawai Madhopur, IN-RJ, IN",26.168945,76.42639,2020-08-05 16:09:22,130793
2850698506,,,,,2018-05-27 18:24,2018,ASIA,IN,Rajasthan,"Sawai Madhopur, IN-RJ, IN",26.006769,76.462215,2020-08-06 16:09:39,130793
2850691803,,,,,2018-05-28 8:24,2018,ASIA,IN,Rajasthan,"Rajasthan, IN",25.959402,76.472341,2020-08-08 8:44:47,130793
2850681051,,Male,,,2014-06-23 16:27,2014,ASIA,IN,Maharashtra,"Chandrapur, IN-MH, IN",20.37635,79.373408,2020-08-09 20:53:07,130793
2850681045,,Female,Adult,,2015-11-05 16:29,2015,ASIA,IN,Maharashtra,"Chandrapur, IN-MH, IN",20.309417,79.276437,2020-08-09 21:55:35,130793
2850680137,,,,,2020-03-13 6:59,2020,ASIA,IN,Maharashtra,"Chandrapur, IN-MH, IN",20.221933,79.385187,2020-08-17 11:12:27,130793
2850678980,,Male,Juvenile,,2015-02-01 6:41,2015,ASIA,IN,Maharashtra,"Chandrapur, IN-MH, IN",20.352003,79.360969,2020-08-09 22:01:51,130793
2850674116,,Male,,,2012-04-05 17:02,2012,ASIA,IN,Maharashtra,"Chandrapur, IN-MH, IN",20.217989,79.251782,2020-08-09 20:53:26,130793
2850673965,,Female,Adult,,2018-05-29 7:24:02,2018,ASIA,IN,Rajasthan,"Sawai Madhopur, IN-RJ, IN",26.114833,76.457146,2020-08-10 7:02:27,130793
2850668430,,,,,2016-06-04 7:52,2016,ASIA,IN,Maharashtra,"Chandrapur, IN-MH, IN",20.304434,79.295668,2020-08-05 16:38:27,130793
2850668365,,,,,2015-01-25 8:47,2015,ASIA,IN,Maharashtra,"Chandrapur, IN-MH, IN",20.396179,79.371302,2020-08-05 10:41:21,130793
2850665774,,,,,2016-04-25 17:55,2016,ASIA,IN,Madhya Pradesh,"Madhya Pradesh, IN",23.653857,80.801888,2020-08-15 8:35:52,130793
2850664316,,Female,Adult,,2015-04-20 9:01,2015,ASIA,IN,Maharashtra,"Maharashtra, IN",21.205863,79.847076,2020-08-12 7:44:14,130793
2850660794,,,,,2018-05-28 7:48,2018,ASIA,IN,Rajasthan,"Rajasthan, IN",25.85343,76.532525,2020-08-08 8:45:04,130793
2850660387,,,,,2016-02-14 14:10,2016,ASIA,IN,Maharashtra,"Maharashtra, IN",20.865442,79.220725,2020-08-05 15:05:10,130793
2850659336,,,,,2015-05-24 16:32,2015,ASIA,IN,Rajasthan,"Sawai Madhopur, IN-RJ, IN",26.002435,76.583409,2020-08-05 10:09:08,130793
2850643877,,Male,Juvenile,,2015-01-30 17:20,2015,ASIA,IN,Maharashtra,"Chandrapur, IN-MH, IN",20.246119,79.285604,2020-08-09 22:02:34,130793
2850643401,,,,,2018-05-27 18:29,2018,ASIA,IN,Rajasthan,"Sawai Madhopur, IN-RJ, IN",26.023677,76.547001,2020-08-06 13:59:25,130793
2850642437,,,,,2016-04-21 18:03,2016,ASIA,IN,Rajasthan,"Sawai Madhopur, IN-RJ, IN",26.101857,76.468994,2020-08-05 16:09:06,130793
2850630360,,,,,2015-05-26 16:12,2015,ASIA,IN,Rajasthan,"Sawai Madhopur, IN-RJ, IN",26.044208,76.486017,2020-08-05 10:37:13,130793
2850619023,,,,,2013-06-07 17:32,2013,ASIA,IN,Rajasthan,"Sawai Madhopur, IN-RJ, IN",26.070984,76.423109,2020-08-03 14:24:17,130793
2850617940,,,,,2012-05-04 18:36,2012,ASIA,IN,Karnataka,India,11.647809,76.459604,2020-08-03 4:17:37,130793
2850599187,,,,,2014-05-30 7:07,2014,ASIA,IN,Rajasthan,"Sawai Madhopur, IN-RJ, IN",26.071713,76.466188,2020-08-04 13:00:43,130793
2850567993,,,,,2011-02-24 11:28,2011,ASIA,IN,Assam,"Assam, IN",26.625514,93.391121,2020-08-07 6:42:36,130793
2850549047,,,,,2010-05-21 8:31,2010,ASIA,IN,Maharashtra,"Chandrapur, IN-MH, IN",20.357617,79.217384,2020-08-03 14:59:51,130793
2850540002,,,,,2013-06-06 6:28,2013,ASIA,IN,Rajasthan,"Sawai Madhopur, IN-RJ, IN",26.008359,76.566963,2020-08-03 14:27:14,130793
2826544133,,,,,2009-05-23 6:24,2009,ASIA,IN,Madhya Pradesh,"Madhya Pradesh, IN",23.660285,81.16964,2020-08-02 14:29:30,130793
2826529199,,,,,2009-05-19 8:24,2009,ASIA,IN,Madhya Pradesh,"Madhya Pradesh, IN",22.311913,80.601818,2020-08-02 16:01:52,130793
2826528221,,,,,2010-11-26 16:23,2010,ASIA,IN,Madhya Pradesh,"Madhya Pradesh, IN",22.269101,80.706478,2020-08-02 15:57:45,130793
2826526167,,,,,2011-06-01 7:08,2011,ASIA,IN,Madhya Pradesh,"Madhya Pradesh, IN",23.789095,81.146955,2020-08-02 16:33:31,130793
2826526166,,,,,2011-04-03 6:44,2011,ASIA,IN,Madhya Pradesh,"Madhya Pradesh, IN",23.753334,81.086119,2020-08-02 16:39:29,130793
2826524143,,,,,2012-04-03 2:02,2012,ASIA,IN,Madhya Pradesh,"Madhya Pradesh, IN",22.297487,80.677088,2020-08-02 8:42:31,130793
2826523872,,,,,2007-05-18 9:53,2007,ASIA,IN,Madhya Pradesh,"Madhya Pradesh, IN",22.299296,80.738112,2020-07-31 8:40:53,130793
2826520547,,,,,2003-04-17 9:33,2003,ASIA,IN,Madhya Pradesh,"Madhya Pradesh, IN",22.278168,80.636824,2020-07-29 10:03:35,130793
2826515111,,,,,2009-12-04 7:08,2009,ASIA,IN,Madhya Pradesh,"Madhya Pradesh, IN",23.662295,81.070504,2020-08-02 16:35:32,130793
2826506203,,,,,2008-05-22 9:07,2008,ASIA,IN,Madhya Pradesh,"Madhya Pradesh, IN",22.376207,80.701628,2020-08-02 16:23:58,130793
2826491834,,,,,2007-05-16 9:41,2007,ASIA,IN,Madhya Pradesh,"Madhya Pradesh, IN",22.238769,80.683781,2020-07-31 8:43:02,130793
2826486851,,,Adult,,2007-05-14 8:24,2007,ASIA,IN,Madhya Pradesh,"Madhya Pradesh, IN",22.324401,80.748793,2020-07-31 12:36:02,130793
2826475218,,,,,2009-12-03 16:36,2009,ASIA,IN,Madhya Pradesh,"Madhya Pradesh, IN",23.68056,81.13731,2020-08-02 16:35:45,130793
2826469594,,,,,2003-04-14 9:02,2003,ASIA,IN,Madhya Pradesh,"Madhya Pradesh, IN",22.213809,80.633951,2020-07-29 9:58:03,130793
2826468244,,,,,2011-05-30 17:17,2011,ASIA,IN,Madhya Pradesh,"Madhya Pradesh, IN",23.620756,81.101782,2020-08-02 16:33:57,130793
2826467599,,,,Macchli the famous tigress,2005-12-16 17:07,2005,ASIA,IN,Rajasthan,"Sawai Madhopur, IN-RJ, IN",26.145268,76.436301,2020-07-29 9:51:06,130793
2826447566,,,,,2006-05-17 9:29,2006,ASIA,IN,Madhya Pradesh,"Madhya Pradesh, IN",22.229374,80.613466,2020-07-29 9:51:57,130793
2826434847,,,,,2007-05-22 16:57,2007,ASIA,IN,Madhya Pradesh,"Madhya Pradesh, IN",23.607384,81.120528,2020-07-31 8:38:48,130793
2826430885,,,,,2007-05-22 8:16,2007,ASIA,IN,Madhya Pradesh,"Madhya Pradesh, IN",23.755708,81.069108,2020-07-31 8:38:32,130793
2826328652,,,,,2006-05-15 10:08,2006,ASIA,IN,Madhya Pradesh,"Madhya Pradesh, IN",22.310438,80.676355,2020-07-29 9:56:24,130793
2826314590,,,,,2004-05-07 7:32,2004,ASIA,IN,Madhya Pradesh,"Madhya Pradesh, IN",23.754277,81.115133,2020-07-29 10:01:07,130793
2826267223,,,,,2010-04-22 7:04,2010,ASIA,IN,Madhya Pradesh,"Madhya Pradesh, IN",23.704949,81.088968,2020-08-02 12:57:16,130793
2826256235,,,,,2011-06-04 6:25,2011,ASIA,IN,Madhya Pradesh,"Madhya Pradesh, IN",22.315863,80.761158,2020-08-02 15:58:28,130793
2826248273,,,,,2009-05-18 17:18,2009,ASIA,IN,Madhya Pradesh,"Madhya Pradesh, IN",22.267107,80.778567,2020-08-02 16:02:18,130793
2826229256,,,,,2012-06-01 8:12,2012,ASIA,IN,Madhya Pradesh,"Madhya Pradesh, IN",22.328103,80.754447,2020-08-02 16:00:41,130793
2826229255,,,,,2008-10-04 9:07,2008,ASIA,IN,Madhya Pradesh,"Madhya Pradesh, IN",23.753745,81.084433,2020-08-02 16:29:17,130793
2826223225,,,,,2012-05-28 6:15,2012,ASIA,IN,Madhya Pradesh,"Madhya Pradesh, IN",23.677819,81.05277,2020-08-02 16:42:18,130793
2826207806,,,,,2018-04-29 8:06,2018,ASIA,IN,Uttar Pradesh,"Uttar Pradesh, IN",28.524831,80.702283,2020-07-24 14:24:27,130793
2826141745,"{""evidenceOfPresence"":""organism""}",,,,2017-11-08 14:18,2017,ASIA,IN,Assam,"Assam, IN",26.435547,93.147211,2020-07-24 14:44:51,130793
2826140500,,Male,Adult,,2014-10-25,2014,ASIA,IN,Rajasthan,"Rajasthan, IN",25.969164,76.421028,2020-06-07 19:49:44,130793
2823444705,,,,,2017-06-06 7:20,2017,ASIA,IN,Rajasthan,"Sawai Madhopur, IN-RJ, IN",26.011586,76.443573,2020-07-23 16:20:25,130793
2823438635,,,,,2017-06-06 7:02,2017,ASIA,IN,Rajasthan,"Sawai Madhopur, IN-RJ, IN",26.067872,76.454841,2020-07-23 16:20:16,130793
2823425612,,,,,2017-05-16 10:21,2017,ASIA,IN,Madhya Pradesh,"Madhya Pradesh, IN",22.305061,80.772921,2020-07-23 15:11:33,130793
2818714175,,,,,2016-10-23,2016,ASIA,IN,Karnataka,India,11.623614,76.536051,2020-10-12 16:45:41,130793
2818557608,,,,,2018-05-14 18:33,2018,ASIA,IN,Maharashtra,"Chandrapur, IN-MH, IN",20.278396,79.354619,2020-07-10 6:45:26,130793
2818539600,,,,,2018-05-18 7:56,2018,ASIA,IN,Karnataka,"Karnataka, IN",12.111053,76.110625,2020-07-10 8:14:50,130793
2814232625,,,,"Photo taken from vehicle so not able to provide scale, approximately hand-sized.",2019-05-04 10:01,2019,ASIA,IN,Uttarakhand,"Uttarakhand, IN",29.913592,78.398141,2020-06-08 0:31:25,41967
2814199345,,,,,2018-04-19 7:16:55,2018,ASIA,IN,Uttarakhand,India,29.504389,78.885001,2018-04-19 1:47:41,130793
2814180060,,,Adult,Bengal Tigress,2006-02-18T03:39Z,2006,ASIA,IN,Rajasthan,"Sawai Madhopur, IN-RJ, IN",26.167644,76.497318,2020-06-27 17:52:59,130793
2813960228,,Female,,dig,2018-12-17 14:27,2018,ASIA,IN,Uttarakhand,"Uttarakhand, IN",29.401666,78.922365,2020-07-20 0:47:24,130793
2813888799,,,,,2018-06-17 7:38,2018,ASIA,IN,Rajasthan,"Sawai Madhopur, IN-RJ, IN",26.182272,76.205089,2020-06-26 6:52:59,130793
2813864468,,,,Location approximate,2010-11-15,2010,ASIA,IN,Uttarakhand,"Uttarakhand, IN",29.597484,79.044988,2020-02-23 19:54:27,41967
2802838907,,Female,Adult,,2016-06-19 9:43,2016,ASIA,IN,Maharashtra,"Chandrapur, IN-MH, IN",20.375734,79.227143,2020-06-23 12:58:12,130793
2802831995,,,,,2016-03-27 16:03,2016,ASIA,IN,Maharashtra,"Maharashtra, IN",21.324826,79.84394,2020-06-23 12:26:58,130793
2802763917,,Female,Adult,,2016-03-27 16:05,2016,ASIA,IN,Maharashtra,"Maharashtra, IN",21.362131,79.978269,2020-06-23 12:26:58,130793
2634623325,,,,,2019-05-21 16:55,2019,ASIA,IN,Madhya Pradesh,"Madhya Pradesh, IN",23.721088,81.087395,2020-06-04 13:27:05,130793
2634558601,,,,,2018-02-02 9:51,2018,ASIA,IN,Rajasthan,"Sawai Madhopur, IN-RJ, IN",26.149192,76.47359,2020-05-29 6:10:39,130793
2634532289,,,,,2019-05-21 17:59,2019,ASIA,IN,Madhya Pradesh,"Madhya Pradesh, IN",23.72147,81.038335,2020-06-04 13:25:48,130793
2634464499,,,,,2017-02-14 14:12,2017,ASIA,IN,Rajasthan,"Sawai Madhopur, IN-RJ, IN",26.003569,76.476695,2020-05-25 15:41:59,130793
2633967879,"{""evidenceOfPresence"":""organism""}",Male,Adult,,2016-03-26 8:12,2016,ASIA,IN,Rajasthan,"Sawai Madhopur, IN-RJ, IN",26.114199,76.432929,2020-05-22 17:20:46,130793
2626589941,,,,,2019-12-28 12:26,2019,ASIA,IN,Uttarakhand,"Uttarakhand, IN",29.423024,78.702587,2020-05-15 11:36:04,130793
2626426952,,,,,2011-11-16 9:42,2011,ASIA,IN,Assam,"Assam, IN",26.667443,93.454127,2020-10-12 16:47:05,130793
2626337973,"{""evidenceOfPresence"":""track""}",,,,2020-02-09 9:23:26,2020,ASIA,IN,Kerala,"Kerala, IN",10.124417,76.76193,2020-10-12 16:46:40,130793
2626147769,,Female,Juvenile,,2019-05-26,2019,ASIA,IN,Karnataka,India,11.744942,76.507549,2020-05-07 13:57:03,130793
2619916469,,,,,2017-12-07 13:24,2017,ASIA,IN,Uttarakhand,"Uttarakhand, IN",29.54346,79.004941,2020-05-01 9:16:00,130793
2619895735,,,,,2017-12-07 15:15,2017,ASIA,IN,Uttarakhand,"Uttarakhand, IN",29.572458,79.009876,2020-05-01 9:15:43,130793
2611348120,,,,,2013-02-11 3:31,2013,ASIA,IN,Rajasthan,"Sawai Madhopur, IN-RJ, IN",26.08676,76.447868,2020-04-27 16:53:43,130793
2611134008,,,,,2015-02-26 3:34,2015,ASIA,IN,Uttarakhand,"Uttarakhand, IN",29.497744,78.732211,2020-04-27 14:40:27,130793
2611018407,,,,Location approximate,2010-11-15,2010,ASIA,IN,Uttarakhand,"Uttarakhand, IN",29.551684,79.198966,2020-02-23 19:54:29,41967
2610966008,,,,,2013-02-11 13:02,2013,ASIA,IN,Rajasthan,"Sawai Madhopur, IN-RJ, IN",26.108538,76.410218,2020-05-02 22:21:57,130793
2609212175,"{""evidenceOfPresence"":""organism""}",,,Timestamp -4:30 hours 8810,2014-12-05 12:58,2014,ASIA,IN,Rajasthan,"Rajasthan, IN",25.864424,76.261552,2020-04-18 6:29:47,130793
2609079018,,,,,2017-01-29 22:53,2017,ASIA,IN,Madhya Pradesh,"Madhya Pradesh, IN",24.611686,79.935024,2019-09-04 6:42:08,130793
2598684763,,,,,2014-05-13,2014,ASIA,IN,,"Tadoba Andhari Tiger Reserve, Chandrapur, Maharashtra 441222, India",20.248467,79.425378,,164696
2598684760,,,,,2014-05-13,2014,ASIA,IN,,"Tadoba Andhari Tiger Reserve, Chandrapur, Maharashtra 441222, India",20.248467,79.425378,,164696
2598684758,,,,,2014-05-12,2014,ASIA,IN,,"Tadoba Andhari Tiger Reserve, Chandrapur, Maharashtra 441222, India",20.248467,79.425378,,164696
2598684278,,,,,2017-04-13,2017,ASIA,IN,,"Pench National Park, Near Turia Gate, Turia Post, Kurai Tehseel, Seoni Dist., Kurai, Madhya Pradesh 480881, India",21.762953,79.339111,,263847
2598682160,,,,,2010-05-14,2010,ASIA,IN,,"Kanha, Madhya Pradesh 481111, India",22.283037,80.618118,,164696
2598681704,,,,,2014-06-08,2014,ASIA,IN,,"Kanha NP and Tiger Reserve, MP",22.334513,80.611511,,164696
2598681696,,,,,2014-06-08,2014,ASIA,IN,,"Kanha NP and Tiger Reserve, MP",22.334513,80.611511,,164696
2598681692,,,,,2014-06-06,2014,ASIA,IN,,"Kanha NP and Tiger Reserve, MP",22.334513,80.611511,,164696
2598681673,,,,,2016-06-11,2016,ASIA,IN,,"Ranthambore, park, Rajasthan 322001, India",26.027479,76.455574,,263847
2598680750,,,,,2017-01-05,2017,ASIA,IN,,"Kaziranga National Park, Kanchanjuri, Assam 784177, India",26.577532,93.17112,,263847
2598680626,,,,,2016-03-31,2016,ASIA,IN,,"Tadoba Andhari National Park, Chandrapur, Maharashtra 442401, India",20.248383,79.360687,,164696
2598678173,,,,,2019-05-19,2019,ASIA,IN,,"Unnamed Road, Maharashtra 442906, India",20.207874,79.346527,,263847
2598678168,,,,,2019-05-19,2019,ASIA,IN,,"Pandharpauni, Maharashtra 442906, India",20.357914,79.310318,,263847
2598677671,,,,,2019-05-16,2019,ASIA,IN,,"Unnamed Road, Pandharpauni, Maharashtra 442906, India",20.357719,79.310585,,263847
2598677603,,,,,2019-05-18,2019,ASIA,IN,,"Maharashtra 442906, India",20.360592,79.322388,,263847
2598677602,,,,,2019-05-18,2019,ASIA,IN,,"Chandrapur, Maharashtra, India",20.230484,79.38134,,263847
2598674606,,,,,2017-05-16,2017,ASIA,IN,,"Jim Corbett National Park, Nainital District, Ramnagar, Uttarakhand 244715, India",29.530014,78.774658,,263847
2598674605,,,,,2016-10-30,2016,ASIA,IN,,"Sariska National Park, Rajasthan 301001, India",27.328491,76.433167,,263847
2598673283,,,,,2013-04-16,2013,ASIA,IN,,Bandhavgarh National Park,23.683128,81.035439,,164696
2598669263,,,,,2012-12-31,2012,ASIA,IN,,"Tadoba Andhari Tiger Reserve, Chandrapur, Maharashtra 441222, India",20.248467,79.425378,,164696
2598668543,,,,,2014-06-08,2014,ASIA,IN,,"Kanha NP and Tiger Reserve, MP",22.334513,80.611511,,164696
2598666428,,,,,2017-10-07,2017,ASIA,IN,,"Ranthambore, park, Rajasthan 322001, India",26.027479,76.455574,,263847
2598665484,,,,,2013-11-17,2013,ASIA,IN,,"Jim Corbett National Park, Nainital District, Ramnagar, Uttarakhand 244715, India",29.530014,78.774658,,263847
2598664872,,,,,2019-03-15,2019,ASIA,IN,,"Seoni, Madhya Pradesh, India",21.741358,79.299141,,164696
2598664567,,,,,2014-06-08,2014,ASIA,IN,,"Kanha NP and Tiger Reserve, MP",22.334513,80.611511,,164696
2598664170,,,,,2014-06-08,2014,ASIA,IN,,"Kanha NP and Tiger Reserve, MP",22.334513,80.611511,,164696
2598663329,,,,,2012-05-28,2012,ASIA,IN,,"National Highway 59A, Madhya Pradesh 460330, India",22.143339,77.436684,,164696
2598663275,,,,,2017-04-14,2017,ASIA,IN,,"Pench National Park, Near Turia Gate, Turia Post, Kurai Tehseel, Seoni Dist., Kurai, Madhya Pradesh 480881, India",21.762953,79.339111,,263847
2598662716,,,,,2013-05-03,2013,ASIA,IN,,"Maharashtra 441222, India",20.243515,79.424286,,164696
2598661773,,,,,2019-03-16,2019,ASIA,IN,,"Seoni, Madhya Pradesh, India",21.735687,79.28524,,164696
2598661439,,,,,2016-05-29,2016,ASIA,IN,,"Ranthambore National Park, Rajasthan",26.028839,76.42408,,263847
2598661312,,,,,2017-04-27,2017,ASIA,IN,,"Bhutan Rd, Kamar Doisha, Assam 781330, India",26.753288,91.216637,,263847
2598661108,,,,,2016-06-12,2016,ASIA,IN,,"Ranthambore, park, Rajasthan 322001, India",26.027479,76.455574,,263847
2598660546,,,,,2013-06-20,2013,ASIA,IN,,"Kanha Tiger Reserve, Madhya Pradesh, India",22.334513,80.611511,,164696
2598659467,,,,,2011-04-27,2011,ASIA,IN,,"Madhya Pradesh State Highway 10, Guruwahi, Madhya Pradesh 484665, India",23.72608,81.027344,,164696
2598659068,,,,,2015-07-22,2015,ASIA,IN,,"Sundarban National Park, Gosaba, West Bengal 743370, India",22.141523,88.886139,,164696
2598658872,,,,,2008-11-28,2008,ASIA,IN,,Corbett National Park,29.530014,78.774658,,164696
2598658813,,,,,2013-06-20,2013,ASIA,IN,,"Kanha Tiger Reserve, Madhya Pradesh, India",22.334513,80.611511,,164696
2598658559,,,,,2013-05-18,2013,ASIA,IN,,"Tekadi Mandavzari, Maharashtra, India",20.394707,79.362839,,164696
2598657636,,,,,2013-03-14,2013,ASIA,IN,,"Chandrapur - Mul - Nagbhir - Nagpur Highway, Maharashtra 441224, India",20.199057,79.414673,,164696
2598657461,,,,,2016-12-28,2016,ASIA,IN,,"Manas National Park, Manas Road, Barangabari Gyati Village, Dist Baksa, Gobardhana, Assam 781315, India",26.659422,91.001129,,164696
2598657256,,,,,2014-05-13,2014,ASIA,IN,,"Tadoba Andhari Tiger Reserve, Chandrapur, Maharashtra 441222, India",20.248467,79.425378,,164696
2597913024,,,,,2011-04-15 16:57,2011,ASIA,IN,Maharashtra,"Chandrapur, IN-MH, IN",20.314069,79.202403,2020-04-12 3:16:26,130793
2597905045,,,,,2011-04-15 17:28,2011,ASIA,IN,Maharashtra,"Chandrapur, IN-MH, IN",20.329582,79.290922,2020-04-10 6:42:18,130793
2597892052,,,,,2011-04-15 16:46,2011,ASIA,IN,Maharashtra,"Chandrapur, IN-MH, IN",20.347149,79.231793,2020-04-12 3:16:17,130793
2597865525,,,Adult,,2019-03-16 7:45,2019,ASIA,IN,Madhya Pradesh,"Madhya Pradesh, IN",21.65793,79.372336,2020-04-06 13:22:17,130793
2597861566,"{""evidenceOfPresence"":""track""}",,,,2011-11-04 6:40,2011,ASIA,IN,Madhya Pradesh,"Madhya Pradesh, IN",22.395806,80.495559,2020-05-03 10:31:57,130793
2597859968,,,,,2019-10-07 6:37:29,2019,ASIA,IN,Rajasthan,"Sawai Madhopur, IN-RJ, IN",26.187507,76.528712,2020-04-03 9:44:04,130793
2597858570,,,,,2014-04-12 20:24,2014,ASIA,IN,Rajasthan,"Rajasthan, IN",25.993051,76.433689,2020-04-07 0:21:52,130793
2597847587,,,,,2016-04-10 20:04,2016,ASIA,IN,Madhya Pradesh,"Madhya Pradesh, IN",23.443768,81.034386,2020-04-06 20:09:30,130793
2597773843,,,,,2016-12-13 18:14,2016,ASIA,IN,Uttarakhand,"Uttarakhand, IN",29.507913,78.651429,2020-04-08 13:27:46,130793
2597760835,,,,,2016-12-13 18:14,2016,ASIA,IN,Uttarakhand,"Uttarakhand, IN",29.571031,78.705822,2020-04-08 13:28:01,130793
2597746577,,,,,2014-12-07 10:41,2014,ASIA,IN,Madhya Pradesh,"Madhya Pradesh, IN",23.420853,81.128253,2020-04-07 0:29:32,130793
2597724484,"{""evidenceOfPresence"":""organism""}",,Juvenile,,2019-03-15 7:45,2019,ASIA,IN,Madhya Pradesh,"Madhya Pradesh, IN",21.719979,79.30424,2020-04-06 13:24:37,130793
2596439175,,,,,2013-04-02,2013,ASIA,IN,Rajasthan,"Sawai Madhopur, IN-RJ, IN",26.151748,76.478911,2020-04-01 17:19:28,130793
2596267360,,,,,2018-04-02 8:13:15,2018,ASIA,IN,Tamil Nadu,"Tamil Nadu, IN",11.713372,76.560437,2020-03-21 12:34:41,130793
2596140343,,,,Ranthambore,2016-04-14,2016,ASIA,IN,Rajasthan,"Rajasthan, IN",26.986031,77.140618,2020-04-02 15:59:29,130793
2579267427,,,,,2020-02-12,2020,ASIA,IN,Rajasthan,"Sawai Madhopur, IN-RJ, IN",26.197773,76.459376,2020-03-11 4:00:19,130793
2579222462,,,,,2020-02-07,2020,ASIA,IN,Madhya Pradesh,"Madhya Pradesh, IN",22.478994,78.563823,2020-03-11 16:48:20,130793
2576489125,,,,,2020-03-02 6:52,2020,ASIA,IN,Maharashtra,"Maharashtra, IN",21.642343,79.218694,2020-03-04 4:50:15,130793
2574157081,,,,Location approximate,2010-11-15,2010,ASIA,IN,Uttarakhand,"Uttarakhand, IN",29.577274,79.04913,2020-02-26 22:20:57,130793
2573850787,,,,,2020-02-02 15:16:56,2020,ASIA,IN,Rajasthan,"Sawai Madhopur, IN-RJ, IN",26.009877,76.451259,2020-02-02 14:21:22,130793
2563590721,,,,,2013-04-23 9:07,2013,ASIA,IN,Assam,"Assam, IN",26.643361,93.315701,2020-01-25 19:36:57,130793
2563514585,,,,,2006-03-11 14:27,2006,ASIA,IN,Rajasthan,"Sawai Madhopur, IN-RJ, IN",26.05856,76.450112,2020-01-24 11:55:03,130793
2557813535,,,,,2017-01-02 6:16:42,2017,ASIA,IN,Rajasthan,"Sawai Madhopur, IN-RJ, IN",26.068382,76.429942,2020-01-16 4:59:46,130793
2550127183,,,,,2017-02-18 17:18,2017,ASIA,IN,Rajasthan,"Rajasthan, IN",25.87599,76.353053,2020-01-08 16:06:55,130793
2549985932,"{""evidenceOfPresence"":""track""}",,,Tiger tracks at Ranthambore national park. Close as I came (frowny face),2019-12-28 17:18,2019,ASIA,IN,Rajasthan,"Sawai Madhopur, IN-RJ, IN",26.096514,76.464425,2020-01-28 16:11:19,130793
2543035259,,,,,2009-11-11 4:06,2009,ASIA,IN,Rajasthan,"Sawai Madhopur, IN-RJ, IN",26.070612,76.51503,2019-12-28 13:02:42,130793
2540821188,,,,,2011-05-19 18:38,2011,ASIA,IN,Maharashtra,"Chandrapur, IN-MH, IN",20.388259,79.374928,2019-12-22 14:23:50,130793
2465258706,,,,Zone 1,2019-11-16 18:41,2019,ASIA,IN,Rajasthan,"Sawai Madhopur, IN-RJ, IN",26.085737,76.531399,2019-11-28 15:53:40,130793
2465243100,"{""evidenceOfPresence"":""organism""}",Male,Adult,Two Tigers Playing Around. Zone 4.,2019-11-16 10:32,2019,ASIA,IN,Rajasthan,"Sawai Madhopur, IN-RJ, IN",26.023415,76.438317,2019-11-28 11:32:02,130793
2465203442,,,,Zone 8,2019-11-17 11:11,2019,ASIA,IN,Rajasthan,"Sawai Madhopur, IN-RJ, IN",26.127126,76.429893,2019-11-28 17:09:39,130793
2465193490,,,,,2019-11-16 17:05,2019,ASIA,IN,Rajasthan,"Sawai Madhopur, IN-RJ, IN",26.031025,76.597735,2019-11-28 13:00:11,130793
2445054607,,,,,2019-02-20 17:51,2019,ASIA,IN,Karnataka,"Karnataka, IN",12.07545,76.024929,2019-10-24 5:31:35,130793
2444980403,,,,,2018-12-30 10:18,2018,ASIA,IN,Tamil Nadu,"Tamil Nadu, IN",11.587684,76.977238,2019-07-29 16:00:14,130793
2429371981,,,,,2018-05-01 7:24,2018,ASIA,IN,Uttarakhand,"Uttarakhand, IN",29.533793,79.081946,2019-12-13 9:56:26,130793
2429222100,,,,,2009-12-09 15:51,2009,ASIA,IN,Rajasthan,"Sawai Madhopur, IN-RJ, IN",26.075486,76.412978,2019-10-07 20:37:51,130793
2423231215,,,,,2018-12-06 16:38:50,2018,ASIA,IN,Madhya Pradesh,"Madhya Pradesh, IN",22.215198,80.52004,2019-12-13 9:58:09,130793
2423106114,,,,"Probably Male, was disturbed on seeing us. Very beautiful.",2011-05-20 5:30,2011,ASIA,IN,Uttarakhand,"Uttarakhand, IN",29.544092,78.842151,2019-09-16 22:07:59,130793
2366116805,,,,,2016-01-05 8:16,2016,ASIA,IN,Rajasthan,"Sawai Madhopur, IN-RJ, IN",26.087083,76.452024,2019-08-20 14:14:50,130793
2350369964,,,,Saw 3-4 tigers in the wild. Amazing sight,2018-05-19T07:36:49Z,2018,ASIA,IN,Rajasthan,"Sawai Madhopur, IN-RJ, IN",26.02323,76.48612,2019-09-10 16:31:20,130793
2331917282,,,,"Pugmark of Tiger Organisms seen during the walk from Thamampathi to Kuchimalai (falls in Pothamadai Bead, Pollachi Range of Anamalai Tiger Reserve)",2019-08-04 7:24,2019,ASIA,IN,Tamil Nadu,"Tamil Nadu, IN",10.56054,76.90991,2019-08-06 13:25:09,130793
2311370093,,,,,2018-11-29 7:43:54,2018,ASIA,IN,Rajasthan,"Rajasthan, IN",25.893169,76.268444,2019-12-13 10:05:26,130793
2311347987,"{""evidenceOfPresence"":""organism""}",,,,2010-02-10 20:39,2010,ASIA,IN,Tamil Nadu,"Tamil Nadu, IN",11.509999,76.488799,2019-09-10 16:32:16,130793
2311315574,,,,,2009-10-30 7:42,2009,ASIA,IN,Rajasthan,"Sawai Madhopur, IN-RJ, IN",26.095167,76.307387,2019-07-26 5:02:39,130793
2294530110,,,,,2019-02-04 8:53,2019,ASIA,IN,Madhya Pradesh,"Hoshangabad, IN-MP, IN",22.553847,78.197385,2019-09-10 16:32:38,130793
2294422946,"{""evidenceOfPresence"":""organism""}",,,Female With 4 Cubs,2019-05-20 16:10,2019,ASIA,IN,Maharashtra,"Chandrapur, IN-MH, IN",20.250994,79.304759,2019-09-10 16:38:33,130793
2294422928,,,,2 Cubs of Tara & Maya With 2 Cubs at Diffrent Locations,2019-05-21 16:30,2019,ASIA,IN,Maharashtra,"Chandrapur, IN-MH, IN",20.27932,79.317464,2019-09-10 16:38:14,130793
2283248607,"{""evidenceOfPresence"":""organism""}",,,,2017-02-11 9:45,2017,ASIA,IN,Madhya Pradesh,"Madhya Pradesh, IN",23.702988,81.066508,2019-07-09 19:02:20,130793
2283173201,,,,,2019-05-27 5:04,2019,ASIA,IN,Maharashtra,"Chandrapur, IN-MH, IN",20.325868,79.355395,2019-07-05 19:03:35,130793
2283085521,,,Juvenile,,2019-04-13 9:14:01,2019,ASIA,IN,Rajasthan,"Sawai Madhopur, IN-RJ, IN",26.047548,76.577231,2019-06-30 14:37:22,130793
2283085349,,,,,2019-04-11 20:42:43,2019,ASIA,IN,Rajasthan,"Rajasthan, IN",25.887138,76.305428,2019-06-30 14:37:48,130793
2273236323,,,,,2001-01-25,2001,ASIA,IN,Rajasthan,"Sawai Madhopur, IN-RJ, IN",26.083698,76.402135,2019-06-22 23:43:23,130793
2273233975,,,,,2001-01-26,2001,ASIA,IN,Rajasthan,"Sawai Madhopur, IN-RJ, IN",26.150361,76.499054,2019-06-22 3:15:16,130793
2244296784,,,,,2019-05-20 18:07:47,2019,ASIA,IN,Madhya Pradesh,"Madhya Pradesh, IN",22.287445,80.459253,2019-09-10 16:38:46,130793
2244247680,,,,,2015-02-26 4:11,2015,ASIA,IN,Madhya Pradesh,"Madhya Pradesh, IN",23.607798,81.008478,2019-12-13 10:53:44,130793
2237425975,,,Adult,,2015-02-26 4:09,2015,ASIA,IN,Madhya Pradesh,"Madhya Pradesh, IN",23.723336,80.998591,2019-04-06 21:01:26,130793
2235544125,,,,Aarchi,2019-03-30,2019,ASIA,IN,Maharashtra,"Yavatmal, IN-MH, IN",19.970794,78.52363,2019-04-03 5:47:45,130793
2235533978,,Female,Adult,Female,2019-03-30,2019,ASIA,IN,Maharashtra,"Yavatmal, IN-MH, IN",19.962671,78.523817,2019-04-02 14:18:36,130793
2235533321,,Female,Adult,2 months old cub,2019-03-30,2019,ASIA,IN,Maharashtra,"Yavatmal, IN-MH, IN",19.828938,78.508334,2019-04-02 14:18:06,130793
2234753895,,,,,2019-03-23 10:29:59,2019,ASIA,IN,Rajasthan,"Sawai Madhopur, IN-RJ, IN",25.987563,76.482832,2019-09-10 16:39:23,130793
2012989347,,,,tiger cub obscured by foliage,2014-12-30 8:18,2014,ASIA,IN,Madhya Pradesh,"Madhya Pradesh, IN",23.75391,81.152205,2019-03-04 2:12:01,130793
2005390098,,Female,Adult,,2019-02-02 18:49,2019,ASIA,IN,Rajasthan,"Rajasthan, IN",25.864016,76.267634,2019-09-10 16:39:35,130793
2005290930,,Female,Adult,,2017-01-22,2017,ASIA,IN,Maharashtra,"Chandrapur, IN-MH, IN",20.5331,79.322178,2019-02-09 2:05:09,130793
1990591840,,,,1 male,2015-04-01 9:45,2015,ASIA,IN,Madhya Pradesh,"Madhya Pradesh, IN",22.325213,80.582819,2019-01-26 17:10:18,130793
1990591788,,Male,Adult,1 young male,2015-04-03 8:44,2015,ASIA,IN,Madhya Pradesh,"Madhya Pradesh, IN",23.796294,81.100592,2019-01-26 17:10:18,130793
1990497580,,,,,2018-06-03 7:35,2018,ASIA,IN,Rajasthan,"Sawai Madhopur, IN-RJ, IN",26.120707,76.35995,2019-09-10 16:40:56,130793
1986622425,,,Juvenile,Ranthambore National Park 2 tiger cubs!,2018-12-07 15:36,2018,ASIA,IN,Rajasthan,"Sawai Madhopur, IN-RJ, IN",26.199096,76.56507,2019-09-10 16:41:07,130793
1986622024,,,,,2018-12-06 12:26,2018,ASIA,IN,Rajasthan,"Sawai Madhopur, IN-RJ, IN",26.077514,76.40668,2019-09-10 16:41:19,130793
1986546390,"{""evidenceOfPresence"":""track""}",,,Footprints of approximate dimension 14.5 x 11.5 cm on a sandy road by a river,2018-11-24,2018,ASIA,IN,Arunachal Pradesh,"Arunachal Pradesh, IN",26.982416,93.108031,2019-09-10 16:41:49,130793
1935612487,,,,,2012-02-01 8:40,2012,ASIA,IN,Karnataka,India,11.738772,76.582146,2018-11-06 4:33:30,130793
1935609442,"{""evidenceOfPresence"":""organism""}",Female,Adult,Tiger known as Maya in the Tadoba Tiger Reserve,2018-11-02 8:12,2018,ASIA,IN,Maharashtra,"Chandrapur, IN-MH, IN",20.393909,79.224814,2018-11-05 22:01:25,130793
1932321538,,,,"A male Bengal Tiger prowls his territory in Ranthambore National Park, in Rajasthan, India.",2011-02-24 22:56:25,2011,ASIA,IN,Rajasthan,"Sawai Madhopur, IN-RJ, IN",26.179711,76.445765,2018-10-20 21:45:54,130793
1931510106,,,,,2015-01-06 20:29:03,2015,ASIA,IN,Maharashtra,India,19.433249,75.453004,2018-10-15 17:54:34,130793
1914234604,,,,,2018-05-15 15:33,2018,ASIA,IN,Maharashtra,"Chandrapur, IN-MH, IN",19.966641,79.585669,2018-09-25 22:29:29,130793
1899807839,"{""evidenceOfPresence"":""organism""}",,Juvenile,,2018-03-03 9:15:15,2018,ASIA,IN,Maharashtra,"Yavatmal, IN-MH, IN",19.894812,78.514828,2018-08-30 20:59:32,130793
1848787688,,,,tijger,2018-04-17 17:26,2018,ASIA,IN,Karnataka,"Karnataka, IN",11.844145,76.263473,2018-06-06 11:36:01,130793
1847450413,,,,,2015-06-17 7:40,2015,ASIA,IN,Maharashtra,"Chandrapur, IN-MH, IN",20.287255,79.278087,2018-05-06 4:07:29,130793
1839229830,,,,,2014-01-13 21:55,2014,ASIA,IN,Uttarakhand,"Uttarakhand, IN",29.420183,78.999599,2018-04-21 20:31:33,130793
1839210793,"{""evidenceOfPresence"":""organism""}",,,,2004-04-16 15:51,2004,ASIA,IN,Rajasthan,"Sawai Madhopur, IN-RJ, IN",26.046186,76.565614,2018-04-20 11:43:39,130793
1837777662,,,,,2009-04-05 9:23,2009,ASIA,IN,Rajasthan,"Sawai Madhopur, IN-RJ, IN",26.024514,76.475468,2018-04-05 11:26:37,130793
1837757104,,,Adult,,2018-03-31 4:24,2018,ASIA,IN,Rajasthan,"Rajasthan, IN",26.08355,76.476068,2018-04-02 12:35:13,130793
1831129341,,Female,Juvenile,,2017-03-06 8:02,2017,ASIA,IN,Rajasthan,"Rajasthan, IN",25.895048,76.555762,2017-09-01 21:24:57,130793
1807324620,,,,See http://www.planetscott.com/speciesdetail/10065/tiger-(panthera-tigris) for more info,2006-01-12,2006,ASIA,IN,Madhya Pradesh,"Katni, IN-MP, IN",23.431257,80.546434,2018-04-10 9:20:51,130793
1807285240,,Male,Adult,A Dominant Male Tiger called Raiyakassa male Tiger,2017-04-02 20:26,2017,ASIA,IN,Madhya Pradesh,"Madhya Pradesh, IN",21.652605,79.345897,2018-01-30 5:48:26,130793
1807285089,,Female,Adult,Baras A Bold & Beautiful Tigress ..,2017-05-03 3:30,2017,ASIA,IN,Maharashtra,"Maharashtra, IN",21.647892,79.347248,2018-01-30 5:48:23,130793
1807285077,,Male,Adult,A Subadult tiger Sambhaji,2017-05-31 4:15,2017,ASIA,IN,Maharashtra,"Nagpur, IN-MH, IN",21.560442,78.929466,2018-01-30 14:01:25,130793
1807285065,,Male,Adult,A Very Famous Dominant Male Tiger called BMW ..,2015-11-23 7:00,2015,ASIA,IN,Madhya Pradesh,"Madhya Pradesh, IN",21.643559,79.291056,2018-01-30 5:48:23,130793
1807285052,,Female,Adult,The Baghinnala tigress at pench national park MP ..,2015-11-23 17:24,2015,ASIA,IN,Madhya Pradesh,"Madhya Pradesh, IN",21.771288,79.334819,2018-01-30 5:48:22,130793
1807284984,,Female,Adult,Bindu A Subadult Tigress,2018-01-17 8:37,2018,ASIA,IN,Maharashtra,"Nagpur, IN-MH, IN",21.473792,78.928541,2018-01-30 5:48:24,130793
1807284980,,Female,Adult,Legendary Collarwali,2015-06-01 4:26,2015,ASIA,IN,Madhya Pradesh,"Madhya Pradesh, IN",21.790606,79.276951,2018-01-30 5:48:26,130793
1807284928,,Female,Adult,A World Famous tigress called Collarwali ..has given 26 cubs to park,2016-02-16 7:39,2016,ASIA,IN,Madhya Pradesh,"Madhya Pradesh, IN",21.686969,79.364788,2018-01-30 5:48:24,130793
1807284919,,,Juvenile,Baghinnala Tigress with her cubs,2015-11-24 10:43,2015,ASIA,IN,Madhya Pradesh,"Madhya Pradesh, IN",21.717769,79.220729,2018-01-30 5:48:24,130793
1802741057,,,,Kaziranga Tiger,2014-03-25 11:45,2014,ASIA,IN,Assam,"Assam, IN",26.670437,93.39584,2017-12-28 21:52:16,130793
1802741052,,Male,Adult,,2014-03-25 11:41,2014,ASIA,IN,Assam,"Assam, IN",26.698398,93.356838,2017-12-28 21:51:13,130793
1802741039,"{""evidenceOfPresence"":""organism""}",,Adult,,2014-03-24 17:23,2014,ASIA,IN,Assam,"Assam, IN",26.711174,93.294381,2017-12-28 21:49:29,130793
1802740786,,,,,2014-03-13 17:23,2014,ASIA,IN,Maharashtra,"Chandrapur, IN-MH, IN",20.39926,79.235551,2017-12-28 20:39:37,130793
1802725184,,,,It is Tiger (Panthera tigris),2014-12-07 15:24,2014,ASIA,IN,Uttarakhand,"Uttarakhand, IN",29.534357,79.033858,2018-01-09 7:08:09,130793
1703187579,,,,,2017-11-20 19:47,2017,ASIA,IN,Maharashtra,"Chandrapur, IN-MH, IN",20.014177,79.344754,2017-11-28 14:39:06,130793
1671735031,,Female,Adult,,2016-11-09 7:59,2016,ASIA,IN,Madhya Pradesh,"Madhya Pradesh, IN",24.689826,79.806707,2017-10-09 20:07:05,130793
1671722133,,,Adult,,2016-12-20 9:49,2016,ASIA,IN,Madhya Pradesh,"Madhya Pradesh, IN",21.767134,79.286483,2017-10-06 20:16:24,130793
1640133270,,,Adult,,2016-11-02 13:02,2016,ASIA,IN,Rajasthan,"Sawai Madhopur, IN-RJ, IN",26.078677,76.427353,2017-09-15 12:31:02,130793
1572327749,,Female,Adult,tigerendangered wildlife,2015-04-03,2015,ASIA,IN,Karnataka,"Chikmagalur, IN-KA, IN",13.293658,75.717073,2017-06-24 8:07:25,130793
1571055895,,,,"Fresh female tiger pugmark. Open jeep/gypsy - 2.2m, 70mm lens.",2012-03-20 2:38,2012,ASIA,IN,Madhya Pradesh,"Madhya Pradesh, IN",22.312486,80.588597,2012-07-26 14:40:41,130793
1453447160,,Female,Adult,,2017-02-09 7:23,2017,ASIA,IN,Uttarakhand,"Uttarakhand, IN",29.531238,78.994796,2017-02-22 5:18:42,130793
1453292620,,,,footprint,2016-12-03 7:58,2016,ASIA,IN,Uttarakhand,"Uttarakhand, IN",30.099761,78.387767,2017-09-19 23:28:44,130793
1453255400,"{""evidenceOfPresence"":""organism""}",Female,Adult,"female was walking on road, gone inside the forest patch and chased a sambar deer. after a while she came out to the road and sent marked, then she moved into the forest",2016-11-10,2016,ASIA,IN,Madhya Pradesh,"Madhya Pradesh, IN",22.33363,80.732471,2016-12-01 11:55:05,130793
1323027106,,,Adult,This is my life's first Tiger sighting. So this tiger is special for me. Photo clicked at Tadoba.,2015-04-09 8:45,2015,ASIA,IN,Maharashtra,"Chandrapur, IN-MH, IN",20.116511,79.436024,2016-10-03 14:53:02,130793
1227717492,"{""evidenceOfPresence"":""organism""}",,Juvenile,,2015-05-25,2015,ASIA,IN,Rajasthan,"Sawai Madhopur, IN-RJ, IN",26.038153,76.235287,2015-06-26 8:39:51,130793
1143565695,"{""evidenceOfPresence"":""organism""}",,,A Tiger Cub in the wild sitting on the rock,2007-02-08,2007,ASIA,IN,Madhya Pradesh,"Madhya Pradesh, IN",23.411507,80.200212,2016-01-03 11:17:02,130793
1132401626,,,Juvenile,I photographed this while i was in a safari in Bandhavgarh national park. The tiger cubs were playing. This guys jumped on another litter when i captured the moment.,2012-05-19,2012,ASIA,IN,Madhya Pradesh,"Katni, IN-MP, IN",23.630025,80.582789,2017-09-01 21:25:33,130793
1099972607,"{""evidenceOfPresence"":""organism""}",Male,Adult,,2015-05-13,2015,ASIA,IN,Uttarakhand,"Uttarakhand, IN",29.407227,78.915285,2015-07-06 20:11:38,130793
1098915576,,,Juvenile,,2015-05-25,2015,ASIA,IN,Rajasthan,"Sawai Madhopur, IN-RJ, IN",26.058141,76.362701,2016-01-31 17:17:33,130793
1098903797,"{""evidenceOfPresence"":""organism""}",Male,Juvenile,"It was our second round in the forest.....earlier in the afternoon just after reaching we did our first park round through canter and saw 2 tigers (T19 Krishna and cub). It was a separate sighting and the cub was fast asleep. T19 was as usual acting like super mom searching for food and was about to attack a spotted deer but gave up as the deer was not within its attack radius.. The second park round was supposed to be more fruitful since it was in the morning. We were in Gypsies, a group of 6 persons per Gypsy, so less noise and a smoother drive aided in optimum eye level photography. We were allotted Zone No. 1 which is supposed to be good and area of Noor and her 2 male cubs. We drove looking for birds and other things. Suddenly i noticed something and I asked the driver to stop the car - It was a Striped Hyena - one of the rare / uncommon sightings and even odd for that particular time in the morning. Our guide / driver was losing his cool & was showing signs of being irritated as we were stopping for each and every bird and for so called ""common"" things. Suddenly we heard an alarm call of Spotted Deer as well as Hanuman Langurs. We stopped and waited for a few minutes.However, the alarm call diminished soon and the reason could have been a male tiger /tigress who could have been sitting camouflaged by the tall grass. We drove further ahead and after some time we saw a bunch of gypsies standing near a rock wall. A cub was sitting on the cliff and watching us curiously. This was the junior cub of Noor ( we came to know about this eventually).... we parked our jeep and started shooting the ""Male"" cub, the fellow Jeep members whispered that there is another tiger cub behind the rock wall. This funny cub was running behind the Painted Spurfowl or the Langurs above. This was a ""poser"" male cub and was giving fantastic poses and with lots of facial expressions. Suddenly he vanished behind the rock and we all were disappointed.....but just after a gap of 5 minutes he re-appeared and sat on the top of the rock facing other side. Soon the second cub appeared and sat just in front of his brother but we could see only his ears and some portion of his head.. Soon this ""cartoon"" cub started running for the passing Hanuman Langurs and just appeared in front of our Jeep. We captured hundreds of his antics on camera . Somehow we were dreaming for the second cub to come forwards and sit next to his brother so that we can click ""The Two Brothers"" together. But the cub behind was not at all in the mood to move from his position. All of a sudden the first cub was very curious and watching intently behind our jeep. We were thinking that it must be his mommy returning to the cubs. This fellow was making funny faces but highly aware of his surroundings. We were also curious why the cub was so restless and alert. Soon he got up and started to climb on to the rock... which was just above us! and if by chance he jumped from there, he would have landed directly on our jeep! We all sat quietly and observed carefully.... carefully as he might jump on us but at the same time with the hope that we may get some good shots. Somehow one of the tourists in the back jeep saw a spotted female deer approaching the lake next to our jeep. Now we all realised that ""this "" is the thing for which the cub was so restless and active. This was a learning curve for me ... that how a small cub (about 14/16 months old) can smell a prey from such a long distance. He started stalking on the rock itself..... but he was on the high rock at the right side... then down on the road we are in 3/4 jeeps... and then at the left side of our jeep (road) there was a small lake where the Spotted Deer was approaching for water. The cub started making faces and showed his hyperactive side. The deer approached slowly towards the water...now the second male also smelled the ""prey"" and stood up on the spot. The poor deer was unaware about the danger that awaited them at the paws of the two mighty predators. The deer started drinking water slowly... the second cub came forward and now he was on the edge of the rock. The rock was approx 12/15 feet tall. He took some time and then he started crouching and stalking......all were mesmerized and engrossed with the act. Many fellow photographers were lost in the scene and forgot about the photography and were simply enjoying the thrill. I was quite focused and glued to the 1.5 centimeter viewfinder and never left the viewfinder as i wanted to catch the drama. Of course there were 5 jeeps in front of us so I was aware that we might miss the ""hunt""but I was hoping for the best and concentrated on my ""viewfinder"" only though it was my maiden attempt to capture the kill in front of me. At that point of time my whole life was concentrated in that 1.5 cm viewfinder and of course for that Spotted Deer. Within a fraction of a second the second cub leaped from the rock and crossed the road in front of the jeeps and chased the deer. The deer sensed the danger and started running away helter skelter... but the cub was too fast and powerful and he smacked him with his mighty paw... the deer was thrown away just like a football... but the cub pounced on him again and pressed the deer on the ground and just sat there for many minutes.... just like a winner with the trophy... it might be his first ever individual hunt without the help of mother ""Noor"". The first cub, which also ran behind the deer as a backup plan, calmly went away and sat a few feet away from the kill and the trophy winning brother.... may be a tad upset as he missed his ""kill"". As the kill was pressed in the ground and was not visible due to a log and some bushes in front, we missed the feasting shots. We were only able to click pictures of the cub with his face painted in the deer's blood whenever he grasped the leg, neck and lifted the kill.",2015-05-25,2015,ASIA,IN,Rajasthan,"Sawai Madhopur, IN-RJ, IN",26.074049,76.522558,2016-01-31 17:18:12,130793
1092885349,"{""evidenceOfPresence"":""organism""}",,Juvenile,"The cubs of Kolsa tigress, Tadoba Andhari Tiger Reserve, Maharashtra",2015-03-22,2015,ASIA,IN,Maharashtra,"Chandrapur, IN-MH, IN",20.222588,79.265354,2016-01-31 17:18:53,130793
1038878019,,,,,2007-05-21,2007,ASIA,IN,Uttarakhand,,29.9488,78.2889,,
1038288621,,Male,Adult,I saw a large male tiger at Kanha National Park near a water body. The tiger was walking towards a creek near the water body in Kisli Zone.,2014-06-05,2014,ASIA,IN,Madhya Pradesh,"Madhya Pradesh, IN",22.370401,80.79676,2014-10-09 15:33:21,130793
1020587408,,,,,2011-12-22,2011,ASIA,IN,Uttarakhand,,30.0636,78.2964,,
1020587407,,,,,2011-12-27,2011,ASIA,IN,Uttarakhand,,30.0636,78.2964,,
1020587406,,,,,2011-12-18,2011,ASIA,IN,Uttarakhand,,29.9862,78.2892,,
1020587405,,,,,2011-12-27,2011,ASIA,IN,Uttarakhand,,30.0636,78.2964,,
1020587404,,,,,2011-12-22,2011,ASIA,IN,Uttarakhand,,30.0636,78.2964,,
1020587403,,,,,2011-12-22,2011,ASIA,IN,Uttarakhand,,30.0636,78.2964,,
1020587402,,,,,2011-12-19,2011,ASIA,IN,Uttarakhand,,29.9592,78.2563,,
1020587401,,,,,2011-12-26,2011,ASIA,IN,Uttarakhand,,30.0717,78.3185,,
1020587400,,,,,2011-12-15,2011,ASIA,IN,Uttarakhand,,30.0636,78.2964,,
1020587399,,,,,2011-12-19,2011,ASIA,IN,Uttarakhand,,29.9685,78.2145,,
1020587398,,,,,2011-12-20,2011,ASIA,IN,Uttarakhand,,29.9937,78.2737,,
1020587397,,,,,2011-12-21,2011,ASIA,IN,Uttarakhand,,29.9702,78.2303,,
1020587396,,,,,2011-12-18,2011,ASIA,IN,Uttarakhand,,29.9827,78.2244,,
1020587395,,,,,2011-12-18,2011,ASIA,IN,Uttarakhand,,30.0834,78.3061,,
1020587394,,,,,2011-12-16,2011,ASIA,IN,Uttarakhand,,29.9702,78.2303,,
1020587393,,,,,2011-12-25,2011,ASIA,IN,Uttarakhand,,30.0007,78.26,,
1020587392,,,,,2011-12-22,2011,ASIA,IN,Uttarakhand,,29.9702,78.2303,,
1020587391,,Male,,,2011-02-17,2011,ASIA,IN,Uttarakhand,,29.9554,78.2965,,
1020587390,,,,,2011-12-23,2011,ASIA,IN,Uttarakhand,,30.0636,78.2964,,
1020587389,,,,,2011-12-17,2011,ASIA,IN,Uttarakhand,,29.9702,78.2303,,
1020587388,,Female,,,2011-02-18,2011,ASIA,IN,Uttarakhand,,29.9685,78.2448,,
1020587387,,,,,2011-12-22,2011,ASIA,IN,Uttarakhand,,30.0636,78.2964,,
1020587386,,,,,2011-12-20,2011,ASIA,IN,Uttarakhand,,29.9707,78.262,,
1020587385,,,,,2011-12-15,2011,ASIA,IN,Uttarakhand,,30.0503,78.3091,,
1020587384,,,,,2011-12-26,2011,ASIA,IN,Uttarakhand,,29.9702,78.2303,,
1020587383,,,,,2011-12-21,2011,ASIA,IN,Uttarakhand,,29.9592,78.2563,,
1020587382,,,,,2011-12-18,2011,ASIA,IN,Uttarakhand,,29.9702,78.2303,,
1020587381,,,,,2011-12-10,2011,ASIA,IN,Uttarakhand,,29.9592,78.2563,,
1020587380,,,,,2011-12-16,2011,ASIA,IN,Uttarakhand,,29.9592,78.2563,,
1020587379,,,,,2011-12-10,2011,ASIA,IN,Uttarakhand,,29.9592,78.2563,,
1020587378,,,,,2011-12-13,2011,ASIA,IN,Uttarakhand,,29.9592,78.2563,,
1020587377,,,,,2011-12-17,2011,ASIA,IN,Uttarakhand,,29.9702,78.2303,,
1020587376,,,,,2011-12-19,2011,ASIA,IN,Uttarakhand,,29.9685,78.2145,,
1020587375,,Male,,,2011-02-25,2011,ASIA,IN,Uttarakhand,,29.9341,78.2912,,
1020587374,,Female,,,2011-02-20,2011,ASIA,IN,Uttarakhand,,29.9844,78.3078,,
1020587373,,,,,2011-12-25,2011,ASIA,IN,Uttarakhand,,29.9921,78.2737,,
1020587372,,,,,2011-12-18,2011,ASIA,IN,Uttarakhand,,29.9702,78.2303,,
1020587371,,,,,2011-12-18,2011,ASIA,IN,Uttarakhand,,29.9862,78.2892,,
1020587370,,,,,2011-12-18,2011,ASIA,IN,Uttarakhand,,29.9707,78.262,,
1020587369,,,,,2011-12-22,2011,ASIA,IN,Uttarakhand,,30.0636,78.2964,,
1020587368,,,,,2011-12-26,2011,ASIA,IN,Uttarakhand,,29.9702,78.2303,,
1020587367,,,,,2011-12-10,2011,ASIA,IN,Uttarakhand,,29.9702,78.2303,,
1020587366,,,,,2011-12-24,2011,ASIA,IN,Uttarakhand,,30.0636,78.2964,,
1020587365,,Female,,,2011-02-13,2011,ASIA,IN,Uttarakhand,,29.954,78.2712,,
1020587364,,,,,2011-12-22,2011,ASIA,IN,Uttarakhand,,30.0636,78.2964,,
1020587363,,,,,2011-12-18,2011,ASIA,IN,Uttarakhand,,29.9921,78.2737,,
1020587362,,Male,,,2011-02-19,2011,ASIA,IN,Uttarakhand,,29.9554,78.2965,,
1020587361,,Female,,,2011-02-20,2011,ASIA,IN,Uttarakhand,,29.9862,78.2892,,
1020587360,,Male,,,2011-12-20,2011,ASIA,IN,Uttarakhand,,29.9707,78.262,,
1020587359,,,,,2011-12-16,2011,ASIA,IN,Uttarakhand,,29.9592,78.2563,,
1020587358,,,,,2011-12-19,2011,ASIA,IN,Uttarakhand,,29.9592,78.2563,,
1020587357,,Male,,,2011-02-09,2011,ASIA,IN,Uttarakhand,,29.9554,78.2965,,
1020587356,,,,,2011-12-18,2011,ASIA,IN,Uttarakhand,,29.9921,78.2737,,
1020587355,,,,,2011-12-12,2011,ASIA,IN,Uttarakhand,,29.9642,78.2861,,
1020587354,,,,,2011-12-13,2011,ASIA,IN,Uttarakhand,,29.9592,78.2563,,
1020587353,,,,,2011-12-10,2011,ASIA,IN,Uttarakhand,,29.9592,78.2563,,
1020587352,,,,,2011-12-15,2011,ASIA,IN,Uttarakhand,,29.8989,78.2766,,
1020587351,,,,,2011-12-20,2011,ASIA,IN,Uttarakhand,,29.9707,78.262,,
1020587350,,,,,2011-12-22,2011,ASIA,IN,Uttarakhand,,29.9592,78.2563,,
1020587349,,,,,2011-12-23,2011,ASIA,IN,Uttarakhand,,29.9554,78.2965,,
1020587348,,,,,2011-12-12,2011,ASIA,IN,Uttarakhand,,29.9844,78.3078,,
1020587347,,,,,2011-12-22,2011,ASIA,IN,Uttarakhand,,29.9592,78.2563,,
1020587346,,Female,,,2011-02-20,2011,ASIA,IN,Uttarakhand,,29.9862,78.2892,,
1020587345,,Male,,,2011-02-24,2011,ASIA,IN,Uttarakhand,,29.9554,78.2965,,
1020587344,,Male,,,2011-02-17,2011,ASIA,IN,Uttarakhand,,29.954,78.2712,,
1020587343,,Female,,,2011-12-20,2011,ASIA,IN,Uttarakhand,,29.9447,78.271,,
1020587342,,,,,2011-12-12,2011,ASIA,IN,Uttarakhand,,29.9554,78.2965,,
1020587341,,,,,2011-12-26,2011,ASIA,IN,Uttarakhand,,29.9592,78.2563,,
1020587340,,,,,2011-12-10,2011,ASIA,IN,Uttarakhand,,29.9592,78.2563,,
1020587339,,,,,2011-12-26,2011,ASIA,IN,Uttarakhand,,29.9592,78.2563,,
1020587338,,,,,2011-12-18,2011,ASIA,IN,Uttarakhand,,29.9702,78.2303,,
1020587337,,Male,,,2011-02-17,2011,ASIA,IN,Uttarakhand,,29.954,78.2712,,
1020587336,,Female,,,2011-12-20,2011,ASIA,IN,Uttarakhand,,29.9447,78.271,,
1020587335,,Male,,,2011-02-23,2011,ASIA,IN,Uttarakhand,,29.9278,78.2668,,
1020587334,,,,,2011-12-12,2011,ASIA,IN,Uttarakhand,,29.9642,78.2861,,
1020587333,,,,,2011-12-23,2011,ASIA,IN,Uttarakhand,,29.9341,78.2912,,
1020587332,,Male,,,2011-02-09,2011,ASIA,IN,Uttarakhand,,29.9554,78.2965,,
1020587331,,,,,2011-12-23,2011,ASIA,IN,Uttarakhand,,29.9554,78.2965,,
1020587330,,,,,2011-12-13,2011,ASIA,IN,Uttarakhand,,29.9188,78.274,,
1020587329,,,,,2011-12-17,2011,ASIA,IN,Uttarakhand,,29.9702,78.2303,,
1020587328,,Female,,,2011-02-20,2011,ASIA,IN,Uttarakhand,,29.9844,78.3078,,
1020587327,,,,,2011-12-22,2011,ASIA,IN,Uttarakhand,,29.9702,78.2303,,
1020587326,,,,,2011-12-21,2011,ASIA,IN,Uttarakhand,,29.9447,78.271,,
1020587325,,Female,,,2009-12-18,2009,ASIA,IN,Uttarakhand,,30.0006,78.2446,,
1020587324,,,,,2011-12-21,2011,ASIA,IN,Uttarakhand,,29.9341,78.2912,,
1020587323,,,,,2011-12-26,2011,ASIA,IN,Uttarakhand,,29.9592,78.2563,,
1020587322,,Male,,,2011-02-12,2011,ASIA,IN,Uttarakhand,,29.954,78.2712,,
1020587321,,,,,2011-12-10,2011,ASIA,IN,Uttarakhand,,29.9188,78.274,,
1020587320,,Male,,,2011-02-17,2011,ASIA,IN,Uttarakhand,,29.9554,78.2965,,
1020587319,,,,,2011-12-11,2011,ASIA,IN,Uttarakhand,,29.9341,78.2912,,
1020587318,,,,,2011-12-23,2011,ASIA,IN,Uttarakhand,,29.9341,78.2912,,
1020587317,,,,,2011-12-10,2011,ASIA,IN,Uttarakhand,,29.9188,78.274,,
1020587316,,Male,,,2011-02-17,2011,ASIA,IN,Uttarakhand,,29.9554,78.2965,,
1020587315,,Female,,,2011-12-23,2011,ASIA,IN,Uttarakhand,,29.9431,78.2932,,
1020587314,,Male,,,2011-02-19,2011,ASIA,IN,Uttarakhand,,29.9554,78.2965,,
1020587313,,,,,2011-12-21,2011,ASIA,IN,Uttarakhand,,29.9592,78.2563,,
1020587312,,,,,2011-12-16,2011,ASIA,IN,Uttarakhand,,29.8989,78.2766,,
1020587311,,,,,2011-12-09,2011,ASIA,IN,Uttarakhand,,29.8989,78.2766,,
1020587310,,,,,2011-12-21,2011,ASIA,IN,Uttarakhand,,29.9341,78.2912,,
1020587309,,Female,,,2011-02-24,2011,ASIA,IN,Uttarakhand,,29.9341,78.2912,,
1020587308,,Male,,,2011-02-17,2011,ASIA,IN,Uttarakhand,,29.9309,78.3107,,
1020587307,,,,,2011-12-10,2011,ASIA,IN,Uttarakhand,,29.9188,78.274,,
1020587306,,Female,,,2011-02-26,2011,ASIA,IN,Uttarakhand,,29.9453,78.3159,,
1020587305,,,,,2011-12-10,2011,ASIA,IN,Uttarakhand,,29.9188,78.274,,
1020587304,,,,,2011-12-16,2011,ASIA,IN,Uttarakhand,,29.9592,78.2563,,
1020587303,,,,,2011-12-16,2011,ASIA,IN,Uttarakhand,,29.8989,78.2766,,
1020587302,,Male,,,2011-12-17,2011,ASIA,IN,Uttarakhand,,29.912,78.3033,,
1020587301,,Female,,,2011-02-26,2011,ASIA,IN,Uttarakhand,,29.9453,78.3159,,
1020587300,,Female,,,2011-12-20,2011,ASIA,IN,Uttarakhand,,29.8989,78.2766,,
1020587299,,Male,,,2011-02-17,2011,ASIA,IN,Uttarakhand,,29.9554,78.2965,,
1020587298,,Male,,,2011-02-19,2011,ASIA,IN,Uttarakhand,,29.9554,78.2965,,
1020587296,,,,,2011-12-22,2011,ASIA,IN,Uttarakhand,,29.9188,78.274,,
1020587295,,,,,2011-12-12,2011,ASIA,IN,Uttarakhand,,29.9309,78.3107,,
1020587294,,,,,2011-12-15,2011,ASIA,IN,Uttarakhand,,29.8989,78.2766,,
1020587293,,Male,,,2011-02-23,2011,ASIA,IN,Uttarakhand,,29.9278,78.2668,,
1020587292,,Male,,,2011-02-17,2011,ASIA,IN,Uttarakhand,,29.9309,78.3107,,
1020587291,,Female,,,2011-12-23,2011,ASIA,IN,Uttarakhand,,29.9431,78.2932,,
1020587290,,,,,2011-12-10,2011,ASIA,IN,Uttarakhand,,29.9592,78.2563,,
1020587289,,,,,2011-12-21,2011,ASIA,IN,Uttarakhand,,29.9447,78.271,,
1020587288,,Female,,,2011-12-17,2011,ASIA,IN,Uttarakhand,,29.912,78.3033,,
1020587287,,,,,2011-12-21,2011,ASIA,IN,Uttarakhand,,29.8641,78.3438,,
1020587286,,,,,2011-12-15,2011,ASIA,IN,Uttarakhand,,29.8989,78.2766,,
1020587285,,,,,2011-12-15,2011,ASIA,IN,Uttarakhand,,29.8989,78.2766,,
1020587284,,Male,,,2011-02-19,2011,ASIA,IN,Uttarakhand,,29.9554,78.2965,,
1020587283,,Female,,,2011-12-19,2011,ASIA,IN,Uttarakhand,,29.9309,78.3107,,
1020587282,,Female,,,2009-12-18,2009,ASIA,IN,Uttarakhand,,29.9974,78.2451,,
1020587281,,Female,,,2009-12-28,2009,ASIA,IN,Uttarakhand,,29.9974,78.2451,,
1020587280,,Male,,,2011-02-17,2011,ASIA,IN,Uttarakhand,,29.9079,78.2878,,
1020587279,,Female,,,2011-12-25,2011,ASIA,IN,Uttarakhand,,29.9341,78.2912,,
1020587278,,Female,,,2009-12-15,2009,ASIA,IN,Uttarakhand,,29.9685,78.2448,,
1020587277,,Female,,,2011-12-10,2011,ASIA,IN,Uttarakhand,,29.8989,78.2766,,
1020587276,,,,,2011-12-17,2011,ASIA,IN,Uttarakhand,,29.8989,78.2766,,
1020587275,,,,,2011-12-10,2011,ASIA,IN,Uttarakhand,,29.9188,78.274,,
1020587274,,Female,,,2009-12-09,2009,ASIA,IN,Uttarakhand,,29.9565,78.2537,,
1020587273,,,,,2011-12-17,2011,ASIA,IN,Uttarakhand,,29.9188,78.274,,
1020587272,,Female,,,2009-11-04,2009,ASIA,IN,Uttarakhand,,29.8755,78.3104,,
1020587271,,Female,,,2009-12-13,2009,ASIA,IN,Uttarakhand,,29.9702,78.2304,,
1020587270,,,,,2011-12-09,2011,ASIA,IN,Uttarakhand,,29.8989,78.2766,,
1020587269,,Female,,,2005-01-12,2005,ASIA,IN,Uttarakhand,,29.9598,78.242,,
1020587268,,,,,2011-12-10,2011,ASIA,IN,Uttarakhand,,29.9188,78.274,,
1020587267,,Female,,,2011-12-20,2011,ASIA,IN,Uttarakhand,,29.8989,78.2766,,
1020587265,,,,,2011-12-11,2011,ASIA,IN,Uttarakhand,,29.9341,78.2912,,
1020587264,,,,,2011-12-16,2011,ASIA,IN,Uttarakhand,,29.8913,78.2834,,
1020587263,,Female,,,2009-11-18,2009,ASIA,IN,Uttarakhand,,29.9552,78.2856,,
1020587260,,Female,,,2009-12-05,2009,ASIA,IN,Uttarakhand,,29.9685,78.2145,,
1020587259,,Female,,,2009-11-20,2009,ASIA,IN,Uttarakhand,,29.93,78.3062,,
1020587258,,Male,,,2009-11-13,2009,ASIA,IN,Uttarakhand,,29.9647,78.2861,,
1020587257,,Female,,,2009-12-27,2009,ASIA,IN,Uttarakhand,,29.9807,78.2326,,
1020587256,,Female,,,2011-12-10,2011,ASIA,IN,Uttarakhand,,29.8989,78.2766,,
1020587255,,Male,,,2009-11-21,2009,ASIA,IN,Uttarakhand,,29.9431,78.2932,,
1020587253,,Female,,,2009-11-18,2009,ASIA,IN,Uttarakhand,,29.8915,78.2834,,
1020587252,,Female,,,2009-12-28,2009,ASIA,IN,Uttarakhand,,29.9414,78.2474,,
1020587251,,,,,2011-12-21,2011,ASIA,IN,Uttarakhand,,29.9341,78.2912,,
1020587249,,,,,2011-12-15,2011,ASIA,IN,Uttarakhand,,29.8989,78.2766,,
1020587248,,Female,,,2009-11-21,2009,ASIA,IN,Uttarakhand,,29.9034,78.2697,,
1020587247,,Female,,,2011-02-24,2011,ASIA,IN,Uttarakhand,,29.9251,78.2768,,
1020587246,,,,,2011-12-19,2011,ASIA,IN,Uttarakhand,,29.8703,78.3211,,
1020587245,,Male,,,2011-02-22,2011,ASIA,IN,Uttarakhand,,29.9079,78.2878,,
1020587244,,Male,,,2011-12-11,2011,ASIA,IN,Uttarakhand,,29.8976,78.3003,,
1020587243,,Female,,,2009-12-13,2009,ASIA,IN,Uttarakhand,,29.9702,78.2304,,
1020587241,,,,,2009-11-06,2009,ASIA,IN,Uttarakhand,,29.8755,78.3104,,
1020587240,,,,,2009-10-25,2009,ASIA,IN,Uttarakhand,,29.8703,78.321,,
1020587239,,Male,,,2009-11-06,2009,ASIA,IN,Uttarakhand,,29.8866,78.3126,,
1020587238,,Female,,,2006-02-01,2006,ASIA,IN,Uttarakhand,,29.9446,78.2822,,
1020587237,,Female,,,2009-12-27,2009,ASIA,IN,Uttarakhand,,29.9807,78.2326,,
1020587236,,Female,,,2011-02-24,2011,ASIA,IN,Uttarakhand,,29.9251,78.2768,,
1020587235,,Female,,,2009-11-12,2009,ASIA,IN,Uttarakhand,,29.9341,78.2912,,
1020587234,,Female,,,2006-01-11,2006,ASIA,IN,Uttarakhand,,29.9491,78.2942,,
1020587232,,Male,,,2009-12-04,2009,ASIA,IN,Uttarakhand,,29.9555,78.2151,,
1020587231,,Female,,,2009-12-18,2009,ASIA,IN,Uttarakhand,,30.0006,78.2446,,
1020587230,,Male,,,2009-11-13,2009,ASIA,IN,Uttarakhand,,29.9555,78.2962,,
1020587229,,,,,2011-12-17,2011,ASIA,IN,Uttarakhand,,29.8989,78.2766,,
1020587228,,Female,,,2009-11-04,2009,ASIA,IN,Uttarakhand,,29.8703,78.321,,
1020587227,,Female,,,2006-01-11,2006,ASIA,IN,Uttarakhand,,29.9553,78.2879,,
1020587226,,Female,,,2009-10-28,2009,ASIA,IN,Uttarakhand,,29.8578,78.324,,
1020587225,,Female,,,2005-01-07,2005,ASIA,IN,Uttarakhand,,29.9566,78.283,,
1020587224,,Female,,,2009-11-07,2009,ASIA,IN,Uttarakhand,,29.8866,78.3126,,
1020587223,,Female,,,2011-02-24,2011,ASIA,IN,Uttarakhand,,29.8641,78.3438,,
1020587222,,Male,,,2009-11-20,2009,ASIA,IN,Uttarakhand,,29.9566,78.283,,
1020587220,,,,,2009-10-26,2009,ASIA,IN,Uttarakhand,,29.8866,78.3126,,
1020587218,,Male,,,2006-02-09,2006,ASIA,IN,Uttarakhand,,29.9314,78.2989,,
1020587217,,Female,,,2009-11-12,2009,ASIA,IN,Uttarakhand,,29.9188,78.274,,
1020587216,,Female,,,2006-01-11,2006,ASIA,IN,Uttarakhand,,29.9553,78.2879,,
1020587215,,Female,,,2006-01-11,2006,ASIA,IN,Uttarakhand,,29.9555,78.2962,,
1020587214,,Male,,,2011-02-23,2011,ASIA,IN,Uttarakhand,,29.8866,78.3126,,
1020587213,,Male,,,2006-01-11,2006,ASIA,IN,Uttarakhand,,29.9555,78.2962,,
1020587212,,Female,,,2006-01-12,2006,ASIA,IN,Uttarakhand,,29.9553,78.2879,,
1020587211,,Female,,,2007-05-06,2007,ASIA,IN,Uttarakhand,,29.9308,78.3095,,
1020587210,,,,,2007-04-17,2007,ASIA,IN,Uttarakhand,,29.9435,78.2783,,
1020587209,,Female,,,2005-01-06,2005,ASIA,IN,Uttarakhand,,29.9566,78.283,,
1020587208,,,,,2007-04-17,2007,ASIA,IN,Uttarakhand,,29.9435,78.2783,,
1020587207,,,,,2007-05-21,2007,ASIA,IN,Uttarakhand,,29.9488,78.2889,,
1020587206,,,,,2009-10-30,2009,ASIA,IN,Uttarakhand,,29.8862,78.3044,,
1020587204,,Female,,,2009-11-06,2009,ASIA,IN,Uttarakhand,,29.8755,78.3104,,
1020587203,,Female,,,2006-01-12,2006,ASIA,IN,Uttarakhand,,29.9555,78.2962,,
1020587200,,Female,,,2006-04-07,2006,ASIA,IN,Uttarakhand,,30.0048,78.2498,,
1020587199,,Female,,,2009-11-12,2009,ASIA,IN,Uttarakhand,,29.93,78.3062,,
1020587198,,Male,,,2007-04-25,2007,ASIA,IN,Uttarakhand,,29.9566,78.2835,,
1020587197,,,,,2007-04-17,2007,ASIA,IN,Uttarakhand,,29.9435,78.2783,,
1020587196,,Male,,,2009-11-21,2009,ASIA,IN,Uttarakhand,,29.9341,78.2912,,
1020587195,,,,,2009-12-13,2009,ASIA,IN,Uttarakhand,,29.9702,78.2304,,
1020587194,,,,,2007-05-21,2007,ASIA,IN,Uttarakhand,,29.9488,78.2889,,
1020587192,,Female,,,2009-11-03,2009,ASIA,IN,Uttarakhand,,29.8578,78.324,,
1020587190,,,,,2006-01-04,2006,ASIA,IN,Uttarakhand,,29.8999,78.3008,,
1020587189,,Female,,,2007-05-13,2007,ASIA,IN,Uttarakhand,,29.9308,78.3095,,
1020587188,,Female,,,2007-05-06,2007,ASIA,IN,Uttarakhand,,29.9308,78.3095,,
1020587187,,Male,,,2007-04-17,2007,ASIA,IN,Uttarakhand,,29.9435,78.2783,,
1020587186,,Female,,,2006-02-03,2006,ASIA,IN,Uttarakhand,,29.9308,78.3095,,
1020587185,,Male,,,2006-01-11,2006,ASIA,IN,Uttarakhand,,29.9491,78.2942,,
1020587184,,Male,,,2006-04-10,2006,ASIA,IN,Uttarakhand,,29.9811,78.234,,
1020587183,,Female,,,2006-02-28,2006,ASIA,IN,Uttarakhand,,29.9623,78.2877,,
1020587182,,Female,,,2009-12-18,2009,ASIA,IN,Uttarakhand,,29.9414,78.2474,,
1020587181,,Female,,,2006-01-11,2006,ASIA,IN,Uttarakhand,,29.9491,78.2942,,
1020587180,,Female,,,2007-05-06,2007,ASIA,IN,Uttarakhand,,29.9308,78.3095,,
1020587179,,,,,2007-04-17,2007,ASIA,IN,Uttarakhand,,29.9435,78.2783,,
1020587178,,Female,,,2009-11-06,2009,ASIA,IN,Uttarakhand,,29.8703,78.321,,
1020587177,,Male,,,2006-02-01,2006,ASIA,IN,Uttarakhand,,29.9308,78.3095,,
1020587175,,Male,,,2007-04-17,2007,ASIA,IN,Uttarakhand,,29.9435,78.2783,,
1020587174,,Male,,,2007-04-16,2007,ASIA,IN,Uttarakhand,,29.9435,78.2783,,
1020587173,,Female,,,2006-02-03,2006,ASIA,IN,Uttarakhand,,29.9308,78.3095,,
1020587171,,Male,,,2007-04-17,2007,ASIA,IN,Uttarakhand,,29.9435,78.2783,,
1020587170,,Male,,,2006-04-10,2006,ASIA,IN,Uttarakhand,,29.9811,78.234,,
1020587168,,,,,2007-04-25,2007,ASIA,IN,Uttarakhand,,29.9566,78.2835,,
1020587166,,Female,,,2009-10-23,2009,ASIA,IN,Uttarakhand,,29.875,78.3105,,
1020587165,,Female,,,2005-02-23,2005,ASIA,IN,Uttarakhand,,29.9551,78.2161,,
1020587164,,Female,,,2005-01-14,2005,ASIA,IN,Uttarakhand,,29.9403,78.2414,,
1020587163,,Female,,,2005-01-13,2005,ASIA,IN,Uttarakhand,,29.9403,78.2414,,
1020587162,,Female,,,2006-01-18,2006,ASIA,IN,Uttarakhand,,29.9338,78.2916,,
1020587161,,Male,,,2009-10-29,2009,ASIA,IN,Uttarakhand,,29.875,78.3105,,
1020587160,,Male,,,2005-12-27,2005,ASIA,IN,Uttarakhand,,29.963,78.2142,,
1020587159,,,,,2007-04-17,2007,ASIA,IN,Uttarakhand,,29.9435,78.2783,,
1020587158,,,,,2007-04-17,2007,ASIA,IN,Uttarakhand,,29.9435,78.2783,,
1020587157,,Male,,,2005-12-27,2005,ASIA,IN,Uttarakhand,,29.9685,78.2145,,
1020587156,,,,,2006-04-10,2006,ASIA,IN,Uttarakhand,,29.9811,78.234,,
1020587155,,Female,,,2006-02-01,2006,ASIA,IN,Uttarakhand,,29.8999,78.3008,,
1020587154,,Female,,,2006-01-09,2006,ASIA,IN,Uttarakhand,,29.9421,78.2941,,
1020587153,,Female,,,2006-03-02,2006,ASIA,IN,Uttarakhand,,29.9623,78.2877,,
1020587152,,Female,,,2006-04-07,2006,ASIA,IN,Uttarakhand,,30.0048,78.2498,,
1020587151,,Male,,,2006-01-25,2006,ASIA,IN,Uttarakhand,,29.9251,78.2768,,
1020587150,,Female,,,2005-01-11,2005,ASIA,IN,Uttarakhand,,29.9623,78.2861,,
1020587149,,Male,,,2004-07-06,2004,ASIA,IN,Uttarakhand,,29.9518,78.269,,
1020587148,,,,,2007-04-17,2007,ASIA,IN,Uttarakhand,,29.9435,78.2783,,
1020587147,,Male,,,2006-02-07,2006,ASIA,IN,Uttarakhand,,29.9138,78.3074,,
1020587146,,,,,2007-04-17,2007,ASIA,IN,Uttarakhand,,29.9435,78.2783,,
1020587144,,Female,,,2007-05-06,2007,ASIA,IN,Uttarakhand,,29.9308,78.3095,,
1020587143,,Female,,,2005-02-22,2005,ASIA,IN,Uttarakhand,,29.9606,78.2102,,
1020587142,,Female,,,2006-01-10,2006,ASIA,IN,Uttarakhand,,29.9555,78.2962,,
1020587141,,Female,,,2005-02-13,2005,ASIA,IN,Uttarakhand,,29.914,78.3077,,
1020587139,,Female,,,2005-01-06,2005,ASIA,IN,Uttarakhand,,29.9702,78.2319,,
1020587135,,Female,,,2006-01-08,2006,ASIA,IN,Uttarakhand,,29.9278,78.2668,,
1020587134,,Female,,,2006-02-01,2006,ASIA,IN,Uttarakhand,,29.8999,78.3008,,
1020587133,,Male,,,2004-05-27,2004,ASIA,IN,Uttarakhand,,29.9338,78.2916,,
1020587130,,Female,,,2005-01-31,2005,ASIA,IN,Uttarakhand,,29.9622,78.2877,,
1020587129,,Female,,,2005-01-13,2005,ASIA,IN,Uttarakhand,,29.9434,78.2445,,
1020587128,,Female,,,2005-03-25,2005,ASIA,IN,Uttarakhand,,29.9457,78.2934,,
1020587127,,,,,2007-05-21,2007,ASIA,IN,Uttarakhand,,29.9488,78.2889,,
1020587126,,Female,,,2006-02-09,2006,ASIA,IN,Uttarakhand,,29.8999,78.3008,,
1020587125,,Male,,,2006-02-04,2006,ASIA,IN,Uttarakhand,,29.8999,78.3008,,
1020587123,,Female,,,2005-01-05,2005,ASIA,IN,Uttarakhand,,29.9644,78.2483,,
1020587122,,Female,,,2005-03-03,2005,ASIA,IN,Uttarakhand,,29.9702,78.2319,,
1020587121,,Female,,,2005-03-27,2005,ASIA,IN,Uttarakhand,,29.9556,78.2977,,
1020587119,,,,,2007-04-17,2007,ASIA,IN,Uttarakhand,,29.9435,78.2783,,
1020587118,,,,,2007-04-17,2007,ASIA,IN,Uttarakhand,,29.9435,78.2783,,
1020587117,,,,,2006-02-18,2006,ASIA,IN,Uttarakhand,,29.9685,78.2145,,
1020587115,,,,,2007-04-17,2007,ASIA,IN,Uttarakhand,,29.9435,78.2783,,
1020587114,,Female,,,2005-02-02,2005,ASIA,IN,Uttarakhand,,29.9338,78.2916,,
1020587113,,Female,,,2004-06-13,2004,ASIA,IN,Uttarakhand,,29.9338,78.2916,,
1020587112,,Female,,,2005-01-06,2005,ASIA,IN,Uttarakhand,,29.9403,78.2414,,
1020587110,,Female,,,2005-03-08,2005,ASIA,IN,Uttarakhand,,29.97,78.2277,,
1020587109,,Female,,,2005-02-16,2005,ASIA,IN,Uttarakhand,,29.8988,78.278,,
1020587108,,Male,,,2006-01-29,2006,ASIA,IN,Uttarakhand,,29.9308,78.3095,,
1020587104,,Female,,,2006-01-30,2006,ASIA,IN,Uttarakhand,,29.9308,78.3095,,
1020587103,,Female,,,2004-07-01,2004,ASIA,IN,Uttarakhand,,29.9518,78.269,,
1020587098,,Female,,,2005-03-03,2005,ASIA,IN,Uttarakhand,,29.9597,78.2296,,
1020587094,,Female,,,2006-03-19,2006,ASIA,IN,Uttarakhand,,29.8999,78.3008,,
1020587093,,Female,,,2005-03-08,2005,ASIA,IN,Uttarakhand,,29.97,78.2277,,
1020587092,,Female,,,2006-01-31,2006,ASIA,IN,Uttarakhand,,29.8915,78.2848,,
1020587091,,Female,,,2005-12-29,2005,ASIA,IN,Uttarakhand,,29.9533,78.2138,,
1020587090,,Female,,,2005-04-09,2005,ASIA,IN,Uttarakhand,,29.9128,78.2941,,
1020587085,,Female,,,2005-01-06,2005,ASIA,IN,Uttarakhand,,29.9403,78.2414,,
1020587069,,Female,,,2005-04-09,2005,ASIA,IN,Uttarakhand,,29.9316,78.2962,,
1020587067,,Female,,,2005-02-22,2005,ASIA,IN,Uttarakhand,,29.9434,78.2445,,
1020587063,,Female,,,2005-02-09,2005,ASIA,IN,Uttarakhand,,29.9316,78.2962,,